{
  "id": "GHSA-2qp4-g3q3-f92w",
  "summary": "Improper Locking in JetBrains Kotlin",
  "details": "In JetBrains Kotlin before 1.6.0, it was not possible to lock dependencies for Multiplatform Gradle Projects.",
  "aliases": [
    "CVE-2022-24329"
  ],
  "modified": "2023-04-11T01:20:02.207240Z",
  "published": "2022-02-26T00:00:43Z",
  "database_specific": {
    "nvd_published_at": "2022-02-25T15:15:00Z",
    "github_reviewed_at": "2022-06-20T22:37:38Z",
    "severity": "MODERATE",
    "github_reviewed": true,
    "cwe_ids": [
      "CWE-667"
    ]
  },
  "references": [
    {
      "type": "ADVISORY",
      "url": "https://nvd.nist.gov/vuln/detail/CVE-2022-24329"
    },
    {
      "type": "WEB",
      "url": "https://blog.jetbrains.com"
    },
    {
      "type": "WEB",
      "url": "https://blog.jetbrains.com/blog/2022/02/08/jetbrains-security-bulletin-q4-2021/"
    },
    {
      "type": "PACKAGE",
      "url": "https://github.com/JetBrains/kotlin"
    },
    {
      "type": "WEB",
      "url": "https://www.oracle.com/security-alerts/cpuapr2022.html"
    },
    {
      "type": "WEB",
      "url": "https://www.oracle.com/security-alerts/cpujul2022.html"
    }
  ],
  "affected": [
    {
      "package": {
        "name": "org.jetbrains.kotlin:kotlin-stdlib",
        "ecosystem": "Maven",
        "purl": "pkg:maven/org.jetbrains.kotlin/kotlin-stdlib"
      },
      "ranges": [
        {
          "type": "ECOSYSTEM",
          "events": [
            {
              "introduced": "0"
            },
            {
              "fixed": "1.6.0"
            }
          ]
        }
      ],
      "versions": [
        "0.0.1-test-deploy",
        "0.0.2-test-deploy",
        "0.10.1316",
        "0.10.195",
        "0.10.4",
        "0.10.709",
        "0.10.770",
        "0.11.91",
        "0.11.91.1",
        "0.11.91.2",
        "0.11.91.4",
        "0.12.1218",
        "0.12.1230",
        "0.12.200",
        "0.12.213",
        "0.12.412",
        "0.12.613",
        "0.13.1513",
        "0.13.1514",
        "0.13.1516",
        "0.14.449",
        "0.14.451",
        "0.5.1131",
        "0.5.998",
        "0.6.1070",
        "0.6.1315",
        "0.6.1411",
        "0.6.1507",
        "0.6.1590",
        "0.6.1603",
        "0.6.1617",
        "0.6.1658",
        "0.6.1670",
        "0.6.1673",
        "0.6.179",
        "0.6.1910",
        "0.6.22",
        "0.6.2451",
        "0.6.2517",
        "0.6.31",
        "0.6.317",
        "0.6.350",
        "0.6.594",
        "0.6.602",
        "0.6.69",
        "0.6.786",
        "0.6.800",
        "0.6.912",
        "0.7.1090",
        "0.7.115",
        "0.7.1217",
        "0.7.191",
        "0.7.258",
        "0.7.270",
        "0.7.271",
        "0.7.5",
        "0.7.802",
        "0.7.852",
        "0.7.86",
        "0.7.895",
        "0.8.11",
        "0.8.1527",
        "0.8.484",
        "0.8.679",
        "0.9.0-native",
        "0.9.1-native",
        "0.9.206",
        "0.9.66",
        "0.9.976",
        "1.0.0",
        "1.0.0-beta-1038",
        "1.0.0-beta-1103",
        "1.0.0-beta-2417",
        "1.0.0-beta-2422",
        "1.0.0-beta-2423",
        "1.0.0-beta-3593",
        "1.0.0-beta-3594",
        "1.0.0-beta-3595",
        "1.0.0-beta-4583",
        "1.0.0-beta-4584",
        "1.0.0-beta-4589",
        "1.0.0-rc-1036",
        "1.0.1",
        "1.0.1-1",
        "1.0.1-2",
        "1.0.2",
        "1.0.2-1",
        "1.0.3",
        "1.0.4",
        "1.0.5",
        "1.0.5-2",
        "1.0.5-3",
        "1.0.6",
        "1.0.7",
        "1.1.0",
        "1.1.1",
        "1.1.2",
        "1.1.2-2",
        "1.1.2-3",
        "1.1.2-4",
        "1.1.2-5",
        "1.1.3",
        "1.1.3-2",
        "1.1.4",
        "1.1.4-2",
        "1.1.4-3",
        "1.1.50",
        "1.1.51",
        "1.1.60",
        "1.1.61",
        "1.2.0",
        "1.2.10",
        "1.2.20",
        "1.2.21",
        "1.2.30",
        "1.2.31",
        "1.2.40",
        "1.2.41",
        "1.2.50",
        "1.2.51",
        "1.2.60",
        "1.2.61",
        "1.2.70",
        "1.2.71",
        "1.3.0",
        "1.3.0-rc-190",
        "1.3.0-rc-198",
        "1.3.10",
        "1.3.11",
        "1.3.20",
        "1.3.21",
        "1.3.30",
        "1.3.31",
        "1.3.40",
        "1.3.41",
        "1.3.50",
        "1.3.60",
        "1.3.61",
        "1.3.70",
        "1.3.71",
        "1.3.72",
        "1.4.0",
        "1.4.0-rc",
        "1.4.10",
        "1.4.20",
        "1.4.20-M1",
        "1.4.20-M2",
        "1.4.20-RC",
        "1.4.21",
        "1.4.21-2",
        "1.4.30",
        "1.4.30-M1",
        "1.4.30-RC",
        "1.4.31",
        "1.4.32",
        "1.5.0",
        "1.5.0-M1",
        "1.5.0-M2",
        "1.5.0-RC",
        "1.5.10",
        "1.5.20",
        "1.5.20-M1",
        "1.5.20-RC",
        "1.5.21",
        "1.5.30",
        "1.5.30-M1",
        "1.5.30-RC",
        "1.5.31",
        "1.5.32",
        "1.6.0-M1",
        "1.6.0-RC",
        "1.6.0-RC2"
      ],
      "database_specific": {
        "last_known_affected_version_range": "<= 1.5.32",
        "source": "https://github.com/github/advisory-database/blob/main/advisories/github-reviewed/2022/02/GHSA-2qp4-g3q3-f92w/GHSA-2qp4-g3q3-f92w.json"
      }
    }
  ],
  "schema_version": "1.4.0",
  "severity": [
    {
      "type": "CVSS_V3",
      "score": "CVSS:3.1/AV:N/AC:L/PR:N/UI:N/S:U/C:N/I:L/A:N"
    }
  ]
}