{
  "id": "GHSA-3jxw-cv35-2mmv",
  "summary": "Apache DolphinScheduler's python gateway suffered from improper authentication",
  "details": "On version 3.0.0 through 3.1.1, Apache DolphinScheduler's python gateway suffered from improper authentication: an attacker could use a socket bytes attack without authentication. This issue has been fixed from version 3.1.2 onwards. For users who use version 3.0.0 to 3.1.1, you can turn off the python-gateway function by changing the value `python-gateway.enabled=false` in configuration file `application.yaml`. If you are using the python gateway, please upgrade to version 3.1.2 or above.\n",
  "aliases": [
    "CVE-2023-25601"
  ],
  "modified": "2023-05-02T11:56:15.336311Z",
  "published": "2023-04-20T18:30:50Z",
  "database_specific": {
    "nvd_published_at": null,
    "github_reviewed_at": "2023-04-20T20:26:06Z",
    "severity": "MODERATE",
    "github_reviewed": true,
    "cwe_ids": [
      "CWE-287"
    ]
  },
  "references": [
    {
      "type": "ADVISORY",
      "url": "https://nvd.nist.gov/vuln/detail/CVE-2023-25601"
    },
    {
      "type": "WEB",
      "url": "https://github.com/apache/dolphinscheduler/pull/12893"
    },
    {
      "type": "PACKAGE",
      "url": "https://github.com/apache/dolphinscheduler"
    },
    {
      "type": "WEB",
      "url": "https://github.com/apache/dolphinscheduler/releases/tag/3.1.2"
    },
    {
      "type": "WEB",
      "url": "https://lists.apache.org/thread/25g77jqczp3t8cz56hk1p65q7m6c64rf"
    },
    {
      "type": "WEB",
      "url": "http://www.openwall.com/lists/oss-security/2023/04/20/10"
    }
  ],
  "affected": [
    {
      "package": {
        "name": "org.apache.dolphinscheduler:dolphinscheduler-api",
        "ecosystem": "Maven",
        "purl": "pkg:maven/org.apache.dolphinscheduler/dolphinscheduler-api"
      },
      "ranges": [
        {
          "type": "ECOSYSTEM",
          "events": [
            {
              "introduced": "3.0.0"
            },
            {
              "fixed": "3.1.2"
            }
          ]
        }
      ],
      "versions": [
        "3.0.0",
        "3.0.1",
        "3.0.2",
        "3.0.3",
        "3.0.4",
        "3.0.5",
        "3.1.0",
        "3.1.1"
      ],
      "database_specific": {
        "source": "https://github.com/github/advisory-database/blob/main/advisories/github-reviewed/2023/04/GHSA-3jxw-cv35-2mmv/GHSA-3jxw-cv35-2mmv.json"
      }
    }
  ],
  "schema_version": "1.4.0",
  "severity": [
    {
      "type": "CVSS_V3",
      "score": "CVSS:3.1/AV:N/AC:L/PR:L/UI:N/S:U/C:N/I:L/A:N"
    }
  ]
}