{
  "id": "GHSA-254q-rp36-v2m8",
  "summary": "Missing XML Validation in Apache CXF",
  "details": "The streaming XML parser in Apache CXF 2.5.x before 2.5.10, 2.6.x before 2.6.7, and 2.7.x before 2.7.4 allows remote attackers to cause a denial of service (CPU and memory consumption) via crafted XML with a large number of (1) elements, (2) attributes, (3) nested constructs, and possibly other vectors.",
  "aliases": [
    "CVE-2013-2160"
  ],
  "modified": "2023-04-11T01:33:13.541104Z",
  "published": "2022-05-13T01:09:20Z",
  "database_specific": {
    "nvd_published_at": "2013-08-19T23:55:00Z",
    "github_reviewed_at": "2022-07-08T19:08:08Z",
    "severity": "MODERATE",
    "github_reviewed": true,
    "cwe_ids": [
      "CWE-112"
    ]
  },
  "references": [
    {
      "type": "ADVISORY",
      "url": "https://nvd.nist.gov/vuln/detail/CVE-2013-2160"
    },
    {
      "type": "WEB",
      "url": "https://bugzilla.redhat.com/show_bug.cgi?id=929197"
    },
    {
      "type": "WEB",
      "url": "https://cxf.apache.org/security-advisories.data/CVE-2013-2160.txt.asc"
    },
    {
      "type": "WEB",
      "url": "https://lists.apache.org/thread.html/r36e44ffc1a9b365327df62cdfaabe85b9a5637de102cea07d79b2dbf@%3Ccommits.cxf.apache.org%3E"
    },
    {
      "type": "WEB",
      "url": "https://lists.apache.org/thread.html/rc774278135816e7afc943dc9fc78eb0764f2c84a2b96470a0187315c@%3Ccommits.cxf.apache.org%3E"
    },
    {
      "type": "WEB",
      "url": "https://lists.apache.org/thread.html/rd49aabd984ed540c8ff7916d4d79405f3fa311d2fdbcf9ed307839a6@%3Ccommits.cxf.apache.org%3E"
    },
    {
      "type": "WEB",
      "url": "https://lists.apache.org/thread.html/rec7160382badd3ef4ad017a22f64a266c7188b9ba71394f0d321e2d4@%3Ccommits.cxf.apache.org%3E"
    },
    {
      "type": "WEB",
      "url": "https://lists.apache.org/thread.html/rfb87e0bf3995e7d560afeed750fac9329ff5f1ad49da365129b7f89e@%3Ccommits.cxf.apache.org%3E"
    },
    {
      "type": "WEB",
      "url": "https://lists.apache.org/thread.html/rff42cfa5e7d75b7c1af0e37589140a8f1999e578a75738740b244bd4@%3Ccommits.cxf.apache.org%3E"
    },
    {
      "type": "WEB",
      "url": "http://jira.codehaus.org/browse/WSTX-285"
    },
    {
      "type": "WEB",
      "url": "http://jira.codehaus.org/browse/WSTX-287"
    },
    {
      "type": "WEB",
      "url": "http://rhn.redhat.com/errata/RHSA-2013-1028.html"
    },
    {
      "type": "WEB",
      "url": "http://rhn.redhat.com/errata/RHSA-2013-1437.html"
    }
  ],
  "affected": [
    {
      "package": {
        "name": "org.apache.cxf:cxf-rt-frontend-jaxrs",
        "ecosystem": "Maven",
        "purl": "pkg:maven/org.apache.cxf/cxf-rt-frontend-jaxrs"
      },
      "ranges": [
        {
          "type": "ECOSYSTEM",
          "events": [
            {
              "introduced": "2.5.0"
            },
            {
              "fixed": "2.5.10"
            }
          ]
        }
      ],
      "versions": [
        "2.5.0",
        "2.5.1",
        "2.5.2",
        "2.5.3",
        "2.5.4",
        "2.5.5",
        "2.5.6",
        "2.5.7",
        "2.5.8",
        "2.5.9"
      ],
      "database_specific": {
        "source": "https://github.com/github/advisory-database/blob/main/advisories/github-reviewed/2022/05/GHSA-254q-rp36-v2m8/GHSA-254q-rp36-v2m8.json"
      }
    },
    {
      "package": {
        "name": "org.apache.cxf:cxf-rt-frontend-jaxrs",
        "ecosystem": "Maven",
        "purl": "pkg:maven/org.apache.cxf/cxf-rt-frontend-jaxrs"
      },
      "ranges": [
        {
          "type": "ECOSYSTEM",
          "events": [
            {
              "introduced": "2.6.0"
            },
            {
              "fixed": "2.6.7"
            }
          ]
        }
      ],
      "versions": [
        "2.6.0",
        "2.6.1",
        "2.6.2",
        "2.6.3",
        "2.6.4",
        "2.6.5",
        "2.6.6"
      ],
      "database_specific": {
        "source": "https://github.com/github/advisory-database/blob/main/advisories/github-reviewed/2022/05/GHSA-254q-rp36-v2m8/GHSA-254q-rp36-v2m8.json"
      }
    },
    {
      "package": {
        "name": "org.apache.cxf:cxf-rt-frontend-jaxrs",
        "ecosystem": "Maven",
        "purl": "pkg:maven/org.apache.cxf/cxf-rt-frontend-jaxrs"
      },
      "ranges": [
        {
          "type": "ECOSYSTEM",
          "events": [
            {
              "introduced": "2.7.0"
            },
            {
              "fixed": "2.7.4"
            }
          ]
        }
      ],
      "versions": [
        "2.7.0",
        "2.7.1",
        "2.7.2",
        "2.7.3"
      ],
      "database_specific": {
        "source": "https://github.com/github/advisory-database/blob/main/advisories/github-reviewed/2022/05/GHSA-254q-rp36-v2m8/GHSA-254q-rp36-v2m8.json"
      }
    }
  ],
  "schema_version": "1.4.0"
}