{
  "id": "GHSA-3fqm-frhg-7c85",
  "summary": "Graylog user session is still usable after logout",
  "details": "### Summary\n\nIn a multi-node Graylog cluster, after a user has explicitly logged out, a user session may still be used for API requests until it has reached its original expiry time.\n\n### Details\n\nEach node maintains an in-memory cache of user sessions. Upon a cache-miss, the session is loaded from the database. After that, the node operates solely on the cached session. Modifications to sessions will update the cached version as well as the session persisted in the database. However, each node maintains their isolated version of the session.\n\nWhen the user logs out, the session is removed from the node-local cache and deleted from the database. The other nodes will however still use the cached session.\n\nThese nodes will only fail to accept the session id if they intent to update the session in the database. They will then notice that the session is gone. This is true for most API requests originating from user interaction with the Graylog UI because these will lead to an update of the session's \"last access\" timestamp.\n\nIf the session update is however prevented by setting the `X-Graylog-No-Session-Extension:true` header in the request, the node will consider the (cached) session valid until the session is expired according to its timeout setting.\n\n### PoC\nIn a 2-node setup, with both nodes behind a load balancer:\n\n1. Log in\n1. Extract the session ID from the cookie\n1. Log out and close the browser\n1. Perform the following API request repeatedly with curl (with `<session-id>` replaced with the session id from step 2 and `<lb-host>` replaced with the hostname of your load balancer):\n    ```\n    curl -I -H X-Graylog-No-Session-Extension:true https://<session-id>:session@<lb-host>/api/system/cluster/nodes\n    ```\n1. Notice that the request is sometimes rejected, but sometimes succeeds\n\n\n### Impact\n\nNo session identifiers are leaked.\n\nAfter a user has logged out, the UI shows the login screen again, which gives the user the impression that their session is not valid anymore. However, if the session becomes compromised later, it can still be used to perform API requests against the Graylog cluster. The time frame for this is limited to the configured session lifetime, starting from the time when the user logged out.\n\n\n",
  "aliases": [
    "CVE-2023-41041"
  ],
  "modified": "2023-08-31T18:49:02.320268Z",
  "published": "2023-07-06T20:47:54Z",
  "database_specific": {
    "nvd_published_at": null,
    "cwe_ids": [
      "CWE-613"
    ],
    "severity": "LOW",
    "github_reviewed": true,
    "github_reviewed_at": "2023-07-06T20:47:54Z"
  },
  "references": [
    {
      "type": "WEB",
      "url": "https://github.com/Graylog2/graylog2-server/security/advisories/GHSA-3fqm-frhg-7c85"
    },
    {
      "type": "ADVISORY",
      "url": "https://nvd.nist.gov/vuln/detail/CVE-2023-41041"
    },
    {
      "type": "WEB",
      "url": "https://github.com/Graylog2/graylog2-server/commit/bb88f3d0b2b0351669ab32c60b595ab7242a3fe3"
    },
    {
      "type": "WEB",
      "url": "https://github.com/Graylog2/graylog2-server/commit/ff90f3e2aa4ae2e0bb613d3236e52c40aa154b20"
    },
    {
      "type": "PACKAGE",
      "url": "https://github.com/Graylog2/graylog2-server"
    }
  ],
  "affected": [
    {
      "package": {
        "name": "org.graylog2:graylog2-server",
        "ecosystem": "Maven",
        "purl": "pkg:maven/org.graylog2/graylog2-server"
      },
      "ranges": [
        {
          "type": "ECOSYSTEM",
          "events": [
            {
              "introduced": "1.0"
            },
            {
              "fixed": "5.0.9"
            }
          ]
        }
      ],
      "versions": [
        "1.0.0",
        "1.0.1",
        "1.0.2",
        "1.1.0",
        "1.1.0-beta.1",
        "1.1.0-beta.2",
        "1.1.0-beta.3",
        "1.1.0-rc.1",
        "1.1.0-rc.2",
        "1.1.0-rc.3",
        "1.1.1",
        "1.1.2",
        "1.1.3",
        "1.1.4",
        "1.1.5",
        "1.1.6",
        "1.2.0",
        "1.2.0-rc.1",
        "1.2.0-rc.2",
        "1.2.0-rc.3",
        "1.2.0-rc.4",
        "1.2.1",
        "1.2.2",
        "1.3.0",
        "1.3.0-beta.1",
        "1.3.0-beta.2",
        "1.3.1",
        "1.3.2",
        "1.3.3",
        "1.3.4",
        "2.0.0",
        "2.0.0-alpha.1",
        "2.0.0-alpha.2",
        "2.0.0-alpha.3",
        "2.0.0-alpha.4",
        "2.0.0-alpha.5",
        "2.0.0-beta.1",
        "2.0.0-beta.2",
        "2.0.0-beta.3",
        "2.0.0-rc.1",
        "2.0.1",
        "2.0.2",
        "2.0.3",
        "2.1.0",
        "2.1.0-alpha.1",
        "2.1.0-alpha.2",
        "2.1.0-beta.1",
        "2.1.0-beta.2",
        "2.1.0-beta.3",
        "2.1.0-beta.4",
        "2.1.0-rc.1",
        "2.1.1",
        "2.1.2",
        "2.1.3",
        "2.2.0",
        "2.2.0-alpha.1",
        "2.2.0-alpha.2",
        "2.2.0-alpha.3",
        "2.2.0-alpha.4",
        "2.2.0-beta.1",
        "2.2.0-beta.2",
        "2.2.0-beta.3",
        "2.2.0-beta.4",
        "2.2.0-beta.5",
        "2.2.0-beta.6",
        "2.2.0-rc.1",
        "2.2.1",
        "2.2.2",
        "2.2.3",
        "2.3.0",
        "2.3.0-alpha.1",
        "2.3.0-alpha.2",
        "2.3.0-alpha.3",
        "2.3.0-beta.1",
        "2.3.0-rc.1",
        "2.3.0-rc.2",
        "2.3.1",
        "2.3.2",
        "2.4.0",
        "2.4.0-alpha.1",
        "2.4.0-alpha.2",
        "2.4.0-alpha.3",
        "2.4.0-beta.1",
        "2.4.0-beta.2",
        "2.4.0-beta.3",
        "2.4.0-beta.4",
        "2.4.0-rc.1",
        "2.4.0-rc.2",
        "2.4.1",
        "2.4.2",
        "2.4.3",
        "2.4.4",
        "2.4.5",
        "2.4.6",
        "2.4.7",
        "2.5.0",
        "2.5.0-alpha.1",
        "2.5.0-beta.1",
        "2.5.1",
        "2.5.2",
        "3.0.0",
        "3.0.0-alpha.0",
        "3.0.0-alpha.1",
        "3.0.0-alpha.2",
        "3.0.0-alpha.3",
        "3.0.0-alpha.4",
        "3.0.0-alpha.5",
        "3.0.0-beta.1",
        "3.0.0-beta.2",
        "3.0.0-beta.3",
        "3.0.0-beta.4",
        "3.0.0-rc.1",
        "3.0.0-rc.2",
        "3.0.1",
        "3.0.2",
        "3.1.0",
        "3.1.0-beta.2",
        "3.1.0-beta.3",
        "3.1.0-rc.1",
        "3.1.0-rc.2",
        "3.1.1",
        "3.1.2",
        "3.1.3",
        "3.1.4",
        "3.2.0",
        "3.2.1",
        "3.2.2",
        "3.2.3",
        "3.2.4",
        "3.2.5",
        "3.3.0",
        "3.3.0-beta.3",
        "3.3.0-rc.1",
        "3.3.10",
        "3.3.11",
        "3.3.12",
        "3.3.13",
        "3.3.14",
        "3.3.15",
        "3.3.17",
        "3.3.2",
        "3.3.3",
        "3.3.4",
        "3.3.5",
        "3.3.6",
        "3.3.7",
        "3.3.8",
        "3.3.9",
        "4.0.0",
        "4.0.0-beta.4",
        "4.0.0-rc.1",
        "4.0.0-rc.2",
        "4.0.1",
        "4.0.10",
        "4.0.11",
        "4.0.12",
        "4.0.13",
        "4.0.14",
        "4.0.16",
        "4.0.17",
        "4.0.2",
        "4.0.3",
        "4.0.4",
        "4.0.5",
        "4.0.6",
        "4.0.7",
        "4.0.8",
        "4.0.9",
        "4.1.0",
        "4.1.0-beta.1",
        "4.1.0-beta.2",
        "4.1.0-rc.1",
        "4.1.1",
        "4.1.11",
        "4.1.12",
        "4.1.13",
        "4.1.14",
        "4.1.2",
        "4.1.3",
        "4.1.4",
        "4.1.5",
        "4.1.6",
        "4.1.7",
        "4.1.8",
        "4.1.9",
        "4.2.0",
        "4.2.0-beta.1",
        "4.2.0-rc.1",
        "4.2.1",
        "4.2.10",
        "4.2.11",
        "4.2.12",
        "4.2.13",
        "4.2.2",
        "4.2.3",
        "4.2.5",
        "4.2.6",
        "4.2.7",
        "4.2.8",
        "4.2.9",
        "4.3.0",
        "4.3.1",
        "4.3.10",
        "4.3.11",
        "4.3.12",
        "4.3.13",
        "4.3.14",
        "4.3.15",
        "4.3.2",
        "4.3.3",
        "4.3.4",
        "4.3.5",
        "4.3.6",
        "4.3.7",
        "4.3.8",
        "4.3.9",
        "5.0.0",
        "5.0.1",
        "5.0.2",
        "5.0.3",
        "5.0.4",
        "5.0.5",
        "5.0.6",
        "5.0.7",
        "5.0.8"
      ],
      "database_specific": {
        "source": "https://github.com/github/advisory-database/blob/main/advisories/github-reviewed/2023/07/GHSA-3fqm-frhg-7c85/GHSA-3fqm-frhg-7c85.json"
      }
    },
    {
      "package": {
        "name": "org.graylog2:graylog2-server",
        "ecosystem": "Maven",
        "purl": "pkg:maven/org.graylog2/graylog2-server"
      },
      "ranges": [
        {
          "type": "ECOSYSTEM",
          "events": [
            {
              "introduced": "5.1.0"
            },
            {
              "fixed": "5.1.3"
            }
          ]
        }
      ],
      "versions": [
        "5.1.0",
        "5.1.1",
        "5.1.2"
      ],
      "database_specific": {
        "source": "https://github.com/github/advisory-database/blob/main/advisories/github-reviewed/2023/07/GHSA-3fqm-frhg-7c85/GHSA-3fqm-frhg-7c85.json"
      }
    }
  ],
  "schema_version": "1.4.0",
  "severity": [
    {
      "type": "CVSS_V3",
      "score": "CVSS:3.1/AV:N/AC:H/PR:L/UI:R/S:U/C:L/I:N/A:N"
    }
  ]
}