{
  "id": "GHSA-24h8-cpqm-qmf3",
  "summary": "Cross-Site Request Forgery in Jenkins Convertigo Mobile Platform Plugin",
  "details": "A cross-site request forgery (CSRF) vulnerability in Jenkins Convertigo Mobile Platform Plugin 1.1 and earlier allows attackers to connect to an attacker-specified URL.",
  "aliases": [
    "CVE-2022-34200"
  ],
  "modified": "2023-04-11T01:30:49.931184Z",
  "published": "2022-06-24T00:00:31Z",
  "database_specific": {
    "nvd_published_at": "2022-06-23T17:15:00Z",
    "github_reviewed_at": "2022-07-05T22:55:41Z",
    "severity": "MODERATE",
    "github_reviewed": true,
    "cwe_ids": [
      "CWE-352"
    ]
  },
  "references": [
    {
      "type": "ADVISORY",
      "url": "https://nvd.nist.gov/vuln/detail/CVE-2022-34200"
    },
    {
      "type": "PACKAGE",
      "url": "https://github.com/jenkinsci/convertigo-mobile-platform-plugin"
    },
    {
      "type": "WEB",
      "url": "https://www.jenkins.io/security/advisory/2022-06-22/#SECURITY-2276"
    }
  ],
  "affected": [
    {
      "package": {
        "name": "com.convertigo.jenkins.plugins:convertigo-mobile-platform",
        "ecosystem": "Maven",
        "purl": "pkg:maven/com.convertigo.jenkins.plugins/convertigo-mobile-platform"
      },
      "ranges": [
        {
          "type": "ECOSYSTEM",
          "events": [
            {
              "introduced": "0"
            },
            {
              "last_affected": "1.1"
            }
          ]
        }
      ],
      "versions": [
        "1.0",
        "1.1"
      ],
      "database_specific": {
        "source": "https://github.com/github/advisory-database/blob/main/advisories/github-reviewed/2022/06/GHSA-24h8-cpqm-qmf3/GHSA-24h8-cpqm-qmf3.json"
      }
    }
  ],
  "schema_version": "1.4.0",
  "severity": [
    {
      "type": "CVSS_V3",
      "score": "CVSS:3.1/AV:N/AC:L/PR:L/UI:N/S:U/C:N/I:L/A:N"
    }
  ]
}