{
  "id": "GHSA-49h4-g8p5-jgq6",
  "summary": "Moderate severity vulnerability that affects org.apache.juddi:juddi-client",
  "details": "After logging into the portal, the logout jsp page redirects the browser back to the login page after. It is feasible for malicious users to redirect the browser to an unintended web page in Apache jUDDI 3.1.2, 3.1.3, 3.1.4, and 3.1.5 when utilizing the portlets based user interface also known as 'Pluto', 'jUDDI Portal', 'UDDI Portal' or 'uddi-console'. User session data, credentials, and auth tokens are cleared before the redirect.",
  "aliases": [
    "CVE-2015-5241"
  ],
  "modified": "2023-04-11T01:45:35.556814Z",
  "published": "2018-10-16T19:49:32Z",
  "database_specific": {
    "nvd_published_at": null,
    "github_reviewed_at": "2020-06-16T20:57:58Z",
    "severity": "MODERATE",
    "github_reviewed": true,
    "cwe_ids": [
      "CWE-601"
    ]
  },
  "references": [
    {
      "type": "ADVISORY",
      "url": "https://nvd.nist.gov/vuln/detail/CVE-2015-5241"
    },
    {
      "type": "ADVISORY",
      "url": "https://github.com/advisories/GHSA-49h4-g8p5-jgq6"
    },
    {
      "type": "WEB",
      "url": "http://juddi.apache.org/security.html"
    }
  ],
  "affected": [
    {
      "package": {
        "name": "org.apache.juddi:juddi-client",
        "ecosystem": "Maven",
        "purl": "pkg:maven/org.apache.juddi/juddi-client"
      },
      "ranges": [
        {
          "type": "ECOSYSTEM",
          "events": [
            {
              "introduced": "3.1.2"
            },
            {
              "fixed": "3.2.0"
            }
          ]
        }
      ],
      "versions": [
        "3.1.2",
        "3.1.3",
        "3.1.4",
        "3.1.5"
      ],
      "database_specific": {
        "last_known_affected_version_range": "<= 3.1.5",
        "source": "https://github.com/github/advisory-database/blob/main/advisories/github-reviewed/2018/10/GHSA-49h4-g8p5-jgq6/GHSA-49h4-g8p5-jgq6.json"
      }
    }
  ],
  "schema_version": "1.4.0",
  "severity": [
    {
      "type": "CVSS_V3",
      "score": "CVSS:3.0/AV:N/AC:L/PR:N/UI:R/S:C/C:L/I:L/A:N"
    }
  ]
}