{
  "id": "GHSA-345p-pw5q-g98v",
  "summary": "Jenkins Google Compute Engine Plugin does not verify SSH host keys when connecting agents created by the plugin",
  "details": "Jenkins Google Compute Engine Plugin 4.1.1 and earlier does not verify SSH host keys when connecting agents created by the plugin, enabling man-in-the-middle attacks. Google Compute Engine Plugin 4.2.0 verifies SSH host keys before executing any commands on agents.",
  "aliases": [
    "CVE-2019-16546"
  ],
  "modified": "2023-04-11T01:40:32.540604Z",
  "published": "2022-05-24T17:01:41Z",
  "database_specific": {
    "nvd_published_at": "2019-11-21T15:15:00Z",
    "github_reviewed_at": "2022-12-06T21:58:57Z",
    "severity": "MODERATE",
    "github_reviewed": true,
    "cwe_ids": [
      "CWE-300",
      "CWE-639"
    ]
  },
  "references": [
    {
      "type": "ADVISORY",
      "url": "https://nvd.nist.gov/vuln/detail/CVE-2019-16546"
    },
    {
      "type": "WEB",
      "url": "https://jenkins.io/security/advisory/2019-11-21/#SECURITY-1584"
    },
    {
      "type": "WEB",
      "url": "http://www.openwall.com/lists/oss-security/2019/11/21/1"
    }
  ],
  "affected": [
    {
      "package": {
        "name": "org.jenkins-ci.plugins:google-compute-engine",
        "ecosystem": "Maven",
        "purl": "pkg:maven/org.jenkins-ci.plugins/google-compute-engine"
      },
      "ranges": [
        {
          "type": "ECOSYSTEM",
          "events": [
            {
              "introduced": "0"
            },
            {
              "fixed": "4.2.0"
            }
          ]
        }
      ],
      "versions": [
        "1.0-beta-1",
        "1.0-beta-2",
        "1.0.0",
        "1.0.1",
        "1.0.10",
        "1.0.2",
        "1.0.3",
        "1.0.4",
        "1.0.5",
        "1.0.6",
        "1.0.7",
        "1.0.8",
        "2.0.0",
        "3.0.0",
        "3.1.0",
        "3.1.1",
        "3.2.0",
        "3.3.0",
        "3.3.1",
        "3.3.2",
        "3.4.0",
        "4.0.0",
        "4.1.0",
        "4.1.1"
      ],
      "database_specific": {
        "last_known_affected_version_range": "<= 4.1.1",
        "source": "https://github.com/github/advisory-database/blob/main/advisories/github-reviewed/2022/05/GHSA-345p-pw5q-g98v/GHSA-345p-pw5q-g98v.json"
      }
    }
  ],
  "schema_version": "1.4.0",
  "severity": [
    {
      "type": "CVSS_V3",
      "score": "CVSS:3.0/AV:N/AC:H/PR:N/UI:R/S:U/C:H/I:H/A:N"
    }
  ]
}