{
  "id": "GHSA-3832-9276-x7gf",
  "summary": "Improper Certificate Validation in apache HttpClient",
  "details": "Apache Commons HttpClient 3.x, as used in Amazon Flexible Payments Service (FPS) merchant Java SDK and other products, does not verify that the server hostname matches a domain name in the subject's Common Name (CN) or subjectAltName field of the X.509 certificate, which allows man-in-the-middle attackers to spoof SSL servers via an arbitrary valid certificate.",
  "aliases": [
    "CVE-2012-5783"
  ],
  "modified": "2023-04-11T01:32:21.422844Z",
  "published": "2022-05-13T01:10:34Z",
  "database_specific": {
    "nvd_published_at": "2012-11-04T22:55:00Z",
    "github_reviewed_at": "2022-07-13T13:58:59Z",
    "severity": "MODERATE",
    "github_reviewed": true,
    "cwe_ids": [
      "CWE-295"
    ]
  },
  "references": [
    {
      "type": "ADVISORY",
      "url": "https://nvd.nist.gov/vuln/detail/CVE-2012-5783"
    },
    {
      "type": "WEB",
      "url": "https://access.redhat.com/errata/RHSA-2017:0868"
    },
    {
      "type": "WEB",
      "url": "https://exchange.xforce.ibmcloud.com/vulnerabilities/79984"
    },
    {
      "type": "PACKAGE",
      "url": "https://github.com/apache/httpcomponents-client"
    },
    {
      "type": "WEB",
      "url": "https://issues.apache.org/jira/browse/HTTPCLIENT-1265"
    },
    {
      "type": "WEB",
      "url": "http://lists.opensuse.org/opensuse-updates/2013-02/msg00078.html"
    },
    {
      "type": "WEB",
      "url": "http://lists.opensuse.org/opensuse-updates/2013-04/msg00040.html"
    },
    {
      "type": "WEB",
      "url": "http://lists.opensuse.org/opensuse-updates/2013-04/msg00041.html"
    },
    {
      "type": "WEB",
      "url": "http://lists.opensuse.org/opensuse-updates/2013-04/msg00053.html"
    },
    {
      "type": "WEB",
      "url": "http://rhn.redhat.com/errata/RHSA-2013-0270.html"
    },
    {
      "type": "WEB",
      "url": "http://rhn.redhat.com/errata/RHSA-2013-0679.html"
    },
    {
      "type": "WEB",
      "url": "http://rhn.redhat.com/errata/RHSA-2013-0680.html"
    },
    {
      "type": "WEB",
      "url": "http://rhn.redhat.com/errata/RHSA-2013-0682.html"
    },
    {
      "type": "WEB",
      "url": "http://rhn.redhat.com/errata/RHSA-2013-1853.html"
    },
    {
      "type": "WEB",
      "url": "http://rhn.redhat.com/errata/RHSA-2014-0224.html"
    },
    {
      "type": "WEB",
      "url": "http://www.cs.utexas.edu/~shmat/shmat_ccs12.pdf"
    },
    {
      "type": "WEB",
      "url": "http://www.ubuntu.com/usn/USN-2769-1"
    }
  ],
  "affected": [
    {
      "package": {
        "name": "org.apache.httpcomponents:httpclient",
        "ecosystem": "Maven",
        "purl": "pkg:maven/org.apache.httpcomponents/httpclient"
      },
      "ranges": [
        {
          "type": "ECOSYSTEM",
          "events": [
            {
              "introduced": "3.0"
            },
            {
              "fixed": "4.0"
            }
          ]
        }
      ],
      "versions": [
        "4.0-alpha1",
        "4.0-alpha2",
        "4.0-alpha3",
        "4.0-alpha4",
        "4.0-beta1",
        "4.0-beta2"
      ],
      "database_specific": {
        "source": "https://github.com/github/advisory-database/blob/main/advisories/github-reviewed/2022/05/GHSA-3832-9276-x7gf/GHSA-3832-9276-x7gf.json"
      }
    }
  ],
  "schema_version": "1.4.0"
}