{
  "id": "GHSA-3fjv-8r82-6xm9",
  "summary": "Jenkins Fortify Plugin cross-site request forgery vulnerability",
  "details": "Jenkins Fortify Plugin 22.1.38 and earlier does not perform permission checks in several HTTP endpoints.\n\nThis allows attackers with Overall/Read permission to connect to an attacker-specified URL using attacker-specified credentials IDs obtained through another method, capturing credentials stored in Jenkins.\n\nAdditionally, these HTTP endpoints do not require POST requests, resulting in a cross-site request forgery (CSRF) vulnerability.\n\nFortify Plugin 22.2.39 requires POST requests and the appropriate permissions for the affected HTTP endpoints.",
  "aliases": [
    "CVE-2023-4301"
  ],
  "modified": "2023-08-22T18:01:16.244535Z",
  "published": "2023-08-22T00:31:11Z",
  "database_specific": {
    "nvd_published_at": null,
    "cwe_ids": [
      "CWE-352"
    ],
    "severity": "MODERATE",
    "github_reviewed": true,
    "github_reviewed_at": "2023-08-22T17:54:44Z"
  },
  "references": [
    {
      "type": "ADVISORY",
      "url": "https://nvd.nist.gov/vuln/detail/CVE-2023-4301"
    },
    {
      "type": "WEB",
      "url": "https://github.com/jenkinsci/fortify-plugin/commit/357d7bfbcb0ff796ea7d078bee13159f1d000f5d"
    },
    {
      "type": "PACKAGE",
      "url": "https://github.com/jenkinsci/fortify-plugin"
    },
    {
      "type": "WEB",
      "url": "https://www.jenkins.io/security/advisory/2023-08-16/#SECURITY-3115"
    }
  ],
  "affected": [
    {
      "package": {
        "name": "org.jenkins-ci.plugins:fortify",
        "ecosystem": "Maven",
        "purl": "pkg:maven/org.jenkins-ci.plugins/fortify"
      },
      "ranges": [
        {
          "type": "ECOSYSTEM",
          "events": [
            {
              "introduced": "0"
            },
            {
              "fixed": "22.2.39"
            }
          ]
        }
      ],
      "versions": [
        "19.1.28",
        "19.1.29",
        "19.2.30",
        "20.1.32",
        "20.1.33",
        "20.2.34",
        "20.2.35",
        "21.1.36",
        "21.2.37",
        "22.1.38"
      ],
      "ecosystem_specific": {
        "affected_functions": [
          ""
        ]
      },
      "database_specific": {
        "last_known_affected_version_range": "<= 22.1.38",
        "source": "https://github.com/github/advisory-database/blob/main/advisories/github-reviewed/2023/08/GHSA-3fjv-8r82-6xm9/GHSA-3fjv-8r82-6xm9.json"
      }
    }
  ],
  "schema_version": "1.4.0",
  "severity": [
    {
      "type": "CVSS_V3",
      "score": "CVSS:3.1/AV:N/AC:H/PR:L/UI:N/S:U/C:L/I:L/A:N"
    }
  ]
}