{
  "id": "GHSA-3336-h95j-hvvf",
  "summary": "Improper Access Control in Apache CXF",
  "details": "The SAML Web SSO module in Apache CXF before 2.7.18, 3.0.x before 3.0.7, and 3.1.x before 3.1.3 allows remote authenticated users to bypass authentication via a crafted SAML response with a valid signed assertion, related to a \"wrapping attack.\"",
  "aliases": [
    "CVE-2015-5253"
  ],
  "modified": "2023-04-11T01:28:43.004069Z",
  "published": "2022-05-13T01:09:20Z",
  "database_specific": {
    "nvd_published_at": "2015-11-18T16:59:00Z",
    "github_reviewed_at": "2022-07-06T20:13:40Z",
    "severity": "MODERATE",
    "github_reviewed": true,
    "cwe_ids": [
      "CWE-284"
    ]
  },
  "references": [
    {
      "type": "ADVISORY",
      "url": "https://nvd.nist.gov/vuln/detail/CVE-2015-5253"
    },
    {
      "type": "WEB",
      "url": "https://git-wip-us.apache.org/repos/asf?p=cxf.git;a=commitdiff;h=845eccb6484b43ba02875c71e824db23ae4f20c0"
    },
    {
      "type": "WEB",
      "url": "https://lists.apache.org/thread.html/r36e44ffc1a9b365327df62cdfaabe85b9a5637de102cea07d79b2dbf@%3Ccommits.cxf.apache.org%3E"
    },
    {
      "type": "WEB",
      "url": "https://lists.apache.org/thread.html/rc774278135816e7afc943dc9fc78eb0764f2c84a2b96470a0187315c@%3Ccommits.cxf.apache.org%3E"
    },
    {
      "type": "WEB",
      "url": "https://lists.apache.org/thread.html/rd49aabd984ed540c8ff7916d4d79405f3fa311d2fdbcf9ed307839a6@%3Ccommits.cxf.apache.org%3E"
    },
    {
      "type": "WEB",
      "url": "https://lists.apache.org/thread.html/rec7160382badd3ef4ad017a22f64a266c7188b9ba71394f0d321e2d4@%3Ccommits.cxf.apache.org%3E"
    },
    {
      "type": "WEB",
      "url": "https://lists.apache.org/thread.html/rfb87e0bf3995e7d560afeed750fac9329ff5f1ad49da365129b7f89e@%3Ccommits.cxf.apache.org%3E"
    },
    {
      "type": "WEB",
      "url": "https://lists.apache.org/thread.html/rff42cfa5e7d75b7c1af0e37589140a8f1999e578a75738740b244bd4@%3Ccommits.cxf.apache.org%3E"
    },
    {
      "type": "WEB",
      "url": "http://cxf.apache.org/security-advisories.data/CVE-2015-5253.txt.asc"
    },
    {
      "type": "WEB",
      "url": "http://rhn.redhat.com/errata/RHSA-2016-0321.html"
    },
    {
      "type": "WEB",
      "url": "http://www.openwall.com/lists/oss-security/2015/11/14/1"
    }
  ],
  "affected": [
    {
      "package": {
        "name": "org.apache.cxf:cxf-core",
        "ecosystem": "Maven",
        "purl": "pkg:maven/org.apache.cxf/cxf-core"
      },
      "ranges": [
        {
          "type": "ECOSYSTEM",
          "events": [
            {
              "introduced": "0"
            },
            {
              "fixed": "2.7.18"
            }
          ]
        }
      ],
      "database_specific": {
        "last_known_affected_version_range": "<= 2.7.17",
        "source": "https://github.com/github/advisory-database/blob/main/advisories/github-reviewed/2022/05/GHSA-3336-h95j-hvvf/GHSA-3336-h95j-hvvf.json"
      },
      "versions": []
    },
    {
      "package": {
        "name": "org.apache.cxf:cxf-core",
        "ecosystem": "Maven",
        "purl": "pkg:maven/org.apache.cxf/cxf-core"
      },
      "ranges": [
        {
          "type": "ECOSYSTEM",
          "events": [
            {
              "introduced": "3.0.0"
            },
            {
              "fixed": "3.0.7"
            }
          ]
        }
      ],
      "versions": [
        "3.0.0",
        "3.0.1",
        "3.0.2",
        "3.0.3",
        "3.0.4",
        "3.0.5",
        "3.0.6"
      ],
      "database_specific": {
        "last_known_affected_version_range": "<= 3.0.6",
        "source": "https://github.com/github/advisory-database/blob/main/advisories/github-reviewed/2022/05/GHSA-3336-h95j-hvvf/GHSA-3336-h95j-hvvf.json"
      }
    },
    {
      "package": {
        "name": "org.apache.cxf:cxf-core",
        "ecosystem": "Maven",
        "purl": "pkg:maven/org.apache.cxf/cxf-core"
      },
      "ranges": [
        {
          "type": "ECOSYSTEM",
          "events": [
            {
              "introduced": "3.1.0"
            },
            {
              "fixed": "3.1.3"
            }
          ]
        }
      ],
      "versions": [
        "3.1.0",
        "3.1.1",
        "3.1.2"
      ],
      "database_specific": {
        "last_known_affected_version_range": "<= 3.1.2",
        "source": "https://github.com/github/advisory-database/blob/main/advisories/github-reviewed/2022/05/GHSA-3336-h95j-hvvf/GHSA-3336-h95j-hvvf.json"
      }
    }
  ],
  "schema_version": "1.4.0"
}