{
  "id": "GHSA-2588-cx6w-6vm6",
  "summary": "Missing permission checks in Jenkins XebiaLabs XL Release Plugin allow capturing credentials",
  "details": "Missing permission checks in Jenkins XebiaLabs XL Release Plugin 22.0.0 and earlier allow attackers with Overall/Read permission to connect to an attacker-specified HTTP server using attacker-specified credentials IDs obtained through another method, capturing credentials stored in Jenkins. XebiaLabs XL Release Plugin 22.0.1 requires Overall/Administer permission for the affected form validation methods.",
  "aliases": [
    "CVE-2022-34781"
  ],
  "modified": "2023-04-11T01:31:14.891389Z",
  "published": "2022-07-01T00:01:07Z",
  "database_specific": {
    "nvd_published_at": "2022-06-30T18:15:00Z",
    "github_reviewed_at": "2022-12-09T14:19:16Z",
    "severity": "MODERATE",
    "github_reviewed": true,
    "cwe_ids": [
      "CWE-862"
    ]
  },
  "references": [
    {
      "type": "ADVISORY",
      "url": "https://nvd.nist.gov/vuln/detail/CVE-2022-34781"
    },
    {
      "type": "PACKAGE",
      "url": "https://github.com/jenkinsci/xlrelease-plugin"
    },
    {
      "type": "WEB",
      "url": "https://www.jenkins.io/security/advisory/2022-06-30/#SECURITY-2773%20(2)"
    }
  ],
  "affected": [
    {
      "package": {
        "name": "com.xebialabs.ci:xlrelease-plugin",
        "ecosystem": "Maven",
        "purl": "pkg:maven/com.xebialabs.ci/xlrelease-plugin"
      },
      "ranges": [
        {
          "type": "ECOSYSTEM",
          "events": [
            {
              "introduced": "0"
            },
            {
              "fixed": "22.0.1"
            }
          ]
        }
      ],
      "versions": [
        "10.0.0",
        "2.2.1",
        "22.0.0",
        "4.0.11",
        "4.0.9",
        "4.5.0",
        "4.5.1",
        "4.8.0",
        "5.0.0",
        "6.0.0",
        "6.1.0",
        "6.1.1",
        "6.1.2",
        "7.5.0",
        "7.5.1",
        "7.5.2",
        "7.5.3",
        "7.5.4",
        "7.5.5",
        "7.5.6",
        "7.5.7"
      ],
      "database_specific": {
        "source": "https://github.com/github/advisory-database/blob/main/advisories/github-reviewed/2022/07/GHSA-2588-cx6w-6vm6/GHSA-2588-cx6w-6vm6.json"
      }
    }
  ],
  "schema_version": "1.4.0",
  "severity": [
    {
      "type": "CVSS_V3",
      "score": "CVSS:3.1/AV:N/AC:L/PR:L/UI:N/S:U/C:L/I:L/A:N"
    }
  ]
}