{
  "id": "GHSA-27j5-2h6r-c9q2",
  "summary": "OpenAPI Tools OpenAPI Generator uses HTTP in various files",
  "details": "OpenAPI Tools OpenAPI Generator before 4.0.0-20190419.052012-560 uses http:// URLs in various build.gradle, build.gradle.mustache, and build.sbt files, which may have caused insecurely resolved dependencies.",
  "aliases": [
    "CVE-2019-11405"
  ],
  "modified": "2023-04-11T01:44:08.208099Z",
  "published": "2022-05-24T16:44:03Z",
  "database_specific": {
    "nvd_published_at": "2019-04-22T11:29:00Z",
    "github_reviewed_at": "2022-11-22T19:04:53Z",
    "severity": "HIGH",
    "github_reviewed": true,
    "cwe_ids": [
      "CWE-311"
    ]
  },
  "references": [
    {
      "type": "ADVISORY",
      "url": "https://nvd.nist.gov/vuln/detail/CVE-2019-11405"
    },
    {
      "type": "WEB",
      "url": "https://github.com/OpenAPITools/openapi-generator/issues/2253"
    },
    {
      "type": "WEB",
      "url": "https://github.com/OpenAPITools/openapi-generator/pull/2248"
    },
    {
      "type": "WEB",
      "url": "https://github.com/OpenAPITools/openapi-generator/pull/2697"
    },
    {
      "type": "PACKAGE",
      "url": "https://github.com/OpenAPITools/openapi-generator"
    }
  ],
  "affected": [
    {
      "package": {
        "name": "org.openapitools:openapi-generator",
        "ecosystem": "Maven",
        "purl": "pkg:maven/org.openapitools/openapi-generator"
      },
      "ranges": [
        {
          "type": "ECOSYSTEM",
          "events": [
            {
              "introduced": "0"
            },
            {
              "fixed": "4.0.0-20190419.052012-560"
            }
          ]
        }
      ],
      "versions": [
        "3.0.0",
        "3.0.1",
        "3.0.2",
        "3.0.3",
        "3.1.0",
        "3.1.1",
        "3.1.2",
        "3.2.0",
        "3.2.1",
        "3.2.2",
        "3.2.3",
        "3.3.0",
        "3.3.1",
        "3.3.2",
        "3.3.3",
        "3.3.4",
        "4.0.0",
        "4.0.0-beta",
        "4.0.0-beta2",
        "4.0.0-beta3"
      ],
      "database_specific": {
        "source": "https://github.com/github/advisory-database/blob/main/advisories/github-reviewed/2022/05/GHSA-27j5-2h6r-c9q2/GHSA-27j5-2h6r-c9q2.json"
      }
    }
  ],
  "schema_version": "1.4.0",
  "severity": [
    {
      "type": "CVSS_V3",
      "score": "CVSS:3.0/AV:N/AC:H/PR:N/UI:N/S:U/C:H/I:H/A:N"
    }
  ]
}