{
  "id": "GHSA-372f-jc47-7gr5",
  "summary": "Missing permission check in Jenkins Conjur Secrets Plugin allows enumerating credentials IDs",
  "details": "Conjur Secrets Plugin 1.0.11 and earlier does not perform a permission check in an HTTP endpoint.\n\nThis allows attackers with Overall/Read permission to enumerate credentials IDs of credentials stored in Jenkins. Those can be used as part of an attack to capture the credentials using another vulnerability.",
  "aliases": [
    "CVE-2022-25190"
  ],
  "modified": "2023-04-11T01:34:04.354856Z",
  "published": "2022-02-16T00:01:26Z",
  "database_specific": {
    "nvd_published_at": "2022-02-15T17:15:00Z",
    "github_reviewed_at": "2022-12-01T23:00:11Z",
    "severity": "MODERATE",
    "github_reviewed": true,
    "cwe_ids": [
      "CWE-862"
    ]
  },
  "references": [
    {
      "type": "ADVISORY",
      "url": "https://nvd.nist.gov/vuln/detail/CVE-2022-25190"
    },
    {
      "type": "WEB",
      "url": "https://github.com/jenkinsci/conjur-credentials-plugin/commit/eda06cde26cdf2d40ae4e2f4d2709e8174489068"
    },
    {
      "type": "PACKAGE",
      "url": "https://github.com/jenkinsci/conjur-credentials-plugin"
    },
    {
      "type": "WEB",
      "url": "https://www.jenkins.io/security/advisory/2022-02-15/#SECURITY-2350"
    }
  ],
  "affected": [
    {
      "package": {
        "name": "org.conjur.jenkins:conjur-credentials",
        "ecosystem": "Maven",
        "purl": "pkg:maven/org.conjur.jenkins/conjur-credentials"
      },
      "ranges": [
        {
          "type": "ECOSYSTEM",
          "events": [
            {
              "introduced": "0"
            },
            {
              "fixed": "1.0.12"
            }
          ]
        }
      ],
      "versions": [
        "1.0.10",
        "1.0.11",
        "1.0.2",
        "1.0.4",
        "1.0.5",
        "1.0.6",
        "1.0.7",
        "1.0.8",
        "1.0.9"
      ],
      "database_specific": {
        "source": "https://github.com/github/advisory-database/blob/main/advisories/github-reviewed/2022/02/GHSA-372f-jc47-7gr5/GHSA-372f-jc47-7gr5.json"
      }
    }
  ],
  "schema_version": "1.4.0",
  "severity": [
    {
      "type": "CVSS_V3",
      "score": "CVSS:3.1/AV:N/AC:L/PR:L/UI:N/S:U/C:L/I:N/A:N"
    }
  ]
}