{
  "id": "GHSA-2463-7265-h8r4",
  "summary": "Jenkins Matrix Reloaded Plugin vulnerable to Stored XSS",
  "details": "Jenkins Matrix Reloaded Plugin 1.1.3 and earlier does not escape the agent name in tooltips, resulting in a stored cross-site scripting (XSS) vulnerability exploitable by attackers with Agent/Configure permission.",
  "aliases": [
    "CVE-2022-34788"
  ],
  "modified": "2023-04-11T01:43:09.570032Z",
  "published": "2022-07-01T00:01:07Z",
  "database_specific": {
    "nvd_published_at": "2022-06-30T18:15:00Z",
    "github_reviewed_at": "2022-12-09T14:28:53Z",
    "severity": "HIGH",
    "github_reviewed": true,
    "cwe_ids": [
      "CWE-79"
    ]
  },
  "references": [
    {
      "type": "ADVISORY",
      "url": "https://nvd.nist.gov/vuln/detail/CVE-2022-34788"
    },
    {
      "type": "PACKAGE",
      "url": "https://github.com/jenkinsci/matrix-reloaded-plugin"
    },
    {
      "type": "WEB",
      "url": "https://www.jenkins.io/security/advisory/2022-06-30/#SECURITY-1926"
    }
  ],
  "affected": [
    {
      "package": {
        "name": "net.praqma:matrix-reloaded",
        "ecosystem": "Maven",
        "purl": "pkg:maven/net.praqma/matrix-reloaded"
      },
      "ranges": [
        {
          "type": "ECOSYSTEM",
          "events": [
            {
              "introduced": "0"
            },
            {
              "last_affected": "1.1.3"
            }
          ]
        }
      ],
      "versions": [
        "1.0.0",
        "1.0.1",
        "1.0.2",
        "1.1.0",
        "1.1.1",
        "1.1.2",
        "1.1.3"
      ],
      "database_specific": {
        "source": "https://github.com/github/advisory-database/blob/main/advisories/github-reviewed/2022/07/GHSA-2463-7265-h8r4/GHSA-2463-7265-h8r4.json"
      }
    }
  ],
  "schema_version": "1.4.0",
  "severity": [
    {
      "type": "CVSS_V3",
      "score": "CVSS:3.1/AV:N/AC:H/PR:L/UI:R/S:U/C:H/I:H/A:H"
    }
  ]
}