{
  "id": "GHSA-368x-wmmg-hq5c",
  "summary": "Apollo has potential access control security issue in eureka",
  "details": "### Impact\nIf users expose the apollo-configservice to the internet (which is not recommended), there are potential security issues since there is no authentication feature enabled for the built-in eureka service. Malicious hackers may access eureka directly to mock apollo-configservice and apollo-adminservice .\n\n### Patches\nLogin authentication for eureka was added in https://github.com/apolloconfig/apollo/pull/4663 and was released in [v2.1.0](https://github.com/apolloconfig/apollo/releases/tag/v2.1.0).\n\n### Workarounds\nTo fix the potential issue without upgrading, simply follow the advice that does not expose apollo-configservice to the internet.\n\n### References\n[Apollo Security Guidence](https://www.apolloconfig.com/#/en/usage/apollo-user-guide?id=_71-security-related)\n\n### For more information\nIf you have any questions or comments about this advisory:\n* Open an issue in [issue](https://github.com/apolloconfig/apollo/issues)\n* Email us at [apollo-config@googlegroups.com](mailto:apollo-config@googlegroups.com)\n",
  "aliases": [
    "CVE-2023-25570"
  ],
  "modified": "2023-04-11T01:36:21.886892Z",
  "published": "2023-02-22T21:58:33Z",
  "database_specific": {
    "nvd_published_at": "2023-02-20T16:15:00Z",
    "github_reviewed_at": "2023-02-22T21:58:33Z",
    "severity": "HIGH",
    "github_reviewed": true,
    "cwe_ids": [
      "CWE-306"
    ]
  },
  "references": [
    {
      "type": "WEB",
      "url": "https://github.com/apolloconfig/apollo/security/advisories/GHSA-368x-wmmg-hq5c"
    },
    {
      "type": "ADVISORY",
      "url": "https://nvd.nist.gov/vuln/detail/CVE-2023-25570"
    },
    {
      "type": "WEB",
      "url": "https://github.com/apolloconfig/apollo/pull/4663"
    },
    {
      "type": "WEB",
      "url": "https://github.com/apolloconfig/apollo/commit/7df79bf8df6960433ed4ff782a54e3dfc74632bd"
    },
    {
      "type": "PACKAGE",
      "url": "https://github.com/apolloconfig/apollo"
    },
    {
      "type": "WEB",
      "url": "https://github.com/apolloconfig/apollo/releases/tag/v2.1.0"
    }
  ],
  "affected": [
    {
      "package": {
        "name": "com.ctrip.framework.apollo:apollo",
        "ecosystem": "Maven",
        "purl": "pkg:maven/com.ctrip.framework.apollo/apollo"
      },
      "ranges": [
        {
          "type": "ECOSYSTEM",
          "events": [
            {
              "introduced": "0"
            },
            {
              "fixed": "2.1.0"
            }
          ]
        }
      ],
      "versions": [
        "1.0.0",
        "1.1.0",
        "1.1.1",
        "1.1.2",
        "1.2.0",
        "1.3.0",
        "1.4.0",
        "1.5.0",
        "1.5.1",
        "1.6.0",
        "1.6.2",
        "1.7.0",
        "1.8.0",
        "1.9.0",
        "1.9.1",
        "1.9.2",
        "2.0.0",
        "2.0.0-RC1",
        "2.0.1"
      ],
      "database_specific": {
        "source": "https://github.com/github/advisory-database/blob/main/advisories/github-reviewed/2023/02/GHSA-368x-wmmg-hq5c/GHSA-368x-wmmg-hq5c.json"
      }
    }
  ],
  "schema_version": "1.4.0",
  "severity": [
    {
      "type": "CVSS_V3",
      "score": "CVSS:3.1/AV:N/AC:L/PR:N/UI:N/S:U/C:N/I:H/A:N"
    }
  ]
}