{
  "id": "GHSA-3f82-v3qw-53q7",
  "summary": "Passwords transmitted in plain text by Jenkins Stash Branch Parameter Plugin",
  "details": "Stash Branch Parameter Plugin stores Stash API passwords in its global configuration file `org.jenkinsci.plugins.StashBranchParameter.StashBranchParameterDefinition.xml` on the Jenkins controller as part of its configuration.\n\nWhile the password is stored encrypted on disk, it is transmitted in plain text as part of the configuration form by Stash Branch Parameter Plugin 0.3.0 and earlier. This can result in exposure of the password through browser extensions, cross-site scripting vulnerabilities, and similar situations.\n\nThis only affects Jenkins before 2.236, including 2.235.x LTS, as Jenkins 2.236 introduces a security hardening that transparently encrypts and decrypts data used for a Jenkins password form field.",
  "aliases": [
    "CVE-2020-2210"
  ],
  "modified": "2023-04-11T01:30:43.636714Z",
  "published": "2022-05-24T17:22:19Z",
  "database_specific": {
    "nvd_published_at": "2020-07-02T15:15:00Z",
    "github_reviewed_at": "2022-12-29T00:33:51Z",
    "severity": "LOW",
    "github_reviewed": true,
    "cwe_ids": [
      "CWE-319"
    ]
  },
  "references": [
    {
      "type": "ADVISORY",
      "url": "https://nvd.nist.gov/vuln/detail/CVE-2020-2210"
    },
    {
      "type": "PACKAGE",
      "url": "https://github.com/jenkinsci/stash-branch-parameters-plugin"
    },
    {
      "type": "WEB",
      "url": "https://jenkins.io/security/advisory/2020-07-02/#SECURITY-1656"
    },
    {
      "type": "WEB",
      "url": "http://www.openwall.com/lists/oss-security/2020/07/02/7"
    }
  ],
  "affected": [
    {
      "package": {
        "name": "org.jenkins-ci.plugins:StashBranchParameter",
        "ecosystem": "Maven",
        "purl": "pkg:maven/org.jenkins-ci.plugins/StashBranchParameter"
      },
      "ranges": [
        {
          "type": "ECOSYSTEM",
          "events": [
            {
              "introduced": "0"
            },
            {
              "last_affected": "0.3.0"
            }
          ]
        }
      ],
      "versions": [
        "0.1.3",
        "0.1.5",
        "0.2.0",
        "0.3.0"
      ],
      "database_specific": {
        "source": "https://github.com/github/advisory-database/blob/main/advisories/github-reviewed/2022/05/GHSA-3f82-v3qw-53q7/GHSA-3f82-v3qw-53q7.json"
      }
    }
  ],
  "schema_version": "1.4.0",
  "severity": [
    {
      "type": "CVSS_V3",
      "score": "CVSS:3.1/AV:N/AC:H/PR:N/UI:R/S:U/C:L/I:N/A:N"
    }
  ]
}