{
  "id": "GHSA-29qj-rvv6-qrmv",
  "summary": "Cross-site scripting in RESTEasy",
  "details": "A cross-site scripting (XSS) flaw was found in RESTEasy in versions before 3.11.1.Final and before 4.5.3.Final, where it did not properly handle URL encoding when the RESTEASY003870 exception occurs. An attacker could use this flaw to launch a reflected XSS attack.",
  "aliases": [
    "CVE-2020-10688"
  ],
  "modified": "2023-04-11T01:12:16.444191Z",
  "published": "2021-06-15T16:05:22Z",
  "database_specific": {
    "nvd_published_at": "2021-05-27T19:15:00Z",
    "github_reviewed_at": "2021-06-01T20:09:20Z",
    "severity": "MODERATE",
    "github_reviewed": true,
    "cwe_ids": [
      "CWE-79"
    ]
  },
  "references": [
    {
      "type": "ADVISORY",
      "url": "https://nvd.nist.gov/vuln/detail/CVE-2020-10688"
    },
    {
      "type": "WEB",
      "url": "https://github.com/quarkusio/quarkus/issues/7248"
    },
    {
      "type": "WEB",
      "url": "https://bugzilla.redhat.com/show_bug.cgi?id=1814974"
    },
    {
      "type": "WEB",
      "url": "https://issues.redhat.com/browse/RESTEASY-2519"
    },
    {
      "type": "WEB",
      "url": "https://security.netapp.com/advisory/ntap-20210706-0008/"
    }
  ],
  "affected": [
    {
      "package": {
        "name": "org.jboss.resteasy:resteasy-bom",
        "ecosystem": "Maven",
        "purl": "pkg:maven/org.jboss.resteasy/resteasy-bom"
      },
      "ranges": [
        {
          "type": "ECOSYSTEM",
          "events": [
            {
              "introduced": "0"
            },
            {
              "fixed": "3.11.1.Final"
            }
          ]
        }
      ],
      "versions": [
        "1.2.1.GA",
        "1.2.GA",
        "2.0-RC1",
        "2.0-beta-1",
        "2.0-beta-2",
        "2.0-beta-3",
        "2.0-beta-4",
        "2.0.0.GA",
        "2.0.1.GA",
        "2.1-beta-1",
        "2.1.0.GA",
        "2.2-RC-1",
        "2.2-beta-1",
        "2.2.0.GA",
        "2.2.1.GA",
        "2.2.2.GA",
        "2.2.3.GA",
        "2.3-RC1",
        "2.3-beta-1",
        "2.3.0.GA",
        "2.3.1.GA",
        "2.3.10.Final",
        "2.3.2.Final",
        "2.3.3.Final",
        "2.3.4.Final",
        "2.3.5.Final",
        "2.3.6.Final",
        "2.3.7.Final",
        "3.0-beta-1",
        "3.0-beta-2",
        "3.0-beta-3",
        "3.0-beta-4",
        "3.0-beta-5",
        "3.0-beta-6",
        "3.0-rc-1",
        "3.0.0.Final",
        "3.0.1.Final",
        "3.0.10.Final",
        "3.0.11.Final",
        "3.0.12.Final",
        "3.0.13.Final",
        "3.0.14.Final",
        "3.0.15.Final",
        "3.0.16.Final",
        "3.0.17.Final",
        "3.0.18.Final",
        "3.0.19.Final",
        "3.0.2.Final",
        "3.0.20.Final",
        "3.0.21.Final",
        "3.0.22.Final",
        "3.0.23.Final",
        "3.0.24.Final",
        "3.0.26.Final",
        "3.0.3.Final",
        "3.0.4.Final",
        "3.0.5.Final",
        "3.0.6.Final",
        "3.0.7.Final",
        "3.0.8.Final",
        "3.0.9.Final",
        "3.1.0.Beta1",
        "3.1.0.Beta2",
        "3.1.0.CR1",
        "3.1.0.CR2",
        "3.1.0.CR3",
        "3.1.0.Final",
        "3.1.1.Final",
        "3.1.2.Final",
        "3.1.3.Final",
        "3.1.4.Final",
        "3.10.0.Final",
        "3.11.0.Final",
        "3.5.0.CR1",
        "3.5.0.CR2",
        "3.5.0.CR3",
        "3.5.0.CR4",
        "3.5.0.Final",
        "3.5.1.Final",
        "3.6.0.CR1",
        "3.6.0.Final",
        "3.6.1.Final",
        "3.6.1.SP1",
        "3.6.1.SP2",
        "3.6.1.SP3",
        "3.6.1.SP5",
        "3.6.1.SP6",
        "3.6.1.SP7",
        "3.6.1.SP8",
        "3.6.2.Final",
        "3.6.3.Final",
        "3.6.3.SP1",
        "3.7.0.Final",
        "3.8.0.Final",
        "3.8.1.Final",
        "3.9.0.Final",
        "3.9.1.Final",
        "3.9.2.Final",
        "3.9.3.Final",
        "3.9.3.SP1"
      ],
      "database_specific": {
        "last_known_affected_version_range": "<= 3.11.0.Final",
        "source": "https://github.com/github/advisory-database/blob/main/advisories/github-reviewed/2021/06/GHSA-29qj-rvv6-qrmv/GHSA-29qj-rvv6-qrmv.json"
      }
    },
    {
      "package": {
        "name": "org.jboss.resteasy:resteasy-bom",
        "ecosystem": "Maven",
        "purl": "pkg:maven/org.jboss.resteasy/resteasy-bom"
      },
      "ranges": [
        {
          "type": "ECOSYSTEM",
          "events": [
            {
              "introduced": "4.0.0"
            },
            {
              "fixed": "4.5.3.Final"
            }
          ]
        }
      ],
      "versions": [
        "4.0.0.Final",
        "4.1.0.Final",
        "4.1.1.Final",
        "4.2.0.Final",
        "4.3.0.Final",
        "4.3.1.Final",
        "4.4.0.CR1",
        "4.4.0.Final",
        "4.4.1.Final",
        "4.4.2.Final",
        "4.4.3.Final",
        "4.5.0.Final",
        "4.5.1.Final",
        "4.5.2.Final"
      ],
      "database_specific": {
        "last_known_affected_version_range": "<= 4.5.2.Final",
        "source": "https://github.com/github/advisory-database/blob/main/advisories/github-reviewed/2021/06/GHSA-29qj-rvv6-qrmv/GHSA-29qj-rvv6-qrmv.json"
      }
    },
    {
      "package": {
        "name": "org.jboss.resteasy:resteasy-core",
        "ecosystem": "Maven",
        "purl": "pkg:maven/org.jboss.resteasy/resteasy-core"
      },
      "ranges": [
        {
          "type": "ECOSYSTEM",
          "events": [
            {
              "introduced": "0"
            },
            {
              "fixed": "3.11.1.Final"
            }
          ]
        }
      ],
      "database_specific": {
        "last_known_affected_version_range": "<= 3.11.0.Final",
        "source": "https://github.com/github/advisory-database/blob/main/advisories/github-reviewed/2021/06/GHSA-29qj-rvv6-qrmv/GHSA-29qj-rvv6-qrmv.json"
      },
      "versions": []
    },
    {
      "package": {
        "name": "org.jboss.resteasy:resteasy-core",
        "ecosystem": "Maven",
        "purl": "pkg:maven/org.jboss.resteasy/resteasy-core"
      },
      "ranges": [
        {
          "type": "ECOSYSTEM",
          "events": [
            {
              "introduced": "4.0.0"
            },
            {
              "fixed": "4.5.3.Final"
            }
          ]
        }
      ],
      "versions": [
        "4.0.0.Final",
        "4.1.0.Final",
        "4.1.1.Final",
        "4.2.0.Final",
        "4.3.0.Final",
        "4.3.1.Final",
        "4.4.0.CR1",
        "4.4.0.Final",
        "4.4.1.Final",
        "4.4.2.Final",
        "4.4.3.Final",
        "4.5.0.Final",
        "4.5.1.Final",
        "4.5.2.Final"
      ],
      "database_specific": {
        "last_known_affected_version_range": "<= 4.5.2.Final",
        "source": "https://github.com/github/advisory-database/blob/main/advisories/github-reviewed/2021/06/GHSA-29qj-rvv6-qrmv/GHSA-29qj-rvv6-qrmv.json"
      }
    }
  ],
  "schema_version": "1.4.0",
  "severity": [
    {
      "type": "CVSS_V3",
      "score": "CVSS:3.1/AV:N/AC:L/PR:N/UI:R/S:U/C:L/I:L/A:N"
    }
  ]
}