{
  "id": "GHSA-3xf9-pgc2-mr9c",
  "summary": "Jenkins SAML Single Sign On(SSO) Plugin missing permission checks",
  "details": "Jenkins SAML Single Sign On(SSO) Plugin 2.0.2 and earlier does not perform permission checks in multiple HTTP endpoints.\n\nThis allows attackers with Overall/Read permission to send an HTTP request to an attacker-specified URL and parse the response as XML, or parse a local file on the Jenkins controller as XML.\n\nAs the plugin does not configure its XML parser to prevent XML external entity (XXE) attacks, attackers can have Jenkins parse a crafted XML response that uses external entities for extraction of secrets from the Jenkins controller or server-side request forgery.\n\nAdditionally, these HTTP endpoints do not require POST requests, resulting in a cross-site request forgery (CSRF) vulnerability.\n\nSAML Single Sign On(SSO) Plugin 2.1.0 requires POST requests and Overall/Administer permission for the affected HTTP endpoints.",
  "aliases": [
    "CVE-2023-32992"
  ],
  "modified": "2023-05-26T18:04:24.736109Z",
  "published": "2023-05-16T18:30:16Z",
  "database_specific": {
    "nvd_published_at": null,
    "cwe_ids": [
      "CWE-732"
    ],
    "severity": "HIGH",
    "github_reviewed": true,
    "github_reviewed_at": "2023-05-17T03:32:33Z"
  },
  "references": [
    {
      "type": "ADVISORY",
      "url": "https://nvd.nist.gov/vuln/detail/CVE-2023-32992"
    },
    {
      "type": "WEB",
      "url": "https://www.jenkins.io/security/advisory/2023-05-16/#SECURITY-2993"
    }
  ],
  "affected": [
    {
      "package": {
        "name": "io.jenkins.plugins:miniorange-saml-sp",
        "ecosystem": "Maven",
        "purl": "pkg:maven/io.jenkins.plugins/miniorange-saml-sp"
      },
      "ranges": [
        {
          "type": "ECOSYSTEM",
          "events": [
            {
              "introduced": "0"
            },
            {
              "fixed": "2.1.0"
            }
          ]
        }
      ],
      "versions": [
        "1.0.1",
        "1.0.10",
        "1.0.11",
        "1.0.14",
        "1.0.15",
        "1.0.16",
        "1.0.18",
        "1.0.19",
        "1.0.2",
        "1.0.3",
        "1.0.4",
        "1.0.5",
        "1.0.9",
        "2.0.0",
        "2.0.1",
        "2.0.2"
      ],
      "database_specific": {
        "source": "https://github.com/github/advisory-database/blob/main/advisories/github-reviewed/2023/05/GHSA-3xf9-pgc2-mr9c/GHSA-3xf9-pgc2-mr9c.json"
      }
    }
  ],
  "schema_version": "1.4.0",
  "severity": [
    {
      "type": "CVSS_V3",
      "score": "CVSS:3.1/AV:N/AC:L/PR:L/UI:N/S:U/C:H/I:L/A:N"
    }
  ]
}