{
  "id": "GHSA-3gv7-3h64-78cm",
  "summary": "Exposure of Sensitive Information to an Unauthorized Actor in Apache Tomcat",
  "details": "A bug in the handling of the pipelined requests in Apache Tomcat 9.0.0.M1 to 9.0.0.M18, 8.5.0 to 8.5.12, 8.0.0.RC1 to 8.0.42, 7.0.0 to 7.0.76, and 6.0.0 to 6.0.52, when send file was used, results in the pipelined request being lost when send file processing of the previous request completed. This could result in responses appearing to be sent for the wrong request. For example, a user agent that sent requests A, B and C could see the correct response for request A, the response for request C for request B and no response for request C.",
  "aliases": [
    "CVE-2017-5647"
  ],
  "modified": "2023-04-11T01:37:08.686973Z",
  "published": "2022-05-14T01:10:16Z",
  "database_specific": {
    "nvd_published_at": "2017-04-17T16:59:00Z",
    "github_reviewed_at": "2022-07-01T16:52:06Z",
    "severity": "HIGH",
    "github_reviewed": true,
    "cwe_ids": [
      "CWE-200"
    ]
  },
  "references": [
    {
      "type": "ADVISORY",
      "url": "https://nvd.nist.gov/vuln/detail/CVE-2017-5647"
    },
    {
      "type": "WEB",
      "url": "https://access.redhat.com/errata/RHSA-2017:1801"
    },
    {
      "type": "WEB",
      "url": "https://access.redhat.com/errata/RHSA-2017:1802"
    },
    {
      "type": "WEB",
      "url": "https://access.redhat.com/errata/RHSA-2017:2493"
    },
    {
      "type": "WEB",
      "url": "https://access.redhat.com/errata/RHSA-2017:2494"
    },
    {
      "type": "WEB",
      "url": "https://access.redhat.com/errata/RHSA-2017:3080"
    },
    {
      "type": "WEB",
      "url": "https://access.redhat.com/errata/RHSA-2017:3081"
    },
    {
      "type": "WEB",
      "url": "https://h20566.www2.hpe.com/hpsc/doc/public/display?docLocale=en_US&docId=emr_na-hpesbhf03730en_us"
    },
    {
      "type": "WEB",
      "url": "https://lists.apache.org/thread.html/343558d982879bf88ec20dbf707f8c11255f8e219e81d45c4f8d0551@%3Cdev.tomcat.apache.org%3E"
    },
    {
      "type": "WEB",
      "url": "https://lists.apache.org/thread.html/37220405a377c0182d2afdbc36461c4783b2930fbeae3a17f1333113@%3Cdev.tomcat.apache.org%3E"
    },
    {
      "type": "WEB",
      "url": "https://lists.apache.org/thread.html/388a323769f1dff84c9ec905455aa73fbcb20338e3c7eb131457f708@%3Cdev.tomcat.apache.org%3E"
    },
    {
      "type": "WEB",
      "url": "https://lists.apache.org/thread.html/39ae1f0bd5867c15755a6f959b271ade1aea04ccdc3b2e639dcd903b@%3Cdev.tomcat.apache.org%3E"
    },
    {
      "type": "WEB",
      "url": "https://lists.apache.org/thread.html/3d19773b4cf0377db62d1e9328bf9160bf1819f04f988315086931d7@%3Cdev.tomcat.apache.org%3E"
    },
    {
      "type": "WEB",
      "url": "https://lists.apache.org/thread.html/5796678c5a773c6f3ff57c178ac247d85ceca0dee9190ba48171451a@%3Cusers.tomcat.apache.org%3E"
    },
    {
      "type": "WEB",
      "url": "https://lists.apache.org/thread.html/5c0e00fd31efc11e147bf99d0f03c00a734447d3b131ab0818644cdb@%3Cdev.tomcat.apache.org%3E"
    },
    {
      "type": "WEB",
      "url": "https://lists.apache.org/thread.html/6af47120905aa7d8fe12f42e8ff2284fb338ba141d3b77b8c7cb61b3@%3Cdev.tomcat.apache.org%3E"
    },
    {
      "type": "WEB",
      "url": "https://lists.apache.org/thread.html/845312a10aabbe2c499fca94003881d2c79fc993d85f34c1f5c77424@%3Cdev.tomcat.apache.org%3E"
    },
    {
      "type": "WEB",
      "url": "https://lists.apache.org/thread.html/88855876c33f2f9c532ffb75bfee570ccf0b17ffa77493745af9a17a@%3Cdev.tomcat.apache.org%3E"
    },
    {
      "type": "WEB",
      "url": "https://lists.apache.org/thread.html/b5e3f51d28cd5d9b1809f56594f2cf63dcd6a90429e16ea9f83bbedc@%3Cdev.tomcat.apache.org%3E"
    },
    {
      "type": "WEB",
      "url": "https://lists.apache.org/thread.html/b84ad1258a89de5c9c853c7f2d3ad77e5b8b2930be9e132d5cef6b95@%3Cdev.tomcat.apache.org%3E"
    },
    {
      "type": "WEB",
      "url": "https://lists.apache.org/thread.html/b8a1bf18155b552dcf9a928ba808cbadad84c236d85eab3033662cfb@%3Cdev.tomcat.apache.org%3E"
    },
    {
      "type": "WEB",
      "url": "https://lists.apache.org/thread.html/eb6efa8d59c45a7a9eff94c4b925467d3b3fec8ba7697f3daa314b04@%3Cdev.tomcat.apache.org%3E"
    },
    {
      "type": "WEB",
      "url": "https://lists.apache.org/thread.html/r03c597a64de790ba42c167efacfa23300c3d6c9fe589ab87fe02859c@%3Cdev.tomcat.apache.org%3E"
    },
    {
      "type": "WEB",
      "url": "https://lists.apache.org/thread.html/r3bbb800a816d0a51eccc5a228c58736960a9fffafa581a225834d97d@%3Cdev.tomcat.apache.org%3E"
    },
    {
      "type": "WEB",
      "url": "https://lists.apache.org/thread.html/r48c1444845fe15a823e1374674bfc297d5008a5453788099ea14caf0@%3Cdev.tomcat.apache.org%3E"
    },
    {
      "type": "WEB",
      "url": "https://lists.apache.org/thread.html/r587e50b86c1a96ee301f751d50294072d142fd6dc08a8987ae9f3a9b@%3Cdev.tomcat.apache.org%3E"
    },
    {
      "type": "WEB",
      "url": "https://lists.apache.org/thread.html/r9136ff5b13e4f1941360b5a309efee2c114a14855578c3a2cbe5d19c@%3Cdev.tomcat.apache.org%3E"
    },
    {
      "type": "WEB",
      "url": "https://security.gentoo.org/glsa/201705-09"
    },
    {
      "type": "WEB",
      "url": "https://security.netapp.com/advisory/ntap-20180614-0001/"
    },
    {
      "type": "WEB",
      "url": "https://www.oracle.com/technetwork/security-advisory/cpujul2019-5072835.html"
    },
    {
      "type": "WEB",
      "url": "http://www.arubanetworks.com/assets/alert/HPESBHF03730.txt"
    },
    {
      "type": "WEB",
      "url": "http://www.debian.org/security/2017/dsa-3842"
    },
    {
      "type": "WEB",
      "url": "http://www.debian.org/security/2017/dsa-3843"
    },
    {
      "type": "WEB",
      "url": "http://www.oracle.com/technetwork/security-advisory/cpujul2017-3236622.html"
    },
    {
      "type": "WEB",
      "url": "http://www.securitytracker.com/id/1038218"
    }
  ],
  "affected": [
    {
      "package": {
        "name": "org.apache.tomcat:tomcat",
        "ecosystem": "Maven",
        "purl": "pkg:maven/org.apache.tomcat/tomcat"
      },
      "ranges": [
        {
          "type": "ECOSYSTEM",
          "events": [
            {
              "introduced": "9.0.0.M1"
            },
            {
              "fixed": "9.0.0.M19"
            }
          ]
        }
      ],
      "versions": [
        "9.0.0.M1",
        "9.0.0.M10",
        "9.0.0.M11",
        "9.0.0.M13",
        "9.0.0.M15",
        "9.0.0.M17",
        "9.0.0.M18",
        "9.0.0.M3",
        "9.0.0.M4",
        "9.0.0.M6",
        "9.0.0.M8",
        "9.0.0.M9"
      ],
      "database_specific": {
        "last_known_affected_version_range": "<= 9.0.0.M18",
        "source": "https://github.com/github/advisory-database/blob/main/advisories/github-reviewed/2022/05/GHSA-3gv7-3h64-78cm/GHSA-3gv7-3h64-78cm.json"
      }
    },
    {
      "package": {
        "name": "org.apache.tomcat:tomcat",
        "ecosystem": "Maven",
        "purl": "pkg:maven/org.apache.tomcat/tomcat"
      },
      "ranges": [
        {
          "type": "ECOSYSTEM",
          "events": [
            {
              "introduced": "8.5.0"
            },
            {
              "fixed": "8.5.13"
            }
          ]
        }
      ],
      "versions": [
        "8.5.0",
        "8.5.11",
        "8.5.12",
        "8.5.2",
        "8.5.3",
        "8.5.4",
        "8.5.5",
        "8.5.6",
        "8.5.8",
        "8.5.9"
      ],
      "database_specific": {
        "last_known_affected_version_range": "<= 8.5.12",
        "source": "https://github.com/github/advisory-database/blob/main/advisories/github-reviewed/2022/05/GHSA-3gv7-3h64-78cm/GHSA-3gv7-3h64-78cm.json"
      }
    },
    {
      "package": {
        "name": "org.apache.tomcat:tomcat",
        "ecosystem": "Maven",
        "purl": "pkg:maven/org.apache.tomcat/tomcat"
      },
      "ranges": [
        {
          "type": "ECOSYSTEM",
          "events": [
            {
              "introduced": "8.0.0"
            },
            {
              "fixed": "8.0.42"
            }
          ]
        }
      ],
      "versions": [
        "8.0.1",
        "8.0.11",
        "8.0.12",
        "8.0.14",
        "8.0.15",
        "8.0.17",
        "8.0.18",
        "8.0.20",
        "8.0.21",
        "8.0.22",
        "8.0.23",
        "8.0.24",
        "8.0.26",
        "8.0.27",
        "8.0.28",
        "8.0.29",
        "8.0.3",
        "8.0.30",
        "8.0.32",
        "8.0.33",
        "8.0.35",
        "8.0.36",
        "8.0.37",
        "8.0.38",
        "8.0.39",
        "8.0.41",
        "8.0.5",
        "8.0.8",
        "8.0.9"
      ],
      "database_specific": {
        "last_known_affected_version_range": "<= 8.0.41",
        "source": "https://github.com/github/advisory-database/blob/main/advisories/github-reviewed/2022/05/GHSA-3gv7-3h64-78cm/GHSA-3gv7-3h64-78cm.json"
      }
    },
    {
      "package": {
        "name": "org.apache.tomcat:tomcat",
        "ecosystem": "Maven",
        "purl": "pkg:maven/org.apache.tomcat/tomcat"
      },
      "ranges": [
        {
          "type": "ECOSYSTEM",
          "events": [
            {
              "introduced": "7.0.0"
            },
            {
              "fixed": "7.0.77"
            }
          ]
        }
      ],
      "versions": [
        "7.0.35",
        "7.0.37",
        "7.0.39",
        "7.0.40",
        "7.0.41",
        "7.0.42",
        "7.0.47",
        "7.0.50",
        "7.0.52",
        "7.0.53",
        "7.0.54",
        "7.0.55",
        "7.0.56",
        "7.0.57",
        "7.0.59",
        "7.0.61",
        "7.0.62",
        "7.0.63",
        "7.0.64",
        "7.0.65",
        "7.0.67",
        "7.0.68",
        "7.0.69",
        "7.0.70",
        "7.0.72",
        "7.0.73",
        "7.0.75",
        "7.0.76"
      ],
      "database_specific": {
        "last_known_affected_version_range": "<= 7.0.76",
        "source": "https://github.com/github/advisory-database/blob/main/advisories/github-reviewed/2022/05/GHSA-3gv7-3h64-78cm/GHSA-3gv7-3h64-78cm.json"
      }
    },
    {
      "package": {
        "name": "org.apache.tomcat:tomcat",
        "ecosystem": "Maven",
        "purl": "pkg:maven/org.apache.tomcat/tomcat"
      },
      "ranges": [
        {
          "type": "ECOSYSTEM",
          "events": [
            {
              "introduced": "6.0.0"
            },
            {
              "fixed": "6.0.53"
            }
          ]
        }
      ],
      "database_specific": {
        "last_known_affected_version_range": "<= 6.0.52",
        "source": "https://github.com/github/advisory-database/blob/main/advisories/github-reviewed/2022/05/GHSA-3gv7-3h64-78cm/GHSA-3gv7-3h64-78cm.json"
      },
      "versions": []
    }
  ],
  "schema_version": "1.4.0",
  "severity": [
    {
      "type": "CVSS_V3",
      "score": "CVSS:3.0/AV:N/AC:L/PR:N/UI:N/S:U/C:H/I:N/A:N"
    }
  ]
}