{
  "id": "GHSA-45w3-2hvv-pfxq",
  "summary": "XML Injection in Apache Solr",
  "details": "The DocumentAnalysisRequestHandler in Apache Solr before 4.3.1 does not properly use the EmptyEntityResolver, which allows remote attackers to have an unspecified impact via XML data containing an external entity declaration in conjunction with an entity reference, related to an XML External Entity (XXE) issue.  NOTE: this vulnerability exists because of an incomplete fix for CVE-2013-6407.",
  "aliases": [
    "CVE-2013-6408"
  ],
  "modified": "2023-04-11T01:45:35.204668Z",
  "published": "2022-05-17T04:39:49Z",
  "database_specific": {
    "nvd_published_at": "2013-12-07T20:55:00Z",
    "github_reviewed_at": "2022-07-07T23:22:41Z",
    "severity": "MODERATE",
    "github_reviewed": true,
    "cwe_ids": [
      "CWE-91"
    ]
  },
  "references": [
    {
      "type": "ADVISORY",
      "url": "https://nvd.nist.gov/vuln/detail/CVE-2013-6408"
    },
    {
      "type": "WEB",
      "url": "https://issues.apache.org/jira/browse/SOLR-4881"
    },
    {
      "type": "WEB",
      "url": "http://rhn.redhat.com/errata/RHSA-2013-1844.html"
    },
    {
      "type": "WEB",
      "url": "http://rhn.redhat.com/errata/RHSA-2014-0029.html"
    },
    {
      "type": "WEB",
      "url": "http://svn.apache.org/viewvc/lucene/dev/branches/branch_4x/solr/CHANGES.txt?view=markup"
    },
    {
      "type": "WEB",
      "url": "http://www.openwall.com/lists/oss-security/2013/11/29/2"
    }
  ],
  "affected": [
    {
      "package": {
        "name": "org.apache.solr:solr-core",
        "ecosystem": "Maven",
        "purl": "pkg:maven/org.apache.solr/solr-core"
      },
      "ranges": [
        {
          "type": "ECOSYSTEM",
          "events": [
            {
              "introduced": "0"
            },
            {
              "fixed": "4.3.1"
            }
          ]
        }
      ],
      "versions": [
        "1.3.0",
        "1.4.0",
        "1.4.1",
        "3.1.0",
        "3.2.0",
        "3.3.0",
        "3.4.0",
        "3.5.0",
        "3.6.0",
        "3.6.1",
        "3.6.2",
        "4.0.0",
        "4.0.0-ALPHA",
        "4.0.0-BETA",
        "4.1.0",
        "4.2.0",
        "4.2.1",
        "4.3.0"
      ],
      "database_specific": {
        "source": "https://github.com/github/advisory-database/blob/main/advisories/github-reviewed/2022/05/GHSA-45w3-2hvv-pfxq/GHSA-45w3-2hvv-pfxq.json"
      }
    }
  ],
  "schema_version": "1.4.0"
}