{
  "id": "GHSA-2f4c-8rp6-fh6q",
  "summary": "Arbitrary file read vulnerability in Copy data to workspace Jenkins Plugin",
  "details": "Jenkins Copy data to workspace Plugin 1.0 and earlier does not limit which directories can be copied from the Jenkins controller to job workspaces, allowing attackers with Job/Configure permission to read arbitrary files on the Jenkins controller.",
  "aliases": [
    "CVE-2020-2275"
  ],
  "modified": "2023-04-11T01:24:29.348562Z",
  "published": "2022-05-24T17:28:27Z",
  "database_specific": {
    "nvd_published_at": "2020-09-16T14:15:00Z",
    "github_reviewed_at": "2022-12-28T22:47:35Z",
    "severity": "MODERATE",
    "github_reviewed": true,
    "cwe_ids": [
      "CWE-22"
    ]
  },
  "references": [
    {
      "type": "ADVISORY",
      "url": "https://nvd.nist.gov/vuln/detail/CVE-2020-2275"
    },
    {
      "type": "PACKAGE",
      "url": "https://github.com/jenkinsci/copy-data-to-workspace-plugin"
    },
    {
      "type": "WEB",
      "url": "https://www.jenkins.io/security/advisory/2020-09-16/#SECURITY-1966"
    },
    {
      "type": "WEB",
      "url": "http://www.openwall.com/lists/oss-security/2020/09/16/3"
    }
  ],
  "affected": [
    {
      "package": {
        "name": "org.jvnet.hudson.plugins:copy-data-to-workspace-plugin",
        "ecosystem": "Maven",
        "purl": "pkg:maven/org.jvnet.hudson.plugins/copy-data-to-workspace-plugin"
      },
      "ranges": [
        {
          "type": "ECOSYSTEM",
          "events": [
            {
              "introduced": "0"
            },
            {
              "last_affected": "1.0"
            }
          ]
        }
      ],
      "versions": [
        "1.0"
      ],
      "database_specific": {
        "source": "https://github.com/github/advisory-database/blob/main/advisories/github-reviewed/2022/05/GHSA-2f4c-8rp6-fh6q/GHSA-2f4c-8rp6-fh6q.json"
      }
    }
  ],
  "schema_version": "1.4.0",
  "severity": [
    {
      "type": "CVSS_V3",
      "score": "CVSS:3.1/AV:N/AC:L/PR:L/UI:N/S:U/C:H/I:N/A:N"
    }
  ]
}