{
  "id": "GHSA-3hw6-gc8h-9243",
  "summary": "Jenkins meliora-testlab Plugin allows attackers with file system access to Jenkins master to obtain API key",
  "details": "An exposure of sensitive information vulnerability exists in Jenkins meliora-testlab Plugin 1.14 and earlier in TestlabNotifier.java that allows attackers with file system access to the Jenkins master to obtain the API key stored in this plugin's configuration. Additionally, the API key was not masked from view using a password form field. As of version 1.15, the plugin stores the API Key encrypted in the configuration files on disk and no longer transfers it to users viewing the configuration form in plain text.",
  "aliases": [
    "CVE-2018-1999031"
  ],
  "modified": "2023-04-11T01:29:31.394Z",
  "published": "2022-05-14T02:57:57Z",
  "database_specific": {
    "nvd_published_at": "2018-08-01T13:29:00Z",
    "github_reviewed_at": "2022-12-12T16:33:17Z",
    "severity": "LOW",
    "github_reviewed": true,
    "cwe_ids": [
      "CWE-200"
    ]
  },
  "references": [
    {
      "type": "ADVISORY",
      "url": "https://nvd.nist.gov/vuln/detail/CVE-2018-1999031"
    },
    {
      "type": "PACKAGE",
      "url": "https://github.com/jenkinsci/meliora-testlab-plugin"
    },
    {
      "type": "WEB",
      "url": "https://jenkins.io/security/advisory/2018-07-30/#SECURITY-847"
    }
  ],
  "affected": [
    {
      "package": {
        "name": "org.jenkins-ci.plugins:meliora-testlab",
        "ecosystem": "Maven",
        "purl": "pkg:maven/org.jenkins-ci.plugins/meliora-testlab"
      },
      "ranges": [
        {
          "type": "ECOSYSTEM",
          "events": [
            {
              "introduced": "0"
            },
            {
              "fixed": "1.15"
            }
          ]
        }
      ],
      "versions": [
        "1.0",
        "1.1",
        "1.13",
        "1.14",
        "1.2",
        "1.3",
        "1.5",
        "1.6",
        "1.7",
        "1.9"
      ],
      "database_specific": {
        "last_known_affected_version_range": "<= 1.14",
        "source": "https://github.com/github/advisory-database/blob/main/advisories/github-reviewed/2022/05/GHSA-3hw6-gc8h-9243/GHSA-3hw6-gc8h-9243.json"
      }
    }
  ],
  "schema_version": "1.4.0",
  "severity": [
    {
      "type": "CVSS_V3",
      "score": "CVSS:3.0/AV:L/AC:L/PR:L/UI:N/S:U/C:L/I:N/A:N"
    }
  ]
}