{
  "id": "GHSA-32vj-v39g-jh23",
  "summary": "spring-security-oauth2-client vulnerable to Privilege Escalation",
  "details": "Spring Security, versions 5.7 prior to 5.7.5, and 5.6 prior to 5.6.9, and older unsupported versions could be susceptible to a privilege escalation under certain conditions. A malicious user or attacker can modify a request initiated by the Client (via the browser) to the Authorization Server which can lead to a privilege escalation on the subsequent approval. This scenario can happen if the Authorization Server responds with an OAuth2 Access Token Response containing an empty scope list (per RFC 6749, Section 5.1) on the subsequent request to the token endpoint to obtain the access token.",
  "aliases": [
    "CVE-2022-31690"
  ],
  "modified": "2023-04-11T01:21:52.435980Z",
  "published": "2022-11-01T12:00:37Z",
  "database_specific": {
    "nvd_published_at": "2022-10-31T20:15:00Z",
    "github_reviewed_at": "2022-11-01T17:27:45Z",
    "severity": "HIGH",
    "github_reviewed": true,
    "cwe_ids": [
      "CWE-269"
    ]
  },
  "references": [
    {
      "type": "ADVISORY",
      "url": "https://nvd.nist.gov/vuln/detail/CVE-2022-31690"
    },
    {
      "type": "WEB",
      "url": "https://github.com/spring-projects/spring-security-samples/blob/4638e1e428ee2ddab234199eb3b67b9c94dfa08b/servlet/spring-boot/java/oauth2/webclient/src/main/java/example/SecurityConfiguration.java#L48"
    },
    {
      "type": "WEB",
      "url": "https://security.netapp.com/advisory/ntap-20221215-0010/"
    },
    {
      "type": "WEB",
      "url": "https://tanzu.vmware.com/security/cve-2022-31690"
    }
  ],
  "affected": [
    {
      "package": {
        "name": "org.springframework.security:spring-security-oauth2-client",
        "ecosystem": "Maven",
        "purl": "pkg:maven/org.springframework.security/spring-security-oauth2-client"
      },
      "ranges": [
        {
          "type": "ECOSYSTEM",
          "events": [
            {
              "introduced": "5.7.0"
            },
            {
              "fixed": "5.7.5"
            }
          ]
        }
      ],
      "versions": [
        "5.7.0",
        "5.7.1",
        "5.7.2",
        "5.7.3",
        "5.7.4"
      ],
      "database_specific": {
        "source": "https://github.com/github/advisory-database/blob/main/advisories/github-reviewed/2022/11/GHSA-32vj-v39g-jh23/GHSA-32vj-v39g-jh23.json"
      }
    },
    {
      "package": {
        "name": "org.springframework.security:spring-security-oauth2-client",
        "ecosystem": "Maven",
        "purl": "pkg:maven/org.springframework.security/spring-security-oauth2-client"
      },
      "ranges": [
        {
          "type": "ECOSYSTEM",
          "events": [
            {
              "introduced": "0"
            },
            {
              "fixed": "5.6.9"
            }
          ]
        }
      ],
      "versions": [
        "5.0.0.RELEASE",
        "5.0.1.RELEASE",
        "5.0.10.RELEASE",
        "5.0.11.RELEASE",
        "5.0.12.RELEASE",
        "5.0.13.RELEASE",
        "5.0.14.RELEASE",
        "5.0.15.RELEASE",
        "5.0.16.RELEASE",
        "5.0.17.RELEASE",
        "5.0.18.RELEASE",
        "5.0.19.RELEASE",
        "5.0.2.RELEASE",
        "5.0.3.RELEASE",
        "5.0.4.RELEASE",
        "5.0.5.RELEASE",
        "5.0.6.RELEASE",
        "5.0.7.RELEASE",
        "5.0.8.RELEASE",
        "5.0.9.RELEASE",
        "5.1.0.RELEASE",
        "5.1.1.RELEASE",
        "5.1.10.RELEASE",
        "5.1.11.RELEASE",
        "5.1.12.RELEASE",
        "5.1.13.RELEASE",
        "5.1.2.RELEASE",
        "5.1.3.RELEASE",
        "5.1.4.RELEASE",
        "5.1.5.RELEASE",
        "5.1.6.RELEASE",
        "5.1.7.RELEASE",
        "5.1.8.RELEASE",
        "5.1.9.RELEASE",
        "5.2.0.RELEASE",
        "5.2.1.RELEASE",
        "5.2.10.RELEASE",
        "5.2.11.RELEASE",
        "5.2.12.RELEASE",
        "5.2.13.RELEASE",
        "5.2.14.RELEASE",
        "5.2.15.RELEASE",
        "5.2.2.RELEASE",
        "5.2.3.RELEASE",
        "5.2.4.RELEASE",
        "5.2.5.RELEASE",
        "5.2.6.RELEASE",
        "5.2.7.RELEASE",
        "5.2.8.RELEASE",
        "5.2.9.RELEASE",
        "5.3.0.RELEASE",
        "5.3.1.RELEASE",
        "5.3.10.RELEASE",
        "5.3.11.RELEASE",
        "5.3.12.RELEASE",
        "5.3.13.RELEASE",
        "5.3.2.RELEASE",
        "5.3.3.RELEASE",
        "5.3.4.RELEASE",
        "5.3.5.RELEASE",
        "5.3.6.RELEASE",
        "5.3.7.RELEASE",
        "5.3.8.RELEASE",
        "5.3.9.RELEASE",
        "5.4.0",
        "5.4.1",
        "5.4.10",
        "5.4.11",
        "5.4.2",
        "5.4.3",
        "5.4.4",
        "5.4.5",
        "5.4.6",
        "5.4.7",
        "5.4.8",
        "5.4.9",
        "5.5.0",
        "5.5.1",
        "5.5.2",
        "5.5.3",
        "5.5.4",
        "5.5.5",
        "5.5.6",
        "5.5.7",
        "5.5.8",
        "5.6.0",
        "5.6.1",
        "5.6.2",
        "5.6.3",
        "5.6.4",
        "5.6.5",
        "5.6.6",
        "5.6.7",
        "5.6.8"
      ],
      "database_specific": {
        "source": "https://github.com/github/advisory-database/blob/main/advisories/github-reviewed/2022/11/GHSA-32vj-v39g-jh23/GHSA-32vj-v39g-jh23.json"
      }
    }
  ],
  "schema_version": "1.4.0",
  "severity": [
    {
      "type": "CVSS_V3",
      "score": "CVSS:3.1/AV:N/AC:H/PR:N/UI:N/S:U/C:H/I:H/A:H"
    }
  ]
}