{
  "id": "GHSA-236h-r3w7-c85c",
  "summary": "Cross-site Scripting in Apache Atlas",
  "details": "Apache Atlas versions 0.6.0-incubating and 0.7.0-incubating were found vulnerable to Stored Cross-Site Scripting in the edit-tag functionality.",
  "aliases": [
    "CVE-2017-3151"
  ],
  "modified": "2023-04-11T01:21:50.977666Z",
  "published": "2022-05-13T01:30:22Z",
  "database_specific": {
    "nvd_published_at": "2017-08-29T20:29:00Z",
    "github_reviewed_at": "2022-11-04T18:41:07Z",
    "severity": "MODERATE",
    "github_reviewed": true,
    "cwe_ids": [
      "CWE-79"
    ]
  },
  "references": [
    {
      "type": "ADVISORY",
      "url": "https://nvd.nist.gov/vuln/detail/CVE-2017-3151"
    },
    {
      "type": "PACKAGE",
      "url": "https://github.com/apache/atlas"
    },
    {
      "type": "WEB",
      "url": "https://lists.apache.org/thread.html/4a4fef91e067fd0d9da569e30867c1fa65e2a0520acde71ddefee0ea@%3Cdev.atlas.apache.org%3E"
    }
  ],
  "affected": [
    {
      "package": {
        "name": "org.apache.atlas:atlas-common",
        "ecosystem": "Maven",
        "purl": "pkg:maven/org.apache.atlas/atlas-common"
      },
      "ranges": [
        {
          "type": "ECOSYSTEM",
          "events": [
            {
              "introduced": "0"
            },
            {
              "fixed": "0.7.1-incubating"
            }
          ]
        }
      ],
      "versions": [
        "0.6-incubating",
        "0.7-incubating"
      ],
      "database_specific": {
        "source": "https://github.com/github/advisory-database/blob/main/advisories/github-reviewed/2022/05/GHSA-236h-r3w7-c85c/GHSA-236h-r3w7-c85c.json"
      }
    }
  ],
  "schema_version": "1.4.0",
  "severity": [
    {
      "type": "CVSS_V3",
      "score": "CVSS:3.1/AV:N/AC:L/PR:N/UI:R/S:C/C:L/I:L/A:N"
    }
  ]
}