{
  "id": "GHSA-3whx-qrj5-hh2h",
  "summary": "Improper Input Validation in Apache Pulsar",
  "details": "In Apache Pulsar it is possible to access data from BookKeeper that does not belong to the topics accessible by the authenticated user. The Admin API get-message-by-id requires the user to input a topic and a ledger id. The ledger id is a pointer to the data, and it is supposed to be a valid it for the topic. Authorisation controls are performed against the topic name and there is not proper validation the that ledger id is valid in the context of such ledger. So it may happen that the user is able to read from a ledger that contains data owned by another tenant. This issue affects Apache Pulsar Apache Pulsar version 2.8.0 and prior versions; Apache Pulsar version 2.7.3 and prior versions; Apache Pulsar version 2.6.4 and prior versions.",
  "aliases": [
    "CVE-2021-41571"
  ],
  "modified": "2023-07-19T19:49:05.002762Z",
  "published": "2022-02-02T00:01:52Z",
  "database_specific": {
    "nvd_published_at": "2022-02-01T13:15:00Z",
    "cwe_ids": [
      "CWE-20",
      "CWE-863"
    ],
    "severity": "MODERATE",
    "github_reviewed": true,
    "github_reviewed_at": "2022-02-03T17:38:32Z"
  },
  "references": [
    {
      "type": "ADVISORY",
      "url": "https://nvd.nist.gov/vuln/detail/CVE-2021-41571"
    },
    {
      "type": "WEB",
      "url": "https://github.com/apache/pulsar/issues/11814"
    },
    {
      "type": "WEB",
      "url": "https://github.com/apache/pulsar/pull/11852"
    },
    {
      "type": "WEB",
      "url": "https://github.com/apache/pulsar/pull/11912"
    },
    {
      "type": "WEB",
      "url": "https://github.com/apache/pulsar/pull/11913"
    },
    {
      "type": "PACKAGE",
      "url": "https://github.com/apache/pulsar"
    },
    {
      "type": "WEB",
      "url": "https://github.com/apache/pulsar/releases/tag/v2.7.4"
    },
    {
      "type": "WEB",
      "url": "https://github.com/apache/pulsar/releases/tag/v2.8.1"
    },
    {
      "type": "WEB",
      "url": "https://lists.apache.org/thread/8n3k7pvyh4cf9q2jfzb6pb32ync6xlvr"
    },
    {
      "type": "WEB",
      "url": "https://pulsar.apache.org/admin-rest-api/#operation/getLastMessageId"
    }
  ],
  "affected": [
    {
      "package": {
        "name": "org.apache.pulsar:pulsar",
        "ecosystem": "Maven",
        "purl": "pkg:maven/org.apache.pulsar/pulsar"
      },
      "ranges": [
        {
          "type": "ECOSYSTEM",
          "events": [
            {
              "introduced": "0"
            },
            {
              "last_affected": "2.6.4"
            }
          ]
        }
      ],
      "versions": [
        "1.19.0-incubating",
        "1.20.0-incubating",
        "1.21.0-incubating",
        "1.22.0-incubating",
        "1.22.1-incubating",
        "2.0.0-rc1-incubating",
        "2.0.1-incubating",
        "2.1.0-incubating",
        "2.1.1-incubating",
        "2.2.0",
        "2.2.1",
        "2.3.0",
        "2.3.1",
        "2.3.2",
        "2.4.0",
        "2.4.1",
        "2.4.2",
        "2.5.0",
        "2.5.1",
        "2.5.2",
        "2.6.0",
        "2.6.1",
        "2.6.2",
        "2.6.3",
        "2.6.4"
      ],
      "database_specific": {
        "source": "https://github.com/github/advisory-database/blob/main/advisories/github-reviewed/2022/02/GHSA-3whx-qrj5-hh2h/GHSA-3whx-qrj5-hh2h.json"
      }
    },
    {
      "package": {
        "name": "org.apache.pulsar:pulsar",
        "ecosystem": "Maven",
        "purl": "pkg:maven/org.apache.pulsar/pulsar"
      },
      "ranges": [
        {
          "type": "ECOSYSTEM",
          "events": [
            {
              "introduced": "2.7.0"
            },
            {
              "fixed": "2.7.4"
            }
          ]
        }
      ],
      "versions": [
        "2.7.0",
        "2.7.1",
        "2.7.2",
        "2.7.3"
      ],
      "database_specific": {
        "last_known_affected_version_range": "<= 2.7.3",
        "source": "https://github.com/github/advisory-database/blob/main/advisories/github-reviewed/2022/02/GHSA-3whx-qrj5-hh2h/GHSA-3whx-qrj5-hh2h.json"
      }
    },
    {
      "package": {
        "name": "org.apache.pulsar:pulsar",
        "ecosystem": "Maven",
        "purl": "pkg:maven/org.apache.pulsar/pulsar"
      },
      "ranges": [
        {
          "type": "ECOSYSTEM",
          "events": [
            {
              "introduced": "2.8.0"
            },
            {
              "fixed": "2.8.1"
            }
          ]
        }
      ],
      "versions": [
        "2.8.0"
      ],
      "database_specific": {
        "source": "https://github.com/github/advisory-database/blob/main/advisories/github-reviewed/2022/02/GHSA-3whx-qrj5-hh2h/GHSA-3whx-qrj5-hh2h.json"
      }
    }
  ],
  "schema_version": "1.4.0",
  "severity": [
    {
      "type": "CVSS_V3",
      "score": "CVSS:3.1/AV:N/AC:L/PR:L/UI:N/S:U/C:H/I:N/A:N"
    }
  ]
}