{
  "id": "GHSA-3p8r-p4q5-mc44",
  "summary": "Violation Comments to GitLab Plugin has Insufficiently Protected Credentials",
  "details": "Violation Comments to GitLab Plugin stored API tokens unencrypted in job `config.xml` files and its global configuration file `org.jenkinsci.plugins.jvctgl.ViolationsToGitLabGlobalConfiguration.xml` on the Jenkins controller. These credentials could be viewed by users with Extended Read permission, or access to the Jenkins controller file system.\n\nViolation Comments to GitLab Plugin now stores these credentials encrypted. Existing jobs need to have their configuration saved for existing plain text credentials to be overwritten.",
  "aliases": [
    "CVE-2019-10416"
  ],
  "modified": "2023-04-11T01:18:27.417884Z",
  "published": "2022-05-24T16:56:46Z",
  "database_specific": {
    "nvd_published_at": "2019-09-25T16:15:00Z",
    "github_reviewed_at": "2023-02-23T20:31:42Z",
    "severity": "MODERATE",
    "github_reviewed": true,
    "cwe_ids": [
      "CWE-522"
    ]
  },
  "references": [
    {
      "type": "ADVISORY",
      "url": "https://nvd.nist.gov/vuln/detail/CVE-2019-10416"
    },
    {
      "type": "WEB",
      "url": "https://jenkins.io/security/advisory/2019-09-25/#SECURITY-1577"
    },
    {
      "type": "WEB",
      "url": "http://www.openwall.com/lists/oss-security/2019/09/25/3"
    }
  ],
  "affected": [
    {
      "package": {
        "name": "org.jenkins-ci.plugins:violation-comments-to-gitlab",
        "ecosystem": "Maven",
        "purl": "pkg:maven/org.jenkins-ci.plugins/violation-comments-to-gitlab"
      },
      "ranges": [
        {
          "type": "ECOSYSTEM",
          "events": [
            {
              "introduced": "0"
            },
            {
              "fixed": "2.29"
            }
          ]
        }
      ],
      "versions": [
        "1.0",
        "1.1",
        "1.10",
        "1.11",
        "1.12",
        "1.13",
        "1.14",
        "1.15",
        "1.16",
        "1.17",
        "1.18",
        "1.19",
        "1.2",
        "1.21",
        "1.22",
        "1.23",
        "1.24",
        "1.25",
        "1.26",
        "1.27",
        "1.28",
        "1.3",
        "1.4",
        "1.5",
        "1.6",
        "1.7",
        "1.8",
        "1.9",
        "2.0",
        "2.1",
        "2.10",
        "2.11",
        "2.13",
        "2.14",
        "2.15",
        "2.16",
        "2.17",
        "2.18",
        "2.19",
        "2.2",
        "2.20",
        "2.21",
        "2.22",
        "2.23",
        "2.24",
        "2.25",
        "2.26",
        "2.27",
        "2.28",
        "2.3",
        "2.4",
        "2.5",
        "2.6",
        "2.8",
        "2.9"
      ],
      "database_specific": {
        "source": "https://github.com/github/advisory-database/blob/main/advisories/github-reviewed/2022/05/GHSA-3p8r-p4q5-mc44/GHSA-3p8r-p4q5-mc44.json"
      }
    }
  ],
  "schema_version": "1.4.0",
  "severity": [
    {
      "type": "CVSS_V3",
      "score": "CVSS:3.0/AV:N/AC:L/PR:L/UI:N/S:U/C:L/I:N/A:N"
    }
  ]
}