{
  "id": "GHSA-36fg-whr2-g999",
  "summary": "Jenkins NodeJS Plugin improper credential masking vulnerability",
  "details": "Jenkins NodeJS Plugin integrates with Config File Provider Plugin to specify custom NPM settings, including credentials for authentication, in a Npm config file.\n\nNodeJS Plugin 1.6.0 and earlier does not properly mask (i.e., replace with asterisks) credentials specified in the Npm config file in Pipeline build logs.\n\nNodeJS Plugin 1.6.0.1 masks credentials specified in the Npm config file in Pipeline build logs.",
  "aliases": [
    "CVE-2023-40340"
  ],
  "modified": "2023-08-18T14:41:14.319967Z",
  "published": "2023-08-16T15:30:18Z",
  "database_specific": {
    "nvd_published_at": null,
    "cwe_ids": [],
    "severity": "MODERATE",
    "github_reviewed": true,
    "github_reviewed_at": "2023-08-16T21:13:10Z"
  },
  "references": [
    {
      "type": "ADVISORY",
      "url": "https://nvd.nist.gov/vuln/detail/CVE-2023-40340"
    },
    {
      "type": "WEB",
      "url": "https://www.jenkins.io/security/advisory/2023-08-16/#SECURITY-3196"
    },
    {
      "type": "WEB",
      "url": "http://www.openwall.com/lists/oss-security/2023/08/16/3"
    }
  ],
  "affected": [
    {
      "package": {
        "name": "org.jenkins-ci.plugins:nodejs",
        "ecosystem": "Maven",
        "purl": "pkg:maven/org.jenkins-ci.plugins/nodejs"
      },
      "ranges": [
        {
          "type": "ECOSYSTEM",
          "events": [
            {
              "introduced": "0"
            },
            {
              "fixed": "1.6.0.1"
            }
          ]
        }
      ],
      "versions": [
        "0.2",
        "0.2.1",
        "0.2.2",
        "1.0",
        "1.0.1",
        "1.1.0",
        "1.1.1",
        "1.1.2",
        "1.1.3",
        "1.2.0",
        "1.2.1",
        "1.2.2",
        "1.2.3",
        "1.2.4",
        "1.2.5",
        "1.2.6",
        "1.2.7",
        "1.2.8",
        "1.2.9",
        "1.3.0",
        "1.3.1",
        "1.3.10",
        "1.3.11",
        "1.3.2",
        "1.3.3",
        "1.3.4",
        "1.3.5",
        "1.3.6",
        "1.3.7",
        "1.3.8",
        "1.3.9",
        "1.4.0",
        "1.4.1",
        "1.4.2",
        "1.4.3",
        "1.5.0",
        "1.5.1",
        "1.6.0"
      ],
      "ecosystem_specific": {
        "affected_functions": [
          ""
        ]
      },
      "database_specific": {
        "source": "https://github.com/github/advisory-database/blob/main/advisories/github-reviewed/2023/08/GHSA-36fg-whr2-g999/GHSA-36fg-whr2-g999.json"
      }
    }
  ],
  "schema_version": "1.4.0",
  "severity": [
    {
      "type": "CVSS_V3",
      "score": "CVSS:3.1/AV:N/AC:L/PR:L/UI:N/S:U/C:L/I:N/A:N"
    }
  ]
}