{
  "id": "GHSA-2p7x-jcr3-7p2c",
  "summary": "Improper Authentication in Apache CXF",
  "details": "The WS-SP UsernameToken policy in Apache CXF 2.4.5 and 2.5.1 allows remote attackers to bypass authentication by sending an empty UsernameToken as part of a SOAP request.",
  "aliases": [
    "CVE-2012-0803"
  ],
  "modified": "2023-04-11T01:41:23.427953Z",
  "published": "2022-05-13T01:09:22Z",
  "database_specific": {
    "nvd_published_at": "2017-08-08T21:29:00Z",
    "github_reviewed_at": "2022-07-13T19:02:12Z",
    "severity": "CRITICAL",
    "github_reviewed": true,
    "cwe_ids": [
      "CWE-287"
    ]
  },
  "references": [
    {
      "type": "ADVISORY",
      "url": "https://nvd.nist.gov/vuln/detail/CVE-2012-0803"
    },
    {
      "type": "PACKAGE",
      "url": "https://github.com/apache/cxf"
    },
    {
      "type": "WEB",
      "url": "https://lists.apache.org/thread.html/r36e44ffc1a9b365327df62cdfaabe85b9a5637de102cea07d79b2dbf%40%3Ccommits.cxf.apache.org%3E"
    },
    {
      "type": "WEB",
      "url": "https://lists.apache.org/thread.html/r36e44ffc1a9b365327df62cdfaabe85b9a5637de102cea07d79b2dbf@%3Ccommits.cxf.apache.org%3E"
    },
    {
      "type": "WEB",
      "url": "https://lists.apache.org/thread.html/rc774278135816e7afc943dc9fc78eb0764f2c84a2b96470a0187315c%40%3Ccommits.cxf.apache.org%3E"
    },
    {
      "type": "WEB",
      "url": "https://lists.apache.org/thread.html/rc774278135816e7afc943dc9fc78eb0764f2c84a2b96470a0187315c@%3Ccommits.cxf.apache.org%3E"
    },
    {
      "type": "WEB",
      "url": "https://lists.apache.org/thread.html/rd49aabd984ed540c8ff7916d4d79405f3fa311d2fdbcf9ed307839a6%40%3Ccommits.cxf.apache.org%3E"
    },
    {
      "type": "WEB",
      "url": "https://lists.apache.org/thread.html/rd49aabd984ed540c8ff7916d4d79405f3fa311d2fdbcf9ed307839a6@%3Ccommits.cxf.apache.org%3E"
    },
    {
      "type": "WEB",
      "url": "https://lists.apache.org/thread.html/rec7160382badd3ef4ad017a22f64a266c7188b9ba71394f0d321e2d4%40%3Ccommits.cxf.apache.org%3E"
    },
    {
      "type": "WEB",
      "url": "https://lists.apache.org/thread.html/rec7160382badd3ef4ad017a22f64a266c7188b9ba71394f0d321e2d4@%3Ccommits.cxf.apache.org%3E"
    },
    {
      "type": "WEB",
      "url": "https://lists.apache.org/thread.html/rfb87e0bf3995e7d560afeed750fac9329ff5f1ad49da365129b7f89e%40%3Ccommits.cxf.apache.org%3E"
    },
    {
      "type": "WEB",
      "url": "https://lists.apache.org/thread.html/rfb87e0bf3995e7d560afeed750fac9329ff5f1ad49da365129b7f89e@%3Ccommits.cxf.apache.org%3E"
    },
    {
      "type": "WEB",
      "url": "https://lists.apache.org/thread.html/rff42cfa5e7d75b7c1af0e37589140a8f1999e578a75738740b244bd4%40%3Ccommits.cxf.apache.org%3E"
    },
    {
      "type": "WEB",
      "url": "https://lists.apache.org/thread.html/rff42cfa5e7d75b7c1af0e37589140a8f1999e578a75738740b244bd4@%3Ccommits.cxf.apache.org%3E"
    },
    {
      "type": "WEB",
      "url": "https://marc.info/?l=full-disclosure&m=132861746008002"
    },
    {
      "type": "WEB",
      "url": "https://svn.apache.org/viewvc?view=revision&revision=1233457"
    }
  ],
  "affected": [
    {
      "package": {
        "name": "org.apache.cxf:cxf",
        "ecosystem": "Maven",
        "purl": "pkg:maven/org.apache.cxf/cxf"
      },
      "ranges": [
        {
          "type": "ECOSYSTEM",
          "events": [
            {
              "introduced": "2.4.0"
            },
            {
              "fixed": "2.4.6"
            }
          ]
        }
      ],
      "versions": [
        "2.4.0",
        "2.4.1",
        "2.4.2",
        "2.4.3",
        "2.4.4",
        "2.4.5"
      ],
      "database_specific": {
        "last_known_affected_version_range": "<= 2.4.5",
        "source": "https://github.com/github/advisory-database/blob/main/advisories/github-reviewed/2022/05/GHSA-2p7x-jcr3-7p2c/GHSA-2p7x-jcr3-7p2c.json"
      }
    },
    {
      "package": {
        "name": "org.apache.cxf:cxf",
        "ecosystem": "Maven",
        "purl": "pkg:maven/org.apache.cxf/cxf"
      },
      "ranges": [
        {
          "type": "ECOSYSTEM",
          "events": [
            {
              "introduced": "2.5.0"
            },
            {
              "fixed": "2.5.2"
            }
          ]
        }
      ],
      "versions": [
        "2.5.0",
        "2.5.1"
      ],
      "database_specific": {
        "last_known_affected_version_range": "<= 2.5.1",
        "source": "https://github.com/github/advisory-database/blob/main/advisories/github-reviewed/2022/05/GHSA-2p7x-jcr3-7p2c/GHSA-2p7x-jcr3-7p2c.json"
      }
    }
  ],
  "schema_version": "1.4.0",
  "severity": [
    {
      "type": "CVSS_V3",
      "score": "CVSS:3.0/AV:N/AC:L/PR:N/UI:N/S:U/C:H/I:H/A:H"
    }
  ]
}