{
  "id": "GHSA-36hf-6hp2-9g4c",
  "summary": "Local file inclusion allows unauthorized access to internal resources in Alkacon OpenCms",
  "details": "In Alkacon OpenCms 10.5.4 and 10.5.5, there are multiple resources vulnerable to Local File Inclusion that allow an attacker to access server resources: clearhistory.jsp, convertxml.jsp, group_new.jsp, loginmessage.jsp, xmlcontentrepair.jsp, and /system/workplace/admin/history/settings/index.jsp.",
  "aliases": [
    "CVE-2019-13237"
  ],
  "modified": "2023-04-11T01:31:29.463354Z",
  "published": "2019-11-12T22:58:14Z",
  "database_specific": {
    "nvd_published_at": "2019-08-27T12:15:00Z",
    "github_reviewed_at": "2019-11-12T22:29:08Z",
    "severity": "MODERATE",
    "github_reviewed": true,
    "cwe_ids": [
      "CWE-200",
      "CWE-22"
    ]
  },
  "references": [
    {
      "type": "ADVISORY",
      "url": "https://nvd.nist.gov/vuln/detail/CVE-2019-13237"
    },
    {
      "type": "WEB",
      "url": "https://aetsu.github.io/OpenCms"
    },
    {
      "type": "PACKAGE",
      "url": "https://github.com/alkacon/opencms-core"
    },
    {
      "type": "WEB",
      "url": "https://github.com/alkacon/opencms-core/commits/branch_10_5_x"
    },
    {
      "type": "WEB",
      "url": "http://packetstormsecurity.com/files/154281/Alkacon-OpenCMS-10.5.x-Local-File-Inclusion.html"
    }
  ],
  "affected": [
    {
      "package": {
        "name": "org.opencms:opencms-core",
        "ecosystem": "Maven",
        "purl": "pkg:maven/org.opencms/opencms-core"
      },
      "ranges": [
        {
          "type": "ECOSYSTEM",
          "events": [
            {
              "introduced": "0"
            },
            {
              "fixed": "11.0.1"
            }
          ]
        }
      ],
      "versions": [
        "10.0.0",
        "10.0.1",
        "10.5.0",
        "10.5.1",
        "10.5.2",
        "10.5.3",
        "10.5.4",
        "11.0.0",
        "8.0.1",
        "8.0.2",
        "8.0.3",
        "8.0.3-rev",
        "8.0.3.1",
        "8.0.4",
        "8.5.0",
        "8.5.1",
        "8.5.2",
        "9.0.0",
        "9.0.1",
        "9.5.0",
        "9.5.1",
        "9.5.2",
        "9.5.3"
      ],
      "database_specific": {
        "source": "https://github.com/github/advisory-database/blob/main/advisories/github-reviewed/2019/11/GHSA-36hf-6hp2-9g4c/GHSA-36hf-6hp2-9g4c.json"
      }
    }
  ],
  "schema_version": "1.4.0",
  "severity": [
    {
      "type": "CVSS_V3",
      "score": "CVSS:3.0/AV:N/AC:L/PR:L/UI:N/S:U/C:L/I:N/A:N"
    }
  ]
}