{
  "id": "GHSA-2hhc-f86x-x74f",
  "summary": "Inefficient Regular Expression Complexity in Jenkins Build Failure Analyzer Plugin",
  "details": "A user-supplied regular expression in Jenkins Build Failure Analyzer Plugin 1.24.1 and earlier was processed in a way that wasn't interruptible, allowing attackers to have Jenkins evaluate a regular expression without the ability to interrupt this process.",
  "aliases": [
    "CVE-2019-16555"
  ],
  "modified": "2023-04-11T01:48:12.316518Z",
  "published": "2022-05-24T17:03:47Z",
  "database_specific": {
    "nvd_published_at": "2019-12-17T15:15:00Z",
    "github_reviewed_at": "2022-11-01T22:49:28Z",
    "severity": "MODERATE",
    "github_reviewed": true,
    "cwe_ids": [
      "CWE-1333"
    ]
  },
  "references": [
    {
      "type": "ADVISORY",
      "url": "https://nvd.nist.gov/vuln/detail/CVE-2019-16555"
    },
    {
      "type": "WEB",
      "url": "https://jenkins.io/security/advisory/2019-12-17/#SECURITY-1651"
    },
    {
      "type": "WEB",
      "url": "http://www.openwall.com/lists/oss-security/2019/12/17/1"
    }
  ],
  "affected": [
    {
      "package": {
        "name": "com.sonyericsson.jenkins.plugins.bfa:build-failure-analyzer",
        "ecosystem": "Maven",
        "purl": "pkg:maven/com.sonyericsson.jenkins.plugins.bfa/build-failure-analyzer"
      },
      "ranges": [
        {
          "type": "ECOSYSTEM",
          "events": [
            {
              "introduced": "0"
            },
            {
              "fixed": "1.24.2"
            }
          ]
        }
      ],
      "versions": [
        "1.10.0",
        "1.10.2",
        "1.10.3",
        "1.11.0",
        "1.12.0",
        "1.12.1",
        "1.13.0",
        "1.13.1",
        "1.13.2",
        "1.13.3",
        "1.13.4",
        "1.13.5",
        "1.14.0",
        "1.15.0",
        "1.16.0",
        "1.17.0",
        "1.17.1",
        "1.17.2",
        "1.18.0",
        "1.18.1",
        "1.19.0",
        "1.19.1",
        "1.19.2",
        "1.2.0",
        "1.20.0",
        "1.21.0",
        "1.22.0",
        "1.23.0",
        "1.23.0-beta-1",
        "1.23.1",
        "1.23.2",
        "1.24.0",
        "1.24.1",
        "1.3.0",
        "1.4.0",
        "1.4.1",
        "1.5.0",
        "1.5.1",
        "1.6.0",
        "1.7.0",
        "1.8.0",
        "1.8.1",
        "1.9.0",
        "1.9.1"
      ],
      "database_specific": {
        "source": "https://github.com/github/advisory-database/blob/main/advisories/github-reviewed/2022/05/GHSA-2hhc-f86x-x74f/GHSA-2hhc-f86x-x74f.json"
      }
    }
  ],
  "schema_version": "1.4.0"
}