{
  "id": "GHSA-226h-qrg4-8236",
  "summary": "Stored XSS vulnerability in chosen-views-tabbar Plugin",
  "details": "Jenkins chosen-views-tabbar Plugin 1.2 and earlier does not escape view names in the dropdown to select views, resulting in a stored cross-site scripting (XSS) vulnerability exploitable by attackers with the ability to configure views.",
  "aliases": [
    "CVE-2020-2269"
  ],
  "modified": "2023-04-11T01:45:12.736359Z",
  "published": "2022-05-24T17:28:26Z",
  "database_specific": {
    "nvd_published_at": "2020-09-16T14:15:00Z",
    "github_reviewed_at": "2022-12-29T01:44:53Z",
    "severity": "HIGH",
    "github_reviewed": true,
    "cwe_ids": [
      "CWE-79"
    ]
  },
  "references": [
    {
      "type": "ADVISORY",
      "url": "https://nvd.nist.gov/vuln/detail/CVE-2020-2269"
    },
    {
      "type": "PACKAGE",
      "url": "https://github.com/jenkinsci/chosen-views-tabbar"
    },
    {
      "type": "WEB",
      "url": "https://www.jenkins.io/security/advisory/2020-09-16/#SECURITY-1869"
    },
    {
      "type": "WEB",
      "url": "http://www.openwall.com/lists/oss-security/2020/09/16/3"
    }
  ],
  "affected": [
    {
      "package": {
        "name": "org.jenkins-ci.plugins:chosen-views-tabbar",
        "ecosystem": "Maven",
        "purl": "pkg:maven/org.jenkins-ci.plugins/chosen-views-tabbar"
      },
      "ranges": [
        {
          "type": "ECOSYSTEM",
          "events": [
            {
              "introduced": "0"
            },
            {
              "last_affected": "1.2"
            }
          ]
        }
      ],
      "versions": [
        "1.0",
        "1.1",
        "1.2"
      ],
      "database_specific": {
        "source": "https://github.com/github/advisory-database/blob/main/advisories/github-reviewed/2022/05/GHSA-226h-qrg4-8236/GHSA-226h-qrg4-8236.json"
      }
    }
  ],
  "schema_version": "1.4.0",
  "severity": [
    {
      "type": "CVSS_V3",
      "score": "CVSS:3.1/AV:N/AC:L/PR:L/UI:R/S:U/C:H/I:H/A:H"
    }
  ]
}