{
  "id": "GHSA-2mp8-qvqm-3xwq",
  "summary": "Restlet Framework, when using SimpleXMLProvider, allows remote attackers to access arbitrary files via an XXE attack in a REST API HTTP request",
  "details": "Restlet Framework before 2.3.11, when using SimpleXMLProvider, allows remote attackers to access arbitrary files via an XXE attack in a REST API HTTP request. This affects use of the Jax-rs extension.",
  "aliases": [
    "CVE-2017-14868"
  ],
  "modified": "2022-04-26T21:37:35Z",
  "published": "2018-10-17T00:04:31Z",
  "database_specific": {
    "nvd_published_at": null,
    "github_reviewed_at": "2020-06-16T20:52:36Z",
    "severity": "HIGH",
    "github_reviewed": true,
    "cwe_ids": [
      "CWE-611"
    ]
  },
  "references": [
    {
      "type": "ADVISORY",
      "url": "https://nvd.nist.gov/vuln/detail/CVE-2017-14868"
    },
    {
      "type": "WEB",
      "url": "https://github.com/restlet/restlet-framework-java/issues/1286"
    },
    {
      "type": "ADVISORY",
      "url": "https://github.com/advisories/GHSA-2mp8-qvqm-3xwq"
    },
    {
      "type": "PACKAGE",
      "url": "https://github.com/restlet/restlet-framework-java"
    },
    {
      "type": "WEB",
      "url": "https://github.com/restlet/restlet-framework-java/wiki/XEE-security-enhancements"
    },
    {
      "type": "WEB",
      "url": "https://lgtm.com/blog/restlet_CVE-2017-14868"
    }
  ],
  "affected": [
    {
      "package": {
        "name": "org.restlet.jse:org.restlet",
        "ecosystem": "Maven",
        "purl": "pkg:maven/org.restlet.jse/org.restlet"
      },
      "ranges": [
        {
          "type": "ECOSYSTEM",
          "events": [
            {
              "introduced": "0"
            },
            {
              "fixed": "2.3.11"
            }
          ]
        }
      ],
      "database_specific": {
        "source": "https://github.com/github/advisory-database/blob/main/advisories/github-reviewed/2018/10/GHSA-2mp8-qvqm-3xwq/GHSA-2mp8-qvqm-3xwq.json"
      },
      "versions": []
    }
  ],
  "schema_version": "1.4.0",
  "severity": [
    {
      "type": "CVSS_V3",
      "score": "CVSS:3.0/AV:N/AC:L/PR:N/UI:N/S:U/C:H/I:N/A:N"
    }
  ]
}