{
  "id": "GHSA-48g9-h7g5-8pw2",
  "summary": "Jenkins Convert To Pipeline Plugin vulnerable to cross-site request forgery",
  "details": "Convert To Pipeline Plugin 1.0 and earlier does not require POST requests for the HTTP endpoint converting a Freestyle project to Pipeline, resulting in a cross-site request forgery (CSRF) vulnerability.\n\nThis vulnerability allows attackers to create a Pipeline based on a Freestyle project. Combined with [SECURITY-2966](https://www.jenkins.io/security/advisory/2023-03-21/#SECURITY-2966)/CVE-2023-28677, this can result in the execution of unsandboxed Pipeline scripts.",
  "aliases": [
    "CVE-2023-28676"
  ],
  "modified": "2023-04-11T01:44:39.377279Z",
  "published": "2023-04-02T21:30:17Z",
  "database_specific": {
    "nvd_published_at": "2023-04-02T21:15:00Z",
    "github_reviewed_at": "2023-04-04T17:37:11Z",
    "severity": "HIGH",
    "github_reviewed": true,
    "cwe_ids": [
      "CWE-352"
    ]
  },
  "references": [
    {
      "type": "ADVISORY",
      "url": "https://nvd.nist.gov/vuln/detail/CVE-2023-28676"
    },
    {
      "type": "PACKAGE",
      "url": "https://github.com/jenkinsci/octoperf-plugin"
    },
    {
      "type": "WEB",
      "url": "https://www.jenkins.io/security/advisory/2023-03-21/#SECURITY-2963"
    }
  ],
  "affected": [
    {
      "package": {
        "name": "org.jenkins-ci.plugins:convert-to-pipeline",
        "ecosystem": "Maven",
        "purl": "pkg:maven/org.jenkins-ci.plugins/convert-to-pipeline"
      },
      "ranges": [
        {
          "type": "ECOSYSTEM",
          "events": [
            {
              "introduced": "0"
            },
            {
              "last_affected": "1.0"
            }
          ]
        }
      ],
      "versions": [
        "1.0"
      ],
      "database_specific": {
        "source": "https://github.com/github/advisory-database/blob/main/advisories/github-reviewed/2023/04/GHSA-48g9-h7g5-8pw2/GHSA-48g9-h7g5-8pw2.json"
      }
    }
  ],
  "schema_version": "1.4.0",
  "severity": [
    {
      "type": "CVSS_V3",
      "score": "CVSS:3.1/AV:N/AC:L/PR:N/UI:R/S:U/C:H/I:H/A:H"
    }
  ]
}