{
  "id": "GHSA-23x8-j7hm-5xwf",
  "summary": "Improper Neutralization of Input During Web Page Generation in Apache Axis2",
  "details": "Cross-site scripting (XSS) vulnerability in axis2-admin/axis2-admin/engagingglobally in the administration console in Apache Axis2/Java 1.4.1, 1.5.1, and possibly other versions, as used in SAP Business Objects 12, 3com IMC, and possibly other products, allows remote attackers to inject arbitrary web script or HTML via the modules parameter.  NOTE: some of these details are obtained from third party information.",
  "aliases": [
    "CVE-2010-2103"
  ],
  "modified": "2022-07-08T18:52:41Z",
  "published": "2022-05-14T02:44:30Z",
  "database_specific": {
    "nvd_published_at": "2010-05-27T22:30:00Z",
    "github_reviewed_at": "2022-07-08T18:52:41Z",
    "severity": "MODERATE",
    "github_reviewed": true,
    "cwe_ids": [
      "CWE-79"
    ]
  },
  "references": [
    {
      "type": "ADVISORY",
      "url": "https://nvd.nist.gov/vuln/detail/CVE-2010-2103"
    },
    {
      "type": "WEB",
      "url": "https://exchange.xforce.ibmcloud.com/vulnerabilities/58790"
    },
    {
      "type": "WEB",
      "url": "https://kb.juniper.net/KB27373"
    },
    {
      "type": "WEB",
      "url": "http://osvdb.org/64844"
    },
    {
      "type": "WEB",
      "url": "http://spl0it.org/files/talks/source_barcelona10/Hacking%20SAP%20BusinessObjects.pdf"
    },
    {
      "type": "WEB",
      "url": "http://www.exploit-db.com/exploits/12689"
    },
    {
      "type": "WEB",
      "url": "http://www.procheckup.com/vulnerability_manager/vulnerabilities/pr10-03"
    }
  ],
  "affected": [
    {
      "package": {
        "name": "org.apache.axis2.wso2:axis2",
        "ecosystem": "Maven",
        "purl": "pkg:maven/org.apache.axis2.wso2/axis2"
      },
      "ranges": [
        {
          "type": "ECOSYSTEM",
          "events": [
            {
              "introduced": "1.4.1"
            },
            {
              "fixed": "1.6.0"
            }
          ]
        }
      ],
      "database_specific": {
        "source": "https://github.com/github/advisory-database/blob/main/advisories/github-reviewed/2022/05/GHSA-23x8-j7hm-5xwf/GHSA-23x8-j7hm-5xwf.json"
      },
      "versions": []
    }
  ],
  "schema_version": "1.4.0"
}