{
  "id": "GHSA-273c-fjw8-v2w8",
  "summary": "Plaintext Storage of a Password in Jenkins OpsGenie Plugin",
  "details": "Jenkins OpsGenie Plugin 1.9 and earlier stores API keys unencrypted in its global configuration file and in job config.xml files on the Jenkins controller where they can be viewed by users with Extended Read permission (config.xml), or access to the Jenkins controller file system.",
  "aliases": [
    "CVE-2022-34803"
  ],
  "modified": "2023-06-30T20:34:14.587280Z",
  "published": "2022-07-01T00:01:08Z",
  "database_specific": {
    "nvd_published_at": "2022-06-30T18:15:00Z",
    "cwe_ids": [
      "CWE-256",
      "CWE-522"
    ],
    "severity": "MODERATE",
    "github_reviewed": true,
    "github_reviewed_at": "2022-07-12T21:24:32Z"
  },
  "references": [
    {
      "type": "ADVISORY",
      "url": "https://nvd.nist.gov/vuln/detail/CVE-2022-34803"
    },
    {
      "type": "PACKAGE",
      "url": "https://github.com/jenkinsci/opsgenie-plugin"
    },
    {
      "type": "WEB",
      "url": "https://www.jenkins.io/security/advisory/2022-06-30/#SECURITY-1877"
    }
  ],
  "affected": [
    {
      "package": {
        "name": "org.jenkins-ci.plugins:opsgenie",
        "ecosystem": "Maven",
        "purl": "pkg:maven/org.jenkins-ci.plugins/opsgenie"
      },
      "ranges": [
        {
          "type": "ECOSYSTEM",
          "events": [
            {
              "introduced": "0"
            },
            {
              "last_affected": "1.9"
            }
          ]
        }
      ],
      "versions": [
        "1.2",
        "1.5",
        "1.8",
        "1.9"
      ],
      "database_specific": {
        "source": "https://github.com/github/advisory-database/blob/main/advisories/github-reviewed/2022/07/GHSA-273c-fjw8-v2w8/GHSA-273c-fjw8-v2w8.json"
      }
    }
  ],
  "schema_version": "1.4.0",
  "severity": [
    {
      "type": "CVSS_V3",
      "score": "CVSS:3.1/AV:N/AC:L/PR:L/UI:N/S:U/C:L/I:N/A:N"
    }
  ]
}