{
  "id": "GHSA-346g-jrx9-jgf4",
  "summary": "Jenkins 360 FireLine Plugin vulnerable to XML External Entity Reference",
  "details": "An XML external entities (XXE) vulnerability in Jenkins 360 FireLine Plugin allows attackers with Overall/Read access to have Jenkins resolve external entities, resulting in the extraction of secrets from the Jenkins agent, server-side request forgery, or denial-of-service attacks.\n\n## Note: Jenkins has suspended distribution of this plugin.",
  "aliases": [
    "CVE-2019-10466"
  ],
  "modified": "2023-04-11T01:44:06.884163Z",
  "published": "2022-05-24T16:59:36Z",
  "database_specific": {
    "nvd_published_at": "2019-10-23T13:15:00Z",
    "github_reviewed_at": "2022-12-06T21:31:41Z",
    "severity": "HIGH",
    "github_reviewed": true,
    "cwe_ids": [
      "CWE-611"
    ]
  },
  "references": [
    {
      "type": "ADVISORY",
      "url": "https://nvd.nist.gov/vuln/detail/CVE-2019-10466"
    },
    {
      "type": "PACKAGE",
      "url": "https://github.com/jenkinsci/fireline-plugin"
    },
    {
      "type": "WEB",
      "url": "https://jenkins.io/security/advisory/2019-10-23/#SECURITY-822"
    },
    {
      "type": "WEB",
      "url": "http://www.openwall.com/lists/oss-security/2019/10/23/2"
    }
  ],
  "affected": [
    {
      "package": {
        "name": "org.jenkins-ci.plugins.plugin:fireline",
        "ecosystem": "Maven",
        "purl": "pkg:maven/org.jenkins-ci.plugins.plugin/fireline"
      },
      "ranges": [
        {
          "type": "ECOSYSTEM",
          "events": [
            {
              "introduced": "0"
            },
            {
              "last_affected": "1.7.2"
            }
          ]
        }
      ],
      "versions": [
        "1.0",
        "1.2",
        "1.3",
        "1.4.1",
        "1.4.21",
        "1.4.22",
        "1.4.3",
        "1.4.4",
        "1.4.4.2",
        "1.4.40",
        "1.4.41",
        "1.4.42",
        "1.4.43",
        "1.4.61",
        "1.4.81",
        "1.4.82",
        "1.4.83",
        "1.4.90",
        "1.4.91",
        "1.5.10",
        "1.5.11",
        "1.5.16",
        "1.5.17",
        "1.5.18",
        "1.5.4",
        "1.5.5",
        "1.5.6",
        "1.5.8",
        "1.5.9",
        "1.6.10",
        "1.6.11",
        "1.7.0",
        "1.7.2"
      ],
      "database_specific": {
        "source": "https://github.com/github/advisory-database/blob/main/advisories/github-reviewed/2022/05/GHSA-346g-jrx9-jgf4/GHSA-346g-jrx9-jgf4.json"
      }
    }
  ],
  "schema_version": "1.4.0",
  "severity": [
    {
      "type": "CVSS_V3",
      "score": "CVSS:3.1/AV:N/AC:L/PR:L/UI:N/S:U/C:H/I:N/A:H"
    }
  ]
}