{
  "id": "GHSA-37m3-qp37-x3c6",
  "summary": "Apache Geode gfsh query vulnerability",
  "details": "When a cluster is operating in secure mode, a user with read privileges for specific data regions can use the gfsh command line utility to execute queries. In Apache Geode before 1.2.1, the query results may contain data from another user's concurrently executing gfsh query, potentially revealing data that the user is not authorized to view.",
  "aliases": [
    "CVE-2017-9794"
  ],
  "modified": "2023-04-11T01:47:48.154357Z",
  "published": "2022-05-17T00:34:39Z",
  "database_specific": {
    "nvd_published_at": "2017-09-30T01:29:00Z",
    "github_reviewed_at": "2022-11-08T14:34:53Z",
    "severity": "MODERATE",
    "github_reviewed": true,
    "cwe_ids": [
      "CWE-200"
    ]
  },
  "references": [
    {
      "type": "ADVISORY",
      "url": "https://nvd.nist.gov/vuln/detail/CVE-2017-9794"
    },
    {
      "type": "WEB",
      "url": "https://issues.apache.org/jira/browse/GEODE-3217"
    },
    {
      "type": "WEB",
      "url": "https://lists.apache.org/thread/403xxbfrh4csyj1st7351g2dkm0hb91v"
    }
  ],
  "affected": [
    {
      "package": {
        "name": "org.apache.geode:geode-core",
        "ecosystem": "Maven",
        "purl": "pkg:maven/org.apache.geode/geode-core"
      },
      "ranges": [
        {
          "type": "ECOSYSTEM",
          "events": [
            {
              "introduced": "1.0.0"
            },
            {
              "fixed": "1.2.1"
            }
          ]
        }
      ],
      "versions": [
        "1.0.0-incubating",
        "1.0.0-incubating.M2",
        "1.0.0-incubating.M3",
        "1.1.0",
        "1.1.1",
        "1.2.0"
      ],
      "database_specific": {
        "source": "https://github.com/github/advisory-database/blob/main/advisories/github-reviewed/2022/05/GHSA-37m3-qp37-x3c6/GHSA-37m3-qp37-x3c6.json"
      }
    }
  ],
  "schema_version": "1.4.0",
  "severity": [
    {
      "type": "CVSS_V3",
      "score": "CVSS:3.0/AV:N/AC:L/PR:L/UI:N/S:U/C:L/I:N/A:N"
    }
  ]
}