{
  "id": "GHSA-337f-xr2x-6fcf",
  "summary": "Apache Kerby LdapIdentityBackend LDAP Injection vulnerability",
  "details": "An LDAP Injection vulnerability exists in the LdapIdentityBackend of Apache Kerby before 2.0.3.",
  "aliases": [
    "CVE-2023-25613"
  ],
  "modified": "2023-04-11T01:18:10.388323Z",
  "published": "2023-02-20T18:30:17Z",
  "database_specific": {
    "nvd_published_at": "2023-02-20T16:15:00Z",
    "github_reviewed_at": "2023-02-22T00:12:20Z",
    "severity": "CRITICAL",
    "github_reviewed": true,
    "cwe_ids": [
      "CWE-74"
    ]
  },
  "references": [
    {
      "type": "ADVISORY",
      "url": "https://nvd.nist.gov/vuln/detail/CVE-2023-25613"
    },
    {
      "type": "PACKAGE",
      "url": "https://github.com/apache/directory-kerby"
    },
    {
      "type": "WEB",
      "url": "https://lists.apache.org/thread/ynz3hhbbq6d980fzpncwbh5jd8mkyt5y"
    }
  ],
  "affected": [
    {
      "package": {
        "name": "org.apache.kerby:ldap-backend",
        "ecosystem": "Maven",
        "purl": "pkg:maven/org.apache.kerby/ldap-backend"
      },
      "ranges": [
        {
          "type": "ECOSYSTEM",
          "events": [
            {
              "introduced": "0"
            },
            {
              "fixed": "2.0.3"
            }
          ]
        }
      ],
      "versions": [
        "1.0.0",
        "1.0.0-RC1",
        "1.0.0-RC2",
        "1.0.1",
        "1.1.0",
        "1.1.1",
        "2.0.0",
        "2.0.1",
        "2.0.2"
      ],
      "database_specific": {
        "source": "https://github.com/github/advisory-database/blob/main/advisories/github-reviewed/2023/02/GHSA-337f-xr2x-6fcf/GHSA-337f-xr2x-6fcf.json"
      }
    }
  ],
  "schema_version": "1.4.0",
  "severity": [
    {
      "type": "CVSS_V3",
      "score": "CVSS:3.1/AV:N/AC:L/PR:N/UI:N/S:U/C:H/I:H/A:H"
    }
  ]
}