{
  "id": "GHSA-34j6-m83c-52x2",
  "summary": "Jfinal Cross-site Scripting vulnerability",
  "details": "Jfinal CMS v5.1.0 allows attackers to execute arbitrary web scripts or HTML via a crafted payload injected into the post title text field under the publish blog module.",
  "aliases": [
    "CVE-2022-36527"
  ],
  "modified": "2023-04-11T01:27:51.820007Z",
  "published": "2022-08-26T00:03:30Z",
  "database_specific": {
    "nvd_published_at": "2022-08-25T19:15:00Z",
    "github_reviewed_at": "2022-09-01T22:23:46Z",
    "severity": "MODERATE",
    "github_reviewed": true,
    "cwe_ids": [
      "CWE-79"
    ]
  },
  "references": [
    {
      "type": "ADVISORY",
      "url": "https://nvd.nist.gov/vuln/detail/CVE-2022-36527"
    },
    {
      "type": "WEB",
      "url": "https://github.com/jflyfox/jfinal_cms/issues/45"
    },
    {
      "type": "PACKAGE",
      "url": "https://github.com/jflyfox/jflyfox_jfinal"
    }
  ],
  "affected": [
    {
      "package": {
        "name": "com.jflyfox:jflyfox_jfinal",
        "ecosystem": "Maven",
        "purl": "pkg:maven/com.jflyfox/jflyfox_jfinal"
      },
      "ranges": [
        {
          "type": "ECOSYSTEM",
          "events": [
            {
              "introduced": "0"
            },
            {
              "last_affected": "5.1.0"
            }
          ]
        }
      ],
      "versions": [
        "1.8",
        "1.9",
        "2.0",
        "2.1",
        "3.0",
        "4.0",
        "4.1",
        "4.2",
        "4.3",
        "4.4",
        "4.5.0"
      ],
      "database_specific": {
        "source": "https://github.com/github/advisory-database/blob/main/advisories/github-reviewed/2022/08/GHSA-34j6-m83c-52x2/GHSA-34j6-m83c-52x2.json"
      }
    }
  ],
  "schema_version": "1.4.0",
  "severity": [
    {
      "type": "CVSS_V3",
      "score": "CVSS:3.1/AV:N/AC:L/PR:L/UI:R/S:C/C:L/I:L/A:N"
    }
  ]
}