{
  "id": "GHSA-25gw-4pcc-45cf",
  "summary": "Deserialization of Untrusted Data in Apache Batik",
  "details": "In Apache Batik 1.x before 1.10, when deserializing subclass of `AbstractDocument`, the class takes a string from the inputStream as the class name which then use it to call the no-arg constructor of the class. Fix was to check the class type before calling newInstance in deserialization.",
  "aliases": [
    "CVE-2018-8013"
  ],
  "modified": "2023-04-11T01:39:55.660386Z",
  "published": "2022-05-13T01:14:24Z",
  "database_specific": {
    "nvd_published_at": "2018-05-24T16:29:00Z",
    "github_reviewed_at": "2022-06-29T18:57:27Z",
    "severity": "CRITICAL",
    "github_reviewed": true,
    "cwe_ids": [
      "CWE-502"
    ]
  },
  "references": [
    {
      "type": "ADVISORY",
      "url": "https://nvd.nist.gov/vuln/detail/CVE-2018-8013"
    },
    {
      "type": "WEB",
      "url": "https://lists.apache.org/thread.html/r9e90b4d1cf6ea87a79bb506541140dfbf4801f4463a7cee08126ee44@%3Ccommits.xmlgraphics.apache.org%3E"
    },
    {
      "type": "WEB",
      "url": "https://lists.apache.org/thread.html/rc0a31867796043fbe59113fb654fe8b13309fe04f8935acb8d0fab19@%3Ccommits.xmlgraphics.apache.org%3E"
    },
    {
      "type": "WEB",
      "url": "https://lists.debian.org/debian-lts-announce/2018/05/msg00016.html"
    },
    {
      "type": "WEB",
      "url": "https://mail-archives.apache.org/mod_mbox/xmlgraphics-batik-dev/201805.mbox/%3c000701d3f28f$d01860a0$704921e0$@gmail.com%3e"
    },
    {
      "type": "WEB",
      "url": "https://usn.ubuntu.com/3661-1/"
    },
    {
      "type": "WEB",
      "url": "https://www.debian.org/security/2018/dsa-4215"
    },
    {
      "type": "WEB",
      "url": "https://www.oracle.com/security-alerts/cpujul2020.html"
    },
    {
      "type": "WEB",
      "url": "https://www.oracle.com/security-alerts/cpuoct2020.html"
    },
    {
      "type": "WEB",
      "url": "https://www.oracle.com/technetwork/security-advisory/cpuapr2019-5072813.html"
    },
    {
      "type": "WEB",
      "url": "https://www.oracle.com/technetwork/security-advisory/cpujan2019-5072801.html"
    },
    {
      "type": "WEB",
      "url": "https://www.oracle.com/technetwork/security-advisory/cpujul2019-5072835.html"
    },
    {
      "type": "WEB",
      "url": "https://xmlgraphics.apache.org/security.html"
    },
    {
      "type": "WEB",
      "url": "http://www.oracle.com/technetwork/security-advisory/cpujul2018-4258247.html"
    },
    {
      "type": "WEB",
      "url": "http://www.oracle.com/technetwork/security-advisory/cpuoct2018-4428296.html"
    },
    {
      "type": "WEB",
      "url": "http://www.securityfocus.com/bid/104252"
    },
    {
      "type": "WEB",
      "url": "http://www.securitytracker.com/id/1040995"
    }
  ],
  "affected": [
    {
      "package": {
        "name": "org.apache.xmlgraphics:batik",
        "ecosystem": "Maven",
        "purl": "pkg:maven/org.apache.xmlgraphics/batik"
      },
      "ranges": [
        {
          "type": "ECOSYSTEM",
          "events": [
            {
              "introduced": "1.0"
            },
            {
              "fixed": "1.10"
            }
          ]
        }
      ],
      "versions": [
        "1.9.1"
      ],
      "database_specific": {
        "last_known_affected_version_range": "<= 1.9.1",
        "source": "https://github.com/github/advisory-database/blob/main/advisories/github-reviewed/2022/05/GHSA-25gw-4pcc-45cf/GHSA-25gw-4pcc-45cf.json"
      }
    }
  ],
  "schema_version": "1.4.0",
  "severity": [
    {
      "type": "CVSS_V3",
      "score": "CVSS:3.0/AV:N/AC:L/PR:N/UI:N/S:U/C:H/I:H/A:H"
    }
  ]
}