{
  "id": "GHSA-2jxh-3cx8-xw65",
  "summary": "Apache Geronimo console 1.0 vulnerable to cross-site scripting",
  "details": "Multiple cross-site scripting (XSS) vulnerabilities in Apache Geronimo 1.0 allow remote attackers to inject arbitrary web script or HTML via the (1) time parameter to cal2.jsp and (2) any invalid parameter, which causes an XSS when the log file is viewed by the Web-Access-Log viewer. Version 1.1 contains fixes for these issues.",
  "aliases": [
    "CVE-2006-0254"
  ],
  "modified": "2023-04-11T01:36:43.058258Z",
  "published": "2022-05-01T06:38:20Z",
  "database_specific": {
    "nvd_published_at": "2006-01-18T01:51:00Z",
    "github_reviewed_at": "2022-07-28T15:28:00Z",
    "severity": "MODERATE",
    "github_reviewed": true,
    "cwe_ids": [
      "CWE-79"
    ]
  },
  "references": [
    {
      "type": "ADVISORY",
      "url": "https://nvd.nist.gov/vuln/detail/CVE-2006-0254"
    },
    {
      "type": "WEB",
      "url": "https://exchange.xforce.ibmcloud.com/vulnerabilities/24158"
    },
    {
      "type": "WEB",
      "url": "https://exchange.xforce.ibmcloud.com/vulnerabilities/24159"
    },
    {
      "type": "WEB",
      "url": "https://geronimo.apache.org/GMOxDOC11/release-notes-11txt.html"
    },
    {
      "type": "WEB",
      "url": "https://issues.apache.org/jira/secure/ReleaseNote.jspa?version=12310181&styleName=Html&projectId=10220&Create=Create"
    },
    {
      "type": "WEB",
      "url": "https://issues.apache.org/jira/secure/attachment/12322088/GERONIMO-1474.patch"
    },
    {
      "type": "WEB",
      "url": "http://issues.apache.org/jira/browse/GERONIMO-1474"
    },
    {
      "type": "WEB",
      "url": "http://rhn.redhat.com/errata/RHSA-2008-0630.html"
    },
    {
      "type": "WEB",
      "url": "http://secunia.com/advisories/18485"
    },
    {
      "type": "WEB",
      "url": "http://secunia.com/advisories/31493"
    },
    {
      "type": "PACKAGE",
      "url": "http://svn.apache.org/viewvc/geronimo/"
    },
    {
      "type": "WEB",
      "url": "http://svn.apache.org/viewvc?view=revision&revision=372322"
    },
    {
      "type": "WEB",
      "url": "http://www.oliverkarow.de/research/geronimo_css.txt"
    },
    {
      "type": "WEB",
      "url": "http://www.redhat.com/support/errata/RHSA-2008-0261.html"
    },
    {
      "type": "WEB",
      "url": "http://www.securityfocus.com/archive/1/421996/100/0/threaded"
    },
    {
      "type": "WEB",
      "url": "http://www.securityfocus.com/bid/16260"
    },
    {
      "type": "WEB",
      "url": "http://www.vupen.com/english/advisories/2006/0217"
    }
  ],
  "affected": [
    {
      "package": {
        "name": "geronimo:geronimo-console-standard",
        "ecosystem": "Maven",
        "purl": "pkg:maven/geronimo/geronimo-console-standard"
      },
      "ranges": [
        {
          "type": "ECOSYSTEM",
          "events": [
            {
              "introduced": "0"
            },
            {
              "fixed": "1.1"
            }
          ]
        }
      ],
      "versions": [
        "1.0",
        "1.0-M5"
      ],
      "database_specific": {
        "source": "https://github.com/github/advisory-database/blob/main/advisories/github-reviewed/2022/05/GHSA-2jxh-3cx8-xw65/GHSA-2jxh-3cx8-xw65.json"
      }
    }
  ],
  "schema_version": "1.4.0"
}