{
  "id": "GHSA-455j-8hg5-8576",
  "summary": "Stored Cross-site Scripting vulnerability in Jenkins Gerrit Trigger Plugin",
  "details": "Jenkins Gerrit Trigger Plugin 2.35.2 and earlier does not escape the name and description of parameters on views displaying parameters, resulting in a stored cross-site scripting (XSS) vulnerability exploitable by attackers with Item/Configure permission.\n\nExploitation of these vulnerabilities requires that parameters are listed on another page, like the \\\"Build With Parameters\\\" and \\\"Parameters\\\" pages provided by Jenkins (core), and that those pages are not hardened to prevent exploitation. Jenkins (core) has prevented exploitation of vulnerabilities of this kind on the \\\"Build With Parameters\\\" and \\\"Parameters\\\" pages since 2.44 and LTS 2.32.2 as part of the [SECURITY-353 / CVE-2017-2601](https://www.jenkins.io/security/advisory/2017-02-01/#persisted-cross-site-scripting-vulnerability-in-parameter-names-and-descriptions) fix.",
  "aliases": [
    "CVE-2022-29039"
  ],
  "modified": "2023-04-11T01:43:55.949437Z",
  "published": "2022-04-13T00:00:19Z",
  "database_specific": {
    "nvd_published_at": "2022-04-12T20:15:00Z",
    "github_reviewed_at": "2022-12-02T21:28:46Z",
    "severity": "HIGH",
    "github_reviewed": true,
    "cwe_ids": [
      "CWE-79"
    ]
  },
  "references": [
    {
      "type": "ADVISORY",
      "url": "https://nvd.nist.gov/vuln/detail/CVE-2022-29039"
    },
    {
      "type": "WEB",
      "url": "https://github.com/jenkinsci/gerrit-trigger-plugin/commit/8b1d59645725e6f01057c1cf87170e321f99f6be"
    },
    {
      "type": "PACKAGE",
      "url": "https://github.com/jenkinsci/gerrit-trigger-plugin"
    },
    {
      "type": "WEB",
      "url": "https://www.jenkins.io/security/advisory/2022-04-12/#SECURITY-2617"
    }
  ],
  "affected": [
    {
      "package": {
        "name": "com.sonyericsson.hudson.plugins.gerrit:gerrit-trigger",
        "ecosystem": "Maven",
        "purl": "pkg:maven/com.sonyericsson.hudson.plugins.gerrit/gerrit-trigger"
      },
      "ranges": [
        {
          "type": "ECOSYSTEM",
          "events": [
            {
              "introduced": "0"
            },
            {
              "fixed": "2.35.3"
            }
          ]
        }
      ],
      "versions": [
        "2.0",
        "2.1.0",
        "2.10.0",
        "2.10.1",
        "2.11.0",
        "2.11.0-beta-1",
        "2.11.0-beta-2",
        "2.11.0-beta-3",
        "2.11.0-beta-4",
        "2.11.1",
        "2.12.0",
        "2.12.0-beta-1",
        "2.12.0-beta-2",
        "2.12.0-beta-3",
        "2.12.0-beta-4",
        "2.12.0-beta-5",
        "2.13.0",
        "2.13.0-beta-2",
        "2.13.0-beta-3",
        "2.13.0-beta-4",
        "2.13.0-beta-5",
        "2.13.0-beta-6",
        "2.14.0",
        "2.14.0-beta-1",
        "2.14.0-beta-2",
        "2.14.0-beta-3",
        "2.15.0",
        "2.15.0-beta-1",
        "2.15.1",
        "2.15.2",
        "2.16.0",
        "2.17.0",
        "2.17.1",
        "2.17.2",
        "2.17.3",
        "2.17.4",
        "2.17.5",
        "2.18.0",
        "2.18.1",
        "2.18.2",
        "2.18.3",
        "2.18.4",
        "2.19.0",
        "2.2.0",
        "2.20.0",
        "2.21.0",
        "2.21.1",
        "2.22.0",
        "2.22.0-beta-1",
        "2.23.0",
        "2.23.1",
        "2.23.2",
        "2.23.3",
        "2.24.0",
        "2.25.0",
        "2.26.0",
        "2.26.1",
        "2.26.2",
        "2.27.0",
        "2.27.1",
        "2.27.2",
        "2.27.3",
        "2.27.4",
        "2.27.5",
        "2.27.6",
        "2.27.7",
        "2.28.0",
        "2.29.0",
        "2.3.0",
        "2.3.1",
        "2.30.0",
        "2.30.1",
        "2.30.2",
        "2.30.3",
        "2.30.4",
        "2.30.5",
        "2.31.0",
        "2.32.0",
        "2.32.1",
        "2.33.0",
        "2.34.0",
        "2.35.0",
        "2.35.0-beta-1",
        "2.35.1",
        "2.35.2",
        "2.4.0",
        "2.5.0",
        "2.5.1",
        "2.5.2",
        "2.6.0",
        "2.7.0",
        "2.8.0",
        "2.9.0"
      ],
      "database_specific": {
        "source": "https://github.com/github/advisory-database/blob/main/advisories/github-reviewed/2022/04/GHSA-455j-8hg5-8576/GHSA-455j-8hg5-8576.json"
      }
    }
  ],
  "schema_version": "1.4.0",
  "severity": [
    {
      "type": "CVSS_V3",
      "score": "CVSS:3.1/AV:N/AC:L/PR:L/UI:R/S:U/C:H/I:H/A:H"
    }
  ]
}