{
  "id": "GHSA-4gqp-296r-j5mq",
  "summary": "Apache XML-RPC vulnerable to Deserialization of Untrusted Data",
  "details": "The Apache XML-RPC (aka ws-xmlrpc) library 3.1.3, as used in Apache Archiva, allows remote attackers to execute arbitrary code via a crafted serialized Java object in an <ex:serializable> element.",
  "aliases": [
    "CVE-2016-5003"
  ],
  "modified": "2023-04-11T01:43:05.826327Z",
  "published": "2022-05-14T01:53:10Z",
  "database_specific": {
    "nvd_published_at": "2017-10-27T18:29:00Z",
    "github_reviewed_at": "2023-02-08T17:58:05Z",
    "severity": "CRITICAL",
    "github_reviewed": true,
    "cwe_ids": [
      "CWE-502"
    ]
  },
  "references": [
    {
      "type": "ADVISORY",
      "url": "https://nvd.nist.gov/vuln/detail/CVE-2016-5003"
    },
    {
      "type": "WEB",
      "url": "https://0ang3el.blogspot.ru/2016/07/beware-of-ws-xmlrpc-library-in-your.html"
    },
    {
      "type": "WEB",
      "url": "https://access.redhat.com/errata/RHSA-2018:1779"
    },
    {
      "type": "WEB",
      "url": "https://access.redhat.com/errata/RHSA-2018:1780"
    },
    {
      "type": "WEB",
      "url": "https://access.redhat.com/errata/RHSA-2018:1784"
    },
    {
      "type": "WEB",
      "url": "https://access.redhat.com/errata/RHSA-2018:2317"
    },
    {
      "type": "WEB",
      "url": "https://access.redhat.com/errata/RHSA-2018:3768"
    },
    {
      "type": "WEB",
      "url": "https://access.redhat.com/security/cve/CVE-2016-5003"
    },
    {
      "type": "WEB",
      "url": "https://bugzilla.redhat.com/show_bug.cgi?id=1508123"
    },
    {
      "type": "WEB",
      "url": "https://exchange.xforce.ibmcloud.com/vulnerabilities/115043"
    },
    {
      "type": "WEB",
      "url": "https://web.archive.org/web/20160716070844/http://www.securitytracker.com/id/1036294"
    },
    {
      "type": "WEB",
      "url": "https://web.archive.org/web/20171111065719/http://www.securityfocus.com/bid/91736"
    },
    {
      "type": "WEB",
      "url": "https://web.archive.org/web/20200227235226/http://www.securityfocus.com/bid/91738"
    },
    {
      "type": "WEB",
      "url": "https://www.openwall.com/lists/oss-security/2016/07/12/5"
    },
    {
      "type": "WEB",
      "url": "https://www.openwall.com/lists/oss-security/2020/01/16/1"
    },
    {
      "type": "WEB",
      "url": "https://www.openwall.com/lists/oss-security/2020/01/24/2"
    }
  ],
  "affected": [
    {
      "package": {
        "name": "org.apache.xmlrpc:xmlrpc",
        "ecosystem": "Maven",
        "purl": "pkg:maven/org.apache.xmlrpc/xmlrpc"
      },
      "ranges": [
        {
          "type": "ECOSYSTEM",
          "events": [
            {
              "introduced": "0"
            },
            {
              "last_affected": "3.1.3"
            }
          ]
        }
      ],
      "versions": [
        "3.0",
        "3.0b1",
        "3.0rc1",
        "3.1",
        "3.1.1",
        "3.1.2",
        "3.1.3"
      ],
      "database_specific": {
        "source": "https://github.com/github/advisory-database/blob/main/advisories/github-reviewed/2022/05/GHSA-4gqp-296r-j5mq/GHSA-4gqp-296r-j5mq.json"
      }
    }
  ],
  "schema_version": "1.4.0",
  "severity": [
    {
      "type": "CVSS_V3",
      "score": "CVSS:3.0/AV:N/AC:L/PR:N/UI:N/S:U/C:H/I:H/A:H"
    }
  ]
}