{
  "id": "GHSA-3pqg-4rqg-pg9g",
  "summary": "Cross-site Scripting in OWASP AntiSamy",
  "details": "OWASP AntiSamy is a library for performing fast, configurable cleansing of HTML coming from untrusted sources. AntiSamy before 1.6.6 allows XSS via HTML tag smuggling on STYLE content with crafted input. The output serializer does not properly encode the supposed Cascading Style Sheets (CSS) content.",
  "aliases": [
    "CVE-2022-28367"
  ],
  "modified": "2023-04-11T01:19:48.346891Z",
  "published": "2022-04-23T00:03:04Z",
  "database_specific": {
    "nvd_published_at": "2022-04-21T23:15:00Z",
    "github_reviewed_at": "2022-04-26T19:45:44Z",
    "severity": "MODERATE",
    "github_reviewed": true,
    "cwe_ids": [
      "CWE-79"
    ]
  },
  "references": [
    {
      "type": "ADVISORY",
      "url": "https://nvd.nist.gov/vuln/detail/CVE-2022-28367"
    },
    {
      "type": "WEB",
      "url": "https://github.com/nahsra/antisamy/commit/0199e7e194dba5e7d7197703f43ebe22401e61ae"
    },
    {
      "type": "PACKAGE",
      "url": "https://github.com/nahsra/antisamy"
    },
    {
      "type": "WEB",
      "url": "https://github.com/nahsra/antisamy/releases/tag/v1.6.6"
    }
  ],
  "affected": [
    {
      "package": {
        "name": "org.owasp.antisamy:antisamy",
        "ecosystem": "Maven",
        "purl": "pkg:maven/org.owasp.antisamy/antisamy"
      },
      "ranges": [
        {
          "type": "ECOSYSTEM",
          "events": [
            {
              "introduced": "0"
            },
            {
              "fixed": "1.6.6"
            }
          ]
        }
      ],
      "versions": [
        "1.4.2",
        "1.4.3",
        "1.4.4",
        "1.4.5",
        "1.5",
        "1.5.1",
        "1.5.10",
        "1.5.11",
        "1.5.12",
        "1.5.13",
        "1.5.2",
        "1.5.3",
        "1.5.5",
        "1.5.6",
        "1.5.7",
        "1.5.8",
        "1.5.9",
        "1.6.0",
        "1.6.1",
        "1.6.2",
        "1.6.3",
        "1.6.4",
        "1.6.5"
      ],
      "database_specific": {
        "source": "https://github.com/github/advisory-database/blob/main/advisories/github-reviewed/2022/04/GHSA-3pqg-4rqg-pg9g/GHSA-3pqg-4rqg-pg9g.json"
      }
    }
  ],
  "schema_version": "1.4.0",
  "severity": [
    {
      "type": "CVSS_V3",
      "score": "CVSS:3.1/AV:N/AC:L/PR:N/UI:R/S:C/C:L/I:L/A:N"
    }
  ]
}