{
  "id": "GHSA-2fx6-r6qx-3c7h",
  "summary": "Path Traversal in Apache Oozie",
  "details": "Vulnerability allows a user of Apache Oozie 3.1.3-incubating to 4.3.0 and 5.0.0-beta1 to expose private files on the Oozie server process. The malicious user can construct a workflow XML file containing XML directives and configuration that reference sensitive files on the Oozie server host.",
  "aliases": [
    "CVE-2017-15712"
  ],
  "modified": "2023-04-11T01:50:06.901514Z",
  "published": "2022-05-14T03:37:34Z",
  "database_specific": {
    "nvd_published_at": "2018-02-19T14:29:00Z",
    "github_reviewed_at": "2022-11-01T22:28:16Z",
    "severity": "MODERATE",
    "github_reviewed": true,
    "cwe_ids": [
      "CWE-22"
    ]
  },
  "references": [
    {
      "type": "ADVISORY",
      "url": "https://nvd.nist.gov/vuln/detail/CVE-2017-15712"
    },
    {
      "type": "WEB",
      "url": "https://lists.apache.org/thread.html/4606709264fe7cb0285e2a12aca2d01a06b14cd58791c9fc32abd216@%3Cdev.oozie.apache.org%3E"
    },
    {
      "type": "WEB",
      "url": "http://www.securityfocus.com/bid/103102"
    }
  ],
  "affected": [
    {
      "package": {
        "name": "org.apache.oozie:oozie-core",
        "ecosystem": "Maven",
        "purl": "pkg:maven/org.apache.oozie/oozie-core"
      },
      "ranges": [
        {
          "type": "ECOSYSTEM",
          "events": [
            {
              "introduced": "3.1.3"
            },
            {
              "fixed": "5.0.0"
            }
          ]
        }
      ],
      "versions": [
        "4.1.0",
        "4.2.0",
        "4.3.0",
        "4.3.1",
        "5.0.0-beta1"
      ],
      "database_specific": {
        "source": "https://github.com/github/advisory-database/blob/main/advisories/github-reviewed/2022/05/GHSA-2fx6-r6qx-3c7h/GHSA-2fx6-r6qx-3c7h.json"
      }
    }
  ],
  "schema_version": "1.4.0",
  "severity": [
    {
      "type": "CVSS_V3",
      "score": "CVSS:3.0/AV:N/AC:L/PR:L/UI:N/S:U/C:H/I:N/A:N"
    }
  ]
}