{
  "id": "GHSA-2r9r-8fcg-m38g",
  "summary": "Goobi viewer Core has Cross-Site Scripting Vulnerability in User Nicknames",
  "details": "### Impact\nA cross-site scripting vulnerability has been identified in Goobi viewer core when using nicknames. An attacker could create a user account and enter malicious scripts into their profile's nickname, resulting in the execution in the user's browser when displaying the nickname on certain pages.\n\n### Patches\nThe vulnerability has been fixed in version 23.03\n\nIf you have any questions or comments about this advisory:\n* Email us at [support@intranda.com](mailto:support@intranda.com)",
  "aliases": [
    "CVE-2023-29016"
  ],
  "modified": "2023-04-07T19:22:33Z",
  "published": "2023-04-07T19:22:33Z",
  "database_specific": {
    "nvd_published_at": "2023-04-06T20:15:00Z",
    "github_reviewed_at": "2023-04-07T19:22:33Z",
    "severity": "MODERATE",
    "github_reviewed": true,
    "cwe_ids": [
      "CWE-79"
    ]
  },
  "references": [
    {
      "type": "WEB",
      "url": "https://github.com/intranda/goobi-viewer-core/security/advisories/GHSA-2r9r-8fcg-m38g"
    },
    {
      "type": "ADVISORY",
      "url": "https://nvd.nist.gov/vuln/detail/CVE-2023-29016"
    },
    {
      "type": "WEB",
      "url": "https://github.com/intranda/goobi-viewer-core/commit/8eadb32b3fdcb775678b74d95bc3df018a5d5238"
    },
    {
      "type": "PACKAGE",
      "url": "https://github.com/intranda/goobi-viewer-core"
    }
  ],
  "affected": [
    {
      "package": {
        "name": "io.goobi.viewer:viewer-core",
        "ecosystem": "Maven",
        "purl": "pkg:maven/io.goobi.viewer/viewer-core"
      },
      "ranges": [
        {
          "type": "ECOSYSTEM",
          "events": [
            {
              "introduced": "0"
            },
            {
              "fixed": "23.03"
            }
          ]
        }
      ],
      "database_specific": {
        "source": "https://github.com/github/advisory-database/blob/main/advisories/github-reviewed/2023/04/GHSA-2r9r-8fcg-m38g/GHSA-2r9r-8fcg-m38g.json"
      },
      "versions": []
    }
  ],
  "schema_version": "1.4.0",
  "severity": [
    {
      "type": "CVSS_V3",
      "score": "CVSS:3.1/AV:N/AC:L/PR:N/UI:R/S:C/C:L/I:L/A:N"
    }
  ]
}