{
  "id": "GHSA-38jc-2rwx-qgxr",
  "summary": "Jenkins Image Tag Parameter Plugin improperly introduces option to opt out of SSL/TLS certificate validation",
  "details": "Jenkins Image Tag Parameter Plugin 2.0 improperly introduces an option to opt out of SSL/TLS certificate validation when connecting to Docker registries.\n\nJob configurations using Image Tag Parameters that were created before 2.0 will have SSL/TLS certificate validation disabled by default.",
  "aliases": [
    "CVE-2023-30516"
  ],
  "modified": "2023-04-21T20:00:13.033468Z",
  "published": "2023-04-12T18:30:37Z",
  "database_specific": {
    "nvd_published_at": "2023-04-12T18:15:00Z",
    "github_reviewed_at": "2023-04-12T22:19:45Z",
    "severity": "MODERATE",
    "github_reviewed": true,
    "cwe_ids": [
      "CWE-295"
    ]
  },
  "references": [
    {
      "type": "ADVISORY",
      "url": "https://nvd.nist.gov/vuln/detail/CVE-2023-30516"
    },
    {
      "type": "WEB",
      "url": "https://www.jenkins.io/security/advisory/2023-04-12/#SECURITY-2840"
    },
    {
      "type": "WEB",
      "url": "http://www.openwall.com/lists/oss-security/2023/04/13/3"
    }
  ],
  "affected": [
    {
      "package": {
        "name": "org.jenkins-ci.plugins:image-tag-parameter",
        "ecosystem": "Maven",
        "purl": "pkg:maven/org.jenkins-ci.plugins/image-tag-parameter"
      },
      "ranges": [
        {
          "type": "ECOSYSTEM",
          "events": [
            {
              "introduced": "0"
            },
            {
              "last_affected": "2.0"
            }
          ]
        }
      ],
      "versions": [
        "1.1.1",
        "1.10",
        "1.2",
        "1.3",
        "1.4",
        "1.5",
        "1.6",
        "1.7",
        "1.8",
        "1.8.1",
        "1.8.2",
        "1.9",
        "2.0"
      ],
      "database_specific": {
        "source": "https://github.com/github/advisory-database/blob/main/advisories/github-reviewed/2023/04/GHSA-38jc-2rwx-qgxr/GHSA-38jc-2rwx-qgxr.json"
      }
    }
  ],
  "schema_version": "1.4.0",
  "severity": [
    {
      "type": "CVSS_V3",
      "score": "CVSS:3.1/AV:N/AC:H/PR:N/UI:R/S:U/C:H/I:N/A:N"
    }
  ]
}