{
  "id": "GHSA-3r28-rgp9-qgv4",
  "summary": "pf4j vulnerable to remote code execution via the zippluginPath parameter",
  "details": "An issue in pf4j pf4j v.3.9.0 and before allows a remote attacker to obtain sensitive information and execute arbitrary code via the zippluginPath parameter.",
  "aliases": [
    "CVE-2023-40826"
  ],
  "modified": "2023-08-31T15:15:45.553634Z",
  "published": "2023-08-29T00:32:04Z",
  "database_specific": {
    "nvd_published_at": null,
    "cwe_ids": [
      "CWE-22",
      "CWE-94"
    ],
    "severity": "HIGH",
    "github_reviewed": true,
    "github_reviewed_at": "2023-08-29T17:41:26Z"
  },
  "references": [
    {
      "type": "ADVISORY",
      "url": "https://nvd.nist.gov/vuln/detail/CVE-2023-40826"
    },
    {
      "type": "WEB",
      "url": "https://github.com/pf4j/pf4j/issues/536"
    },
    {
      "type": "PACKAGE",
      "url": "https://github.com/pf4j/pf4j"
    }
  ],
  "affected": [
    {
      "package": {
        "name": "org.pf4j:pf4j",
        "ecosystem": "Maven",
        "purl": "pkg:maven/org.pf4j/pf4j"
      },
      "ranges": [
        {
          "type": "ECOSYSTEM",
          "events": [
            {
              "introduced": "0"
            },
            {
              "last_affected": "3.9.0"
            }
          ]
        }
      ],
      "versions": [
        "2.0.0",
        "2.1.0",
        "2.2.0",
        "2.3.0",
        "2.4.0",
        "2.5.0",
        "2.6.0",
        "3.0.1",
        "3.1.0",
        "3.2.0",
        "3.3.0",
        "3.3.1",
        "3.4.0",
        "3.4.1",
        "3.5.0",
        "3.6.0",
        "3.7.0",
        "3.8.0",
        "3.9.0"
      ],
      "ecosystem_specific": {
        "affected_functions": [
          ""
        ]
      },
      "database_specific": {
        "source": "https://github.com/github/advisory-database/blob/main/advisories/github-reviewed/2023/08/GHSA-3r28-rgp9-qgv4/GHSA-3r28-rgp9-qgv4.json"
      }
    }
  ],
  "schema_version": "1.4.0",
  "severity": [
    {
      "type": "CVSS_V3",
      "score": "CVSS:3.1/AV:N/AC:L/PR:N/UI:N/S:U/C:H/I:N/A:N"
    }
  ]
}