{
  "id": "GHSA-443m-3fr6-w8wj",
  "summary": "PowerJob incorrect access control vulnerability",
  "details": "An incorrect access control vulnerability in powerjob 4.3.2 and earlier allows remote attackers to obtain sensitive information via the interface for querying via `appId` parameter to `/container/list`.",
  "aliases": [
    "CVE-2023-36106"
  ],
  "modified": "2023-08-23T20:15:53.707307Z",
  "published": "2023-08-17T21:30:53Z",
  "database_specific": {
    "nvd_published_at": null,
    "cwe_ids": [],
    "severity": "HIGH",
    "github_reviewed": true,
    "github_reviewed_at": "2023-08-18T21:51:35Z"
  },
  "references": [
    {
      "type": "ADVISORY",
      "url": "https://nvd.nist.gov/vuln/detail/CVE-2023-36106"
    },
    {
      "type": "WEB",
      "url": "https://gist.github.com/tztdsb/a653b6db328199ec0f55e54b4e466415#file-gistfile1-txt"
    },
    {
      "type": "PACKAGE",
      "url": "https://gitee.com/KFCFans/PowerJob"
    }
  ],
  "affected": [
    {
      "package": {
        "name": "tech.powerjob:powerjob",
        "ecosystem": "Maven",
        "purl": "pkg:maven/tech.powerjob/powerjob"
      },
      "ranges": [
        {
          "type": "ECOSYSTEM",
          "events": [
            {
              "introduced": "0"
            },
            {
              "last_affected": "4.3.2"
            }
          ]
        }
      ],
      "versions": [
        "3.0.0",
        "4.0.0",
        "4.3.1",
        "4.3.1-bugfix",
        "4.3.2"
      ],
      "ecosystem_specific": {
        "affected_functions": [
          ""
        ]
      },
      "database_specific": {
        "source": "https://github.com/github/advisory-database/blob/main/advisories/github-reviewed/2023/08/GHSA-443m-3fr6-w8wj/GHSA-443m-3fr6-w8wj.json"
      }
    }
  ],
  "schema_version": "1.4.0",
  "severity": [
    {
      "type": "CVSS_V3",
      "score": "CVSS:3.1/AV:N/AC:L/PR:N/UI:N/S:U/C:H/I:N/A:N"
    }
  ]
}