{
  "id": "GHSA-48q3-5297-wmmx",
  "summary": "CSRF vulnerability in Jenkins CONS3RT Plugin allow capturing credentials",
  "details": "CONS3RT Plugin 1.0.0 and earlier does not perform permission checks in methods implementing form validation.\n\nThis allows attackers with Overall/Read permission to connect to an attacker-specified HTTP server using attacker-specified credentials IDs obtained through another method, capturing credentials stored in Jenkins.\n\nAdditionally, these form validation methods do not require POST requests, resulting in a cross-site request forgery (CSRF) vulnerability.",
  "aliases": [
    "CVE-2022-41253"
  ],
  "modified": "2023-04-11T01:39:27.414788Z",
  "published": "2022-09-22T00:00:26Z",
  "database_specific": {
    "nvd_published_at": "2022-09-21T16:15:00Z",
    "github_reviewed_at": "2022-12-06T00:50:17Z",
    "severity": "MODERATE",
    "github_reviewed": true,
    "cwe_ids": [
      "CWE-352"
    ]
  },
  "references": [
    {
      "type": "ADVISORY",
      "url": "https://nvd.nist.gov/vuln/detail/CVE-2022-41253"
    },
    {
      "type": "PACKAGE",
      "url": "https://github.com/jenkinsci/cons3rt-plugin"
    },
    {
      "type": "WEB",
      "url": "https://www.jenkins.io/security/advisory/2022-09-21/#SECURITY-2751"
    },
    {
      "type": "WEB",
      "url": "http://www.openwall.com/lists/oss-security/2022/09/21/5"
    }
  ],
  "affected": [
    {
      "package": {
        "name": "org.jenkins-ci.plugins:cons3rt",
        "ecosystem": "Maven",
        "purl": "pkg:maven/org.jenkins-ci.plugins/cons3rt"
      },
      "ranges": [
        {
          "type": "ECOSYSTEM",
          "events": [
            {
              "introduced": "0"
            },
            {
              "last_affected": "1.0.0"
            }
          ]
        }
      ],
      "versions": [
        "1.0.0"
      ],
      "database_specific": {
        "source": "https://github.com/github/advisory-database/blob/main/advisories/github-reviewed/2022/09/GHSA-48q3-5297-wmmx/GHSA-48q3-5297-wmmx.json"
      }
    }
  ],
  "schema_version": "1.4.0",
  "severity": [
    {
      "type": "CVSS_V3",
      "score": "CVSS:3.1/AV:N/AC:L/PR:L/UI:N/S:U/C:L/I:L/A:N"
    }
  ]
}