{
  "id": "GHSA-38qw-j787-v8c2",
  "summary": "Apache Struts CSRF Vulnerability",
  "details": "Apache Struts 2 2.3.20 through 2.3.28.1 mishandles token validation, which allows remote attackers to conduct cross-site request forgery (CSRF) attacks via unspecified vectors.",
  "aliases": [
    "CVE-2016-4430"
  ],
  "modified": "2023-07-31T22:23:42Z",
  "published": "2022-05-17T00:29:27Z",
  "database_specific": {
    "nvd_published_at": "2016-07-04T22:59:00Z",
    "cwe_ids": [
      "CWE-352"
    ],
    "severity": "HIGH",
    "github_reviewed": true,
    "github_reviewed_at": "2023-07-31T22:23:42Z"
  },
  "references": [
    {
      "type": "ADVISORY",
      "url": "https://nvd.nist.gov/vuln/detail/CVE-2016-4430"
    },
    {
      "type": "WEB",
      "url": "https://bugzilla.redhat.com/show_bug.cgi?id=1348249"
    },
    {
      "type": "WEB",
      "url": "https://struts.apache.org/docs/s2-038.html"
    },
    {
      "type": "WEB",
      "url": "https://web.archive.org/web/20210123144953/http://www.securityfocus.com/bid/91281"
    },
    {
      "type": "WEB",
      "url": "http://jvn.jp/en/jp/JVN45093481/index.html"
    },
    {
      "type": "WEB",
      "url": "http://jvndb.jvn.jp/jvndb/JVNDB-2016-000111"
    },
    {
      "type": "WEB",
      "url": "http://www-01.ibm.com/support/docview.wss?uid=ssg1S1009282"
    },
    {
      "type": "WEB",
      "url": "http://www-01.ibm.com/support/docview.wss?uid=swg21987854"
    },
    {
      "type": "WEB",
      "url": "http://www.oracle.com/technetwork/security-advisory/cpujul2017-3236622.html"
    }
  ],
  "affected": [
    {
      "package": {
        "name": "org.apache.struts:struts-master",
        "ecosystem": "Maven",
        "purl": "pkg:maven/org.apache.struts/struts-master"
      },
      "ranges": [
        {
          "type": "ECOSYSTEM",
          "events": [
            {
              "introduced": "2.3.20"
            },
            {
              "last_affected": "2.3.28.1"
            }
          ]
        }
      ],
      "database_specific": {
        "source": "https://github.com/github/advisory-database/blob/main/advisories/github-reviewed/2022/05/GHSA-38qw-j787-v8c2/GHSA-38qw-j787-v8c2.json"
      },
      "versions": []
    }
  ],
  "schema_version": "1.4.0",
  "severity": [
    {
      "type": "CVSS_V3",
      "score": "CVSS:3.0/AV:N/AC:L/PR:N/UI:R/S:U/C:H/I:H/A:H"
    }
  ]
}