{
  "id": "GHSA-43fw-536j-w37j",
  "summary": "Yamcs API Directory Traversal vulnerability",
  "details": "Directory Traversal vulnerability in the storage functionality of the API in Yamcs 5.8.6 allows attackers to delete arbitrary files via crafted HTTP DELETE request.",
  "aliases": [
    "CVE-2023-45278"
  ],
  "modified": "2024-02-16T08:15:47.211702Z",
  "published": "2023-10-19T18:30:30Z",
  "database_specific": {
    "nvd_published_at": "2023-10-19T17:15:10Z",
    "cwe_ids": [
      "CWE-22"
    ],
    "severity": "CRITICAL",
    "github_reviewed": true,
    "github_reviewed_at": "2023-10-19T20:03:18Z"
  },
  "references": [
    {
      "type": "ADVISORY",
      "url": "https://nvd.nist.gov/vuln/detail/CVE-2023-45278"
    },
    {
      "type": "PACKAGE",
      "url": "https://github.com/yamcs/yamcs"
    },
    {
      "type": "WEB",
      "url": "https://github.com/yamcs/yamcs/compare/yamcs-5.8.6...yamcs-5.8.7"
    },
    {
      "type": "WEB",
      "url": "https://www.linkedin.com/pulse/yamcs-vulnerability-assessment-visionspace-technologies"
    }
  ],
  "affected": [
    {
      "package": {
        "name": "org.yamcs:yamcs",
        "ecosystem": "Maven",
        "purl": "pkg:maven/org.yamcs/yamcs"
      },
      "ranges": [
        {
          "type": "ECOSYSTEM",
          "events": [
            {
              "introduced": "0"
            },
            {
              "fixed": "5.8.7"
            }
          ]
        }
      ],
      "versions": [
        "0.29.3",
        "0.30.0",
        "3.0.0",
        "3.1.0",
        "3.1.1",
        "3.1.2",
        "3.2.0",
        "3.2.1",
        "3.2.2",
        "3.3.0",
        "3.3.1",
        "3.4.0",
        "3.4.1",
        "3.4.11",
        "3.4.2",
        "3.4.3",
        "3.4.4",
        "3.4.5",
        "3.4.6",
        "3.4.8",
        "4.0.0",
        "4.0.1",
        "4.1.1",
        "4.1.2",
        "4.10.0",
        "4.10.1",
        "4.10.2",
        "4.10.3",
        "4.10.4",
        "4.10.5",
        "4.10.6",
        "4.10.7",
        "4.10.8",
        "4.10.9",
        "4.2.0",
        "4.2.1",
        "4.2.2",
        "4.3.0",
        "4.3.1",
        "4.4.0",
        "4.4.1",
        "4.4.2",
        "4.5.0",
        "4.6.0",
        "4.6.1",
        "4.6.2",
        "4.6.3",
        "4.7",
        "4.7.1",
        "4.7.3",
        "4.8.0",
        "4.8.1",
        "4.9.0",
        "4.9.1",
        "4.9.2",
        "4.9.3",
        "4.9.4",
        "5.0.0",
        "5.1.0",
        "5.1.1",
        "5.1.2",
        "5.1.3",
        "5.1.4",
        "5.2.0",
        "5.2.1",
        "5.2.2",
        "5.2.3",
        "5.2.4",
        "5.2.5",
        "5.2.6",
        "5.3.0",
        "5.3.1",
        "5.3.2",
        "5.3.3",
        "5.3.4",
        "5.3.5",
        "5.3.6",
        "5.4.0",
        "5.4.1",
        "5.4.2",
        "5.4.3",
        "5.4.4",
        "5.4.5",
        "5.5.0",
        "5.5.1",
        "5.5.2",
        "5.5.3",
        "5.5.4",
        "5.5.5",
        "5.5.6",
        "5.5.7",
        "5.6.0",
        "5.6.1",
        "5.6.2",
        "5.7.0",
        "5.7.1",
        "5.7.10",
        "5.7.11",
        "5.7.12",
        "5.7.13",
        "5.7.2",
        "5.7.3",
        "5.7.4",
        "5.7.5",
        "5.7.6",
        "5.7.7",
        "5.7.8",
        "5.7.9",
        "5.8.0",
        "5.8.1",
        "5.8.2",
        "5.8.3",
        "5.8.4",
        "5.8.5",
        "5.8.6"
      ],
      "database_specific": {
        "source": "https://github.com/github/advisory-database/blob/main/advisories/github-reviewed/2023/10/GHSA-43fw-536j-w37j/GHSA-43fw-536j-w37j.json"
      }
    }
  ],
  "schema_version": "1.6.0",
  "severity": [
    {
      "type": "CVSS_V3",
      "score": "CVSS:3.1/AV:N/AC:L/PR:N/UI:N/S:U/C:N/I:H/A:H"
    }
  ]
}