{
  "id": "GHSA-2rrx-q65f-8945",
  "summary": "Credentials transmitted in plain text by OpenShift Deployer Plugin",
  "details": "OpenShift Deployer Plugin stores credentials in its global configuration file `org.jenkinsci.plugins.openshift.DeployApplication.xml` on the Jenkins controller as part of its configuration.\n\nWhile the credentials are stored encrypted on disk, they are transmitted in plain text as part of the configuration form by OpenShift Deployer Plugin 1.2.0 and earlier. This can result in exposure of the credential through browser extensions, cross-site scripting vulnerabilities, and similar situations.",
  "aliases": [
    "CVE-2020-2155"
  ],
  "modified": "2023-04-11T01:33:38.116026Z",
  "published": "2022-05-24T17:10:29Z",
  "database_specific": {
    "nvd_published_at": "2020-03-09T16:15:00Z",
    "github_reviewed_at": "2023-01-14T05:25:30Z",
    "severity": "LOW",
    "github_reviewed": true,
    "cwe_ids": [
      "CWE-319"
    ]
  },
  "references": [
    {
      "type": "ADVISORY",
      "url": "https://nvd.nist.gov/vuln/detail/CVE-2020-2155"
    },
    {
      "type": "PACKAGE",
      "url": "https://github.com/jenkinsci/openshift-deployer-plugin"
    },
    {
      "type": "WEB",
      "url": "https://jenkins.io/security/advisory/2020-03-09/#SECURITY-1518"
    },
    {
      "type": "WEB",
      "url": "http://www.openwall.com/lists/oss-security/2020/03/09/1"
    }
  ],
  "affected": [
    {
      "package": {
        "name": "org.jenkins-ci.plugins:openshift-deployer",
        "ecosystem": "Maven",
        "purl": "pkg:maven/org.jenkins-ci.plugins/openshift-deployer"
      },
      "ranges": [
        {
          "type": "ECOSYSTEM",
          "events": [
            {
              "introduced": "0"
            },
            {
              "last_affected": "1.2.0"
            }
          ]
        }
      ],
      "versions": [
        "1.0.1",
        "1.0.2",
        "1.0.3",
        "1.0.4",
        "1.1.0",
        "1.1.1",
        "1.2.0"
      ],
      "database_specific": {
        "source": "https://github.com/github/advisory-database/blob/main/advisories/github-reviewed/2022/05/GHSA-2rrx-q65f-8945/GHSA-2rrx-q65f-8945.json"
      }
    }
  ],
  "schema_version": "1.4.0",
  "severity": [
    {
      "type": "CVSS_V3",
      "score": "CVSS:3.1/AV:N/AC:H/PR:N/UI:R/S:U/C:L/I:N/A:N"
    }
  ]
}