{
  "id": "GHSA-2j5w-cwc3-8hxw",
  "summary": "Improper Certificate Validation in Jenkins Spira Importer Plugin",
  "details": "Jenkins Spira Importer Plugin 3.2.3 and earlier disables SSL/TLS certificate validation for the Jenkins master JVM.",
  "aliases": [
    "CVE-2019-16558"
  ],
  "modified": "2023-04-11T01:49:31.591011Z",
  "published": "2022-05-24T17:03:47Z",
  "database_specific": {
    "nvd_published_at": "2019-12-17T15:15:00Z",
    "github_reviewed_at": "2022-11-01T22:49:48Z",
    "severity": "HIGH",
    "github_reviewed": true,
    "cwe_ids": [
      "CWE-295"
    ]
  },
  "references": [
    {
      "type": "ADVISORY",
      "url": "https://nvd.nist.gov/vuln/detail/CVE-2019-16558"
    },
    {
      "type": "WEB",
      "url": "https://jenkins.io/security/advisory/2019-12-17/#SECURITY-1580"
    },
    {
      "type": "WEB",
      "url": "http://www.openwall.com/lists/oss-security/2019/12/17/1"
    }
  ],
  "affected": [
    {
      "package": {
        "name": "com.inflectra.spiratest.plugins:inflectra-spira-integration",
        "ecosystem": "Maven",
        "purl": "pkg:maven/com.inflectra.spiratest.plugins/inflectra-spira-integration"
      },
      "ranges": [
        {
          "type": "ECOSYSTEM",
          "events": [
            {
              "introduced": "0"
            },
            {
              "fixed": "3.2.4"
            }
          ]
        }
      ],
      "versions": [
        "3.2.2",
        "3.2.3"
      ],
      "database_specific": {
        "source": "https://github.com/github/advisory-database/blob/main/advisories/github-reviewed/2022/05/GHSA-2j5w-cwc3-8hxw/GHSA-2j5w-cwc3-8hxw.json"
      }
    }
  ],
  "schema_version": "1.4.0",
  "severity": [
    {
      "type": "CVSS_V3",
      "score": "CVSS:3.1/AV:N/AC:L/PR:N/UI:N/S:U/C:H/I:L/A:N"
    }
  ]
}