{
  "id": "GHSA-3q7f-w8fr-368v",
  "summary": "Cross-Site Request Forgery in Jenkins XPath Configuration Viewer Plugin",
  "details": "A cross-site request forgery (CSRF) vulnerability in Jenkins XPath Configuration Viewer Plugin 1.1.1 and earlier allows attackers to create and delete XPath expressions.",
  "aliases": [
    "CVE-2022-34812"
  ],
  "modified": "2023-04-11T01:48:12.796686Z",
  "published": "2022-07-01T00:01:08Z",
  "database_specific": {
    "nvd_published_at": "2022-06-30T18:15:00Z",
    "github_reviewed_at": "2022-07-12T18:17:47Z",
    "severity": "MODERATE",
    "github_reviewed": true,
    "cwe_ids": [
      "CWE-352"
    ]
  },
  "references": [
    {
      "type": "ADVISORY",
      "url": "https://nvd.nist.gov/vuln/detail/CVE-2022-34812"
    },
    {
      "type": "PACKAGE",
      "url": "https://github.com/jenkinsci/xpath-config-viewer-plugin"
    },
    {
      "type": "WEB",
      "url": "https://www.jenkins.io/security/advisory/2022-06-30/#SECURITY-2658"
    }
  ],
  "affected": [
    {
      "package": {
        "name": "org.jenkins-ci.plugins:xpath-config-viewer",
        "ecosystem": "Maven",
        "purl": "pkg:maven/org.jenkins-ci.plugins/xpath-config-viewer"
      },
      "ranges": [
        {
          "type": "ECOSYSTEM",
          "events": [
            {
              "introduced": "0"
            },
            {
              "last_affected": "1.1.1"
            }
          ]
        }
      ],
      "versions": [
        "1.0.5",
        "1.0.6",
        "1.0.8",
        "1.1.0",
        "1.1.1"
      ],
      "database_specific": {
        "source": "https://github.com/github/advisory-database/blob/main/advisories/github-reviewed/2022/07/GHSA-3q7f-w8fr-368v/GHSA-3q7f-w8fr-368v.json"
      }
    }
  ],
  "schema_version": "1.4.0",
  "severity": [
    {
      "type": "CVSS_V3",
      "score": "CVSS:3.1/AV:N/AC:L/PR:L/UI:N/S:U/C:N/I:L/A:N"
    }
  ]
}