{
  "id": "GHSA-25g4-p347-x748",
  "summary": "Improper authorization due to caching in Jenkins Role-based Authorization Strategy Plugin",
  "details": "Role-based Authorization Strategy Plugin 2.12 and newer uses a cache to speed up permission lookups. Role-based Authorization Strategy Plugin 3.0 and earlier this cache is not invalidated properly when an administrator changes the permission configuration. This can result in permissions being granted long after the configuration was changed to no longer grant them. Role-based Authorization Strategy Plugin 3.1 properly invalidates the cache on configuration changes.",
  "aliases": [
    "CVE-2020-2286"
  ],
  "modified": "2023-04-11T01:22:26.166467Z",
  "published": "2022-05-24T17:30:18Z",
  "database_specific": {
    "nvd_published_at": "2020-10-08T13:15:00Z",
    "github_reviewed_at": "2022-12-21T02:15:49Z",
    "severity": "HIGH",
    "github_reviewed": true,
    "cwe_ids": [
      "CWE-863"
    ]
  },
  "references": [
    {
      "type": "ADVISORY",
      "url": "https://nvd.nist.gov/vuln/detail/CVE-2020-2286"
    },
    {
      "type": "WEB",
      "url": "https://www.jenkins.io/security/advisory/2020-10-08/#SECURITY-1767"
    },
    {
      "type": "WEB",
      "url": "http://www.openwall.com/lists/oss-security/2020/10/08/5"
    }
  ],
  "affected": [
    {
      "package": {
        "name": "org.jenkins-ci.plugins:role-strategy",
        "ecosystem": "Maven",
        "purl": "pkg:maven/org.jenkins-ci.plugins/role-strategy"
      },
      "ranges": [
        {
          "type": "ECOSYSTEM",
          "events": [
            {
              "introduced": "2.12"
            },
            {
              "fixed": "3.1"
            }
          ]
        }
      ],
      "versions": [
        "2.12",
        "2.13",
        "2.14",
        "2.15",
        "2.16",
        "3.0"
      ],
      "database_specific": {
        "source": "https://github.com/github/advisory-database/blob/main/advisories/github-reviewed/2022/05/GHSA-25g4-p347-x748/GHSA-25g4-p347-x748.json"
      }
    }
  ],
  "schema_version": "1.4.0",
  "severity": [
    {
      "type": "CVSS_V3",
      "score": "CVSS:3.1/AV:N/AC:H/PR:N/UI:R/S:U/C:H/I:H/A:H"
    }
  ]
}