{
  "id": "GHSA-2f89-66v2-9p53",
  "summary": "Jenkins Email Extension Plugin Cross-Site Request Forgery vulnerability",
  "details": "Jenkins Email Extension Plugin 2.96 and earlier does not require POST requests for an HTTP endpoint, resulting in a cross-site request forgery (CSRF) vulnerability.\n\nThis allows attackers to make another user stop watching an attacker-specified job.\n\nEmail Extension Plugin 2.96.1 requires POST requests for the affected HTTP endpoint.",
  "aliases": [
    "CVE-2023-32980"
  ],
  "modified": "2023-05-17T03:16:15.177315Z",
  "published": "2023-05-16T18:30:16Z",
  "database_specific": {
    "nvd_published_at": null,
    "cwe_ids": [
      "CWE-352"
    ],
    "severity": "MODERATE",
    "github_reviewed": true,
    "github_reviewed_at": "2023-05-17T03:04:45Z"
  },
  "references": [
    {
      "type": "ADVISORY",
      "url": "https://nvd.nist.gov/vuln/detail/CVE-2023-32980"
    },
    {
      "type": "WEB",
      "url": "https://www.jenkins.io/security/advisory/2023-05-16/#SECURITY-3088%20(2)"
    }
  ],
  "affected": [
    {
      "package": {
        "name": "org.jenkins-ci.plugins:email-ext",
        "ecosystem": "Maven",
        "purl": "pkg:maven/org.jenkins-ci.plugins/email-ext"
      },
      "ranges": [
        {
          "type": "ECOSYSTEM",
          "events": [
            {
              "introduced": "0"
            },
            {
              "fixed": "2.96.1"
            }
          ]
        }
      ],
      "versions": [
        "2.11",
        "2.12",
        "2.13",
        "2.14",
        "2.14.1",
        "2.15",
        "2.16",
        "2.18",
        "2.19",
        "2.20",
        "2.21",
        "2.22",
        "2.24.1",
        "2.25",
        "2.27",
        "2.27.1",
        "2.28",
        "2.29",
        "2.30",
        "2.30.1",
        "2.30.2",
        "2.31",
        "2.32",
        "2.33",
        "2.34",
        "2.35",
        "2.35.1",
        "2.36",
        "2.37",
        "2.37.1",
        "2.37.2",
        "2.37.2.2",
        "2.38",
        "2.38.1",
        "2.38.2",
        "2.39",
        "2.39.3",
        "2.40",
        "2.40-beta",
        "2.40.1",
        "2.40.2",
        "2.40.3",
        "2.40.4",
        "2.40.5",
        "2.41",
        "2.41.2",
        "2.41.3",
        "2.42",
        "2.43",
        "2.44",
        "2.45",
        "2.46",
        "2.47",
        "2.50",
        "2.51",
        "2.52",
        "2.53",
        "2.54",
        "2.55",
        "2.56",
        "2.57",
        "2.57.1",
        "2.57.2",
        "2.58",
        "2.59",
        "2.60",
        "2.61",
        "2.62",
        "2.62.1",
        "2.63",
        "2.64",
        "2.65",
        "2.66",
        "2.68",
        "2.68.1",
        "2.68.2",
        "2.69",
        "2.69.1",
        "2.69.2",
        "2.71",
        "2.72",
        "2.73",
        "2.74",
        "2.75",
        "2.76",
        "2.77",
        "2.78",
        "2.79",
        "2.80",
        "2.81",
        "2.82",
        "2.83",
        "2.84",
        "2.85",
        "2.86",
        "2.87",
        "2.88",
        "2.89",
        "2.89.0.1",
        "2.89.1",
        "2.90",
        "2.91",
        "2.92",
        "2.93",
        "2.93.1",
        "2.94",
        "2.95",
        "2.96"
      ],
      "database_specific": {
        "source": "https://github.com/github/advisory-database/blob/main/advisories/github-reviewed/2023/05/GHSA-2f89-66v2-9p53/GHSA-2f89-66v2-9p53.json"
      }
    }
  ],
  "schema_version": "1.4.0",
  "severity": [
    {
      "type": "CVSS_V3",
      "score": "CVSS:3.1/AV:N/AC:L/PR:N/UI:R/S:U/C:N/I:L/A:N"
    }
  ]
}