{
  "id": "GHSA-263q-5pj7-j6hj",
  "summary": "CSRF vulnerability in Jenkins Team Foundation Server Plugin allow capturing credentials",
  "details": "A cross-site request forgery (CSRF) vulnerability in Jenkins Team Foundation Server Plugin 5.157.1 and earlier allows attackers to connect to an attacker-specified URL using attacker-specified credentials IDs obtained through another method, capturing credentials stored in Jenkins.",
  "aliases": [
    "CVE-2021-21638"
  ],
  "modified": "2023-04-11T01:44:50.686353Z",
  "published": "2022-05-24T17:45:46Z",
  "database_specific": {
    "nvd_published_at": "2021-03-30T12:16:00Z",
    "github_reviewed_at": "2022-12-15T16:52:42Z",
    "severity": "HIGH",
    "github_reviewed": true,
    "cwe_ids": [
      "CWE-352"
    ]
  },
  "references": [
    {
      "type": "ADVISORY",
      "url": "https://nvd.nist.gov/vuln/detail/CVE-2021-21638"
    },
    {
      "type": "PACKAGE",
      "url": "https://github.com/jenkinsci/tfs-plugin"
    },
    {
      "type": "WEB",
      "url": "https://www.jenkins.io/security/advisory/2021-03-30/#SECURITY-2283%20(2)"
    },
    {
      "type": "WEB",
      "url": "http://www.openwall.com/lists/oss-security/2021/03/30/1"
    }
  ],
  "affected": [
    {
      "package": {
        "name": "org.jenkins-ci.plugins:tfs",
        "ecosystem": "Maven",
        "purl": "pkg:maven/org.jenkins-ci.plugins/tfs"
      },
      "ranges": [
        {
          "type": "ECOSYSTEM",
          "events": [
            {
              "introduced": "0"
            },
            {
              "last_affected": "5.157.1"
            }
          ]
        }
      ],
      "versions": [
        "2.0",
        "3.0.0",
        "3.0.1",
        "3.1.1",
        "3.2.0",
        "4.0.0",
        "4.1.0",
        "5.0.0",
        "5.1.0",
        "5.121.0",
        "5.126.0",
        "5.133.0",
        "5.139.1",
        "5.139.2",
        "5.142.0",
        "5.157.0",
        "5.157.1",
        "5.2.0",
        "5.2.1",
        "5.3.1",
        "5.3.3",
        "5.3.4"
      ],
      "database_specific": {
        "source": "https://github.com/github/advisory-database/blob/main/advisories/github-reviewed/2022/05/GHSA-263q-5pj7-j6hj/GHSA-263q-5pj7-j6hj.json"
      }
    }
  ],
  "schema_version": "1.4.0",
  "severity": [
    {
      "type": "CVSS_V3",
      "score": "CVSS:3.1/AV:N/AC:L/PR:L/UI:N/S:U/C:H/I:L/A:N"
    }
  ]
}