{
  "id": "GHSA-42wx-65g4-5cxv",
  "summary": "Improper Restriction of XML External Entity Reference in Apache NiFi",
  "details": "Apache NiFi External XML Entity issue in SplitXML processor. Malicious XML content could cause information disclosure or remote code execution. The fix to disable external general entity parsing and disallow doctype declarations was applied on the Apache NiFi 1.6.0 release. Users running a prior 1.x release should upgrade to the appropriate release.",
  "aliases": [
    "CVE-2018-1309"
  ],
  "modified": "2023-09-12T19:16:00.867835Z",
  "published": "2022-05-14T03:16:17Z",
  "database_specific": {
    "nvd_published_at": "2018-05-23T14:29:00Z",
    "cwe_ids": [
      "CWE-611"
    ],
    "severity": "CRITICAL",
    "github_reviewed": true,
    "github_reviewed_at": "2022-06-29T19:23:50Z"
  },
  "references": [
    {
      "type": "ADVISORY",
      "url": "https://nvd.nist.gov/vuln/detail/CVE-2018-1309"
    },
    {
      "type": "WEB",
      "url": "https://github.com/apache/nifi/commit/28067a29fd13cdf8e21b440fc65c6dd67872522f"
    },
    {
      "type": "PACKAGE",
      "url": "https://github.com/apache/nifi"
    },
    {
      "type": "WEB",
      "url": "https://issues.apache.org/jira/browse/NIFI-4869"
    },
    {
      "type": "WEB",
      "url": "https://nifi.apache.org/security.html#CVE-2018-1309"
    }
  ],
  "affected": [
    {
      "package": {
        "name": "org.apache.nifi:nifi-standard-processors",
        "ecosystem": "Maven",
        "purl": "pkg:maven/org.apache.nifi/nifi-standard-processors"
      },
      "ranges": [
        {
          "type": "ECOSYSTEM",
          "events": [
            {
              "introduced": "0.1.0"
            },
            {
              "fixed": "1.6.0"
            }
          ]
        }
      ],
      "versions": [
        "0.1.0-incubating",
        "0.2.0-incubating",
        "0.2.1",
        "0.3.0",
        "0.4.0",
        "0.4.1",
        "0.5.0",
        "0.5.1",
        "0.6.0",
        "0.6.1",
        "0.7.0",
        "0.7.1",
        "0.7.2",
        "0.7.3",
        "0.7.4",
        "1.0.0",
        "1.0.0-BETA",
        "1.0.1",
        "1.1.0",
        "1.1.1",
        "1.1.2",
        "1.2.0",
        "1.3.0",
        "1.4.0",
        "1.5.0"
      ],
      "ecosystem_specific": {
        "affected_functions": [
          ""
        ]
      },
      "database_specific": {
        "last_known_affected_version_range": "<= 1.5.0",
        "source": "https://github.com/github/advisory-database/blob/main/advisories/github-reviewed/2022/05/GHSA-42wx-65g4-5cxv/GHSA-42wx-65g4-5cxv.json"
      }
    }
  ],
  "schema_version": "1.4.0",
  "severity": [
    {
      "type": "CVSS_V3",
      "score": "CVSS:3.0/AV:N/AC:L/PR:N/UI:N/S:U/C:H/I:H/A:H"
    }
  ]
}