{
  "id": "GHSA-2m74-x26c-g7xc",
  "summary": "Missing permission checks in Mac Plugin",
  "details": "A missing permission check in Jenkins Mac Plugin 1.1.0 and earlier allows attackers with Overall/Read permission to connect to an attacker-specified SSH server using attacker-specified credentials.",
  "aliases": [
    "CVE-2020-2148"
  ],
  "modified": "2023-04-11T01:44:34.726984Z",
  "published": "2022-05-24T17:10:29Z",
  "database_specific": {
    "nvd_published_at": "2020-03-09T16:15:00Z",
    "github_reviewed_at": "2023-01-14T05:24:51Z",
    "severity": "MODERATE",
    "github_reviewed": true,
    "cwe_ids": [
      "CWE-285"
    ]
  },
  "references": [
    {
      "type": "ADVISORY",
      "url": "https://nvd.nist.gov/vuln/detail/CVE-2020-2148"
    },
    {
      "type": "PACKAGE",
      "url": "https://github.com/jenkinsci/mac-plugin"
    },
    {
      "type": "WEB",
      "url": "https://jenkins.io/security/advisory/2020-03-09/#SECURITY-1761"
    },
    {
      "type": "WEB",
      "url": "http://www.openwall.com/lists/oss-security/2020/03/09/1"
    }
  ],
  "affected": [
    {
      "package": {
        "name": "fr.edf.jenkins.plugins:mac",
        "ecosystem": "Maven",
        "purl": "pkg:maven/fr.edf.jenkins.plugins/mac"
      },
      "ranges": [
        {
          "type": "ECOSYSTEM",
          "events": [
            {
              "introduced": "0"
            },
            {
              "fixed": "1.2.0"
            }
          ]
        }
      ],
      "versions": [
        "1.0.0",
        "1.0.1",
        "1.0.2",
        "1.1.0"
      ],
      "database_specific": {
        "source": "https://github.com/github/advisory-database/blob/main/advisories/github-reviewed/2022/05/GHSA-2m74-x26c-g7xc/GHSA-2m74-x26c-g7xc.json"
      }
    }
  ],
  "schema_version": "1.4.0",
  "severity": [
    {
      "type": "CVSS_V3",
      "score": "CVSS:3.1/AV:N/AC:L/PR:L/UI:N/S:U/C:N/I:L/A:N"
    }
  ]
}