{
  "id": "GHSA-3vrc-rrpw-r5pw",
  "summary": "java-xmlbuilder vulnerable to XML External Entity Reference",
  "details": "A vulnerability was found in java-xmlbuilder up to 1.1. It has been rated as problematic. Affected by this issue is some unknown functionality. The manipulation leads to xml external entity reference. Upgrading to version 1.2 is able to address this issue. The name of the patch is e6fddca201790abab4f2c274341c0bb8835c3e73. It is recommended to upgrade the affected component. The identifier of this vulnerability is VDB-221480.",
  "aliases": [
    "CVE-2014-125087"
  ],
  "modified": "2023-04-11T01:23:55.965900Z",
  "published": "2023-02-19T18:30:21Z",
  "database_specific": {
    "nvd_published_at": "2023-02-19T17:15:00Z",
    "github_reviewed_at": "2023-03-01T20:46:06Z",
    "severity": "CRITICAL",
    "github_reviewed": true,
    "cwe_ids": [
      "CWE-611"
    ]
  },
  "references": [
    {
      "type": "ADVISORY",
      "url": "https://nvd.nist.gov/vuln/detail/CVE-2014-125087"
    },
    {
      "type": "WEB",
      "url": "https://github.com/jmurty/java-xmlbuilder/issues/6"
    },
    {
      "type": "WEB",
      "url": "https://github.com/jmurty/java-xmlbuilder/commit/e6fddca201790abab4f2c274341c0bb8835c3e73"
    },
    {
      "type": "PACKAGE",
      "url": "https://github.com/jmurty/java-xmlbuilder"
    },
    {
      "type": "WEB",
      "url": "https://github.com/jmurty/java-xmlbuilder/releases/tag/v1.2"
    },
    {
      "type": "WEB",
      "url": "https://vuldb.com/?ctiid.221480"
    },
    {
      "type": "WEB",
      "url": "https://vuldb.com/?id.221480"
    }
  ],
  "affected": [
    {
      "package": {
        "name": "com.jamesmurty.utils:java-xmlbuilder",
        "ecosystem": "Maven",
        "purl": "pkg:maven/com.jamesmurty.utils/java-xmlbuilder"
      },
      "ranges": [
        {
          "type": "ECOSYSTEM",
          "events": [
            {
              "introduced": "0"
            },
            {
              "fixed": "1.2"
            }
          ]
        }
      ],
      "versions": [
        "0.3",
        "0.4",
        "0.6",
        "1.0",
        "1.1"
      ],
      "database_specific": {
        "source": "https://github.com/github/advisory-database/blob/main/advisories/github-reviewed/2023/02/GHSA-3vrc-rrpw-r5pw/GHSA-3vrc-rrpw-r5pw.json"
      }
    }
  ],
  "schema_version": "1.4.0",
  "severity": [
    {
      "type": "CVSS_V3",
      "score": "CVSS:3.1/AV:N/AC:L/PR:N/UI:N/S:U/C:H/I:H/A:H"
    }
  ]
}