{
  "id": "GHSA-22c3-whjv-hrfm",
  "summary": "Jenkins Folders Plugin cross-site request forgery vulnerability",
  "details": "Jenkins Folders Plugin 6.846.v23698686f0f6 and earlier does not require POST requests for an HTTP endpoint, resulting in a cross-site request forgery (CSRF) vulnerability.\n\nThis vulnerability allows attackers to copy a view inside a folder.\n\nFolders Plugin 6.848.ve3b_fd7839a_81 requires POST requests for the affected HTTP endpoint.",
  "aliases": [
    "CVE-2023-40337"
  ],
  "modified": "2023-08-18T14:39:42.862662Z",
  "published": "2023-08-16T15:30:17Z",
  "database_specific": {
    "nvd_published_at": null,
    "cwe_ids": [
      "CWE-352"
    ],
    "severity": "MODERATE",
    "github_reviewed": true,
    "github_reviewed_at": "2023-08-16T21:14:04Z"
  },
  "references": [
    {
      "type": "ADVISORY",
      "url": "https://nvd.nist.gov/vuln/detail/CVE-2023-40337"
    },
    {
      "type": "WEB",
      "url": "https://www.jenkins.io/security/advisory/2023-08-16/#SECURITY-3105"
    },
    {
      "type": "WEB",
      "url": "http://www.openwall.com/lists/oss-security/2023/08/16/3"
    }
  ],
  "affected": [
    {
      "package": {
        "name": "org.jenkins-ci.plugins:cloudbees-folder",
        "ecosystem": "Maven",
        "purl": "pkg:maven/org.jenkins-ci.plugins/cloudbees-folder"
      },
      "ranges": [
        {
          "type": "ECOSYSTEM",
          "events": [
            {
              "introduced": "0"
            },
            {
              "fixed": "6.848.ve3b"
            }
          ]
        }
      ],
      "versions": [
        "4.0",
        "4.0.1",
        "4.1",
        "4.10",
        "4.11-beta-1",
        "4.2",
        "4.2.1",
        "4.2.2",
        "4.2.3",
        "4.3",
        "4.4",
        "4.5",
        "4.6",
        "4.6.1",
        "4.7",
        "4.8",
        "4.9",
        "5.0",
        "5.1",
        "5.1-beta-1",
        "5.1-beta-2",
        "5.10",
        "5.11",
        "5.12",
        "5.13",
        "5.14",
        "5.15",
        "5.16",
        "5.17",
        "5.17-beta-1",
        "5.18",
        "5.2",
        "5.2.1",
        "5.2.2",
        "5.3",
        "5.4",
        "5.5",
        "5.6",
        "5.7",
        "5.8",
        "5.9",
        "6.0.0",
        "6.0.1",
        "6.0.2",
        "6.0.3",
        "6.0.4",
        "6.1.0",
        "6.1.1",
        "6.1.2",
        "6.10.0",
        "6.10.1",
        "6.11",
        "6.11.1",
        "6.12",
        "6.13",
        "6.14",
        "6.15",
        "6.16",
        "6.17",
        "6.18",
        "6.2.0",
        "6.2.1",
        "6.3",
        "6.4",
        "6.5",
        "6.5.1",
        "6.6",
        "6.688.vfc7a_a_69059e0",
        "6.7",
        "6.708.ve61636eb_65a_5",
        "6.714.v79e858ef76a_2",
        "6.722.v8165b_a_cf25e9",
        "6.729.v2b_9d1a_74d673",
        "6.736.v5f554b_b_a_52b_3",
        "6.740.ve4f4ffa_dea_54",
        "6.758.vfd75d09eea_a_1",
        "6.766.v6df9a_0e638ef",
        "6.770.ve57b_a_fb_6a_67c",
        "6.773.vd2dcc704ee7e",
        "6.784.vc60058fa_f269",
        "6.792.v495e640810da",
        "6.795.v3e23d3c6f194",
        "6.797.v8df9950d783b",
        "6.8",
        "6.800.v71307ca_b_986b",
        "6.815.v0dd5a_cb_40e0e",
        "6.846.v23698686f0f6",
        "6.9"
      ],
      "ecosystem_specific": {
        "affected_functions": [
          ""
        ]
      },
      "database_specific": {
        "source": "https://github.com/github/advisory-database/blob/main/advisories/github-reviewed/2023/08/GHSA-22c3-whjv-hrfm/GHSA-22c3-whjv-hrfm.json"
      }
    }
  ],
  "schema_version": "1.4.0",
  "severity": [
    {
      "type": "CVSS_V3",
      "score": "CVSS:3.1/AV:N/AC:L/PR:N/UI:R/S:U/C:N/I:L/A:N"
    }
  ]
}