{
  "id": "GHSA-35gf-xjgf-96c5",
  "summary": "Jenkins OpenShift Login Plugin vulnerable to Open Redirect",
  "details": "Jenkins OpenShift Login Plugin 1.1.0.227.v27e08dfb_1a_20 and earlier improperly determines that a redirect URL after login is legitimately pointing to Jenkins.\n\nThis allows attackers to perform phishing attacks by having users go to a Jenkins URL that will forward them to a different site after successful authentication.\n\nOpenShift Login Plugin 1.1.0.230.v5d7030b_f5432 only redirects to relative (Jenkins) URLs.",
  "aliases": [
    "CVE-2023-37947"
  ],
  "modified": "2023-07-21T18:30:26.635763Z",
  "published": "2023-07-12T18:30:38Z",
  "database_specific": {
    "nvd_published_at": null,
    "cwe_ids": [
      "CWE-601"
    ],
    "severity": "MODERATE",
    "github_reviewed": true,
    "github_reviewed_at": "2023-07-12T22:31:12Z"
  },
  "references": [
    {
      "type": "ADVISORY",
      "url": "https://nvd.nist.gov/vuln/detail/CVE-2023-37947"
    },
    {
      "type": "WEB",
      "url": "https://www.jenkins.io/security/advisory/2023-07-12/#SECURITY-2999"
    },
    {
      "type": "WEB",
      "url": "http://www.openwall.com/lists/oss-security/2023/07/12/2"
    }
  ],
  "affected": [
    {
      "package": {
        "name": "org.openshift.jenkins:openshift-login",
        "ecosystem": "Maven",
        "purl": "pkg:maven/org.openshift.jenkins/openshift-login"
      },
      "ranges": [
        {
          "type": "ECOSYSTEM",
          "events": [
            {
              "introduced": "0"
            },
            {
              "fixed": "1.1.0.230.v5d7030b"
            }
          ]
        }
      ],
      "versions": [
        "0.1",
        "0.10",
        "0.11",
        "0.12",
        "0.2",
        "0.3",
        "0.4",
        "0.5",
        "0.6",
        "0.7",
        "0.8",
        "0.9",
        "1.0.0",
        "1.0.1",
        "1.0.10",
        "1.0.11",
        "1.0.12",
        "1.0.13",
        "1.0.14",
        "1.0.15",
        "1.0.16",
        "1.0.17",
        "1.0.18",
        "1.0.19",
        "1.0.2",
        "1.0.20",
        "1.0.21",
        "1.0.22",
        "1.0.23",
        "1.0.24",
        "1.0.25",
        "1.0.26",
        "1.0.27",
        "1.0.28",
        "1.0.29",
        "1.0.3",
        "1.0.4",
        "1.0.5",
        "1.0.6",
        "1.0.7",
        "1.0.8",
        "1.0.9",
        "1.1.0.227.v27e08dfb_1a_20"
      ],
      "database_specific": {
        "source": "https://github.com/github/advisory-database/blob/main/advisories/github-reviewed/2023/07/GHSA-35gf-xjgf-96c5/GHSA-35gf-xjgf-96c5.json"
      }
    }
  ],
  "schema_version": "1.4.0",
  "severity": [
    {
      "type": "CVSS_V3",
      "score": "CVSS:3.1/AV:N/AC:L/PR:N/UI:R/S:U/C:N/I:L/A:N"
    }
  ]
}