{
  "id": "GHSA-2xxh-f8r3-hvvr",
  "summary": "Improper Access Control in MySQL Connectors Java",
  "details": "Vulnerability in the MySQL Connectors component of Oracle MySQL (subcomponent: Connector/J). Supported versions that are affected are 5.1.40 and earlier. Difficult to exploit vulnerability allows low privileged attacker with network access via multiple protocols to compromise MySQL Connectors. While the vulnerability is in MySQL Connectors, attacks may significantly impact additional products. Successful attacks of this vulnerability can result in takeover of MySQL Connectors. CVSS 3.0 Base Score 8.5 (Confidentiality, Integrity and Availability impacts). CVSS Vector: (CVSS:3.0/AV:N/AC:H/PR:L/UI:N/S:C/C:H/I:H/A:H).",
  "aliases": [
    "CVE-2017-3523"
  ],
  "modified": "2023-04-11T01:39:02.491482Z",
  "published": "2022-05-13T01:45:34Z",
  "database_specific": {
    "nvd_published_at": "2017-04-24T19:59:00Z",
    "github_reviewed_at": "2022-07-01T17:12:48Z",
    "severity": "HIGH",
    "github_reviewed": true,
    "cwe_ids": [
      "CWE-284"
    ]
  },
  "references": [
    {
      "type": "ADVISORY",
      "url": "https://nvd.nist.gov/vuln/detail/CVE-2017-3523"
    },
    {
      "type": "WEB",
      "url": "http://www.debian.org/security/2017/dsa-3840"
    },
    {
      "type": "WEB",
      "url": "http://www.oracle.com/technetwork/security-advisory/cpuapr2017-3236618.html"
    },
    {
      "type": "WEB",
      "url": "http://www.securityfocus.com/bid/97982"
    }
  ],
  "affected": [
    {
      "package": {
        "name": "mysql:mysql-connector-java",
        "ecosystem": "Maven",
        "purl": "pkg:maven/mysql/mysql-connector-java"
      },
      "ranges": [
        {
          "type": "ECOSYSTEM",
          "events": [
            {
              "introduced": "0"
            },
            {
              "fixed": "5.1.41"
            }
          ]
        }
      ],
      "versions": [
        "2.0.14",
        "3.0.10",
        "3.0.8",
        "3.1.11",
        "3.1.12",
        "3.1.13",
        "3.1.14",
        "5.0.2",
        "5.0.3",
        "5.0.4",
        "5.0.5",
        "5.0.7",
        "5.0.8",
        "5.1.1",
        "5.1.10",
        "5.1.11",
        "5.1.12",
        "5.1.13",
        "5.1.14",
        "5.1.15",
        "5.1.16",
        "5.1.17",
        "5.1.18",
        "5.1.19",
        "5.1.2",
        "5.1.20",
        "5.1.21",
        "5.1.22",
        "5.1.23",
        "5.1.24",
        "5.1.25",
        "5.1.26",
        "5.1.27",
        "5.1.28",
        "5.1.29",
        "5.1.3",
        "5.1.30",
        "5.1.31",
        "5.1.32",
        "5.1.33",
        "5.1.34",
        "5.1.35",
        "5.1.36",
        "5.1.37",
        "5.1.38",
        "5.1.39",
        "5.1.4",
        "5.1.40",
        "5.1.5",
        "5.1.6",
        "5.1.8",
        "5.1.9"
      ],
      "database_specific": {
        "last_known_affected_version_range": "<= 5.1.40",
        "source": "https://github.com/github/advisory-database/blob/main/advisories/github-reviewed/2022/05/GHSA-2xxh-f8r3-hvvr/GHSA-2xxh-f8r3-hvvr.json"
      }
    }
  ],
  "schema_version": "1.4.0",
  "severity": [
    {
      "type": "CVSS_V3",
      "score": "CVSS:3.0/AV:N/AC:H/PR:L/UI:N/S:C/C:H/I:H/A:H"
    }
  ]
}