{
  "id": "GHSA-38rq-rh9w-cmw6",
  "summary": "Cross site scripting in Crafter CMS",
  "details": "In Crafter CMS Crafter Studio 3.0.1 an unauthenticated attacker is able to inject malicious JavaScript code resulting in a stored/blind XSS in the admin panel.",
  "aliases": [
    "CVE-2017-15682"
  ],
  "modified": "2023-04-11T01:23:20.966355Z",
  "published": "2022-05-24T17:34:59Z",
  "database_specific": {
    "nvd_published_at": "2020-11-27T18:15:00Z",
    "github_reviewed_at": "2022-06-03T15:50:27Z",
    "severity": "MODERATE",
    "github_reviewed": true,
    "cwe_ids": [
      "CWE-79"
    ]
  },
  "references": [
    {
      "type": "ADVISORY",
      "url": "https://nvd.nist.gov/vuln/detail/CVE-2017-15682"
    },
    {
      "type": "WEB",
      "url": "https://docs.craftercms.org/en/3.0/security/advisory.html"
    }
  ],
  "affected": [
    {
      "package": {
        "name": "org.craftercms:crafter-core",
        "ecosystem": "Maven",
        "purl": "pkg:maven/org.craftercms/crafter-core"
      },
      "ranges": [
        {
          "type": "ECOSYSTEM",
          "events": [
            {
              "introduced": "3.0.0"
            },
            {
              "fixed": "3.0.1"
            }
          ]
        }
      ],
      "versions": [
        "3.0.0"
      ],
      "database_specific": {
        "source": "https://github.com/github/advisory-database/blob/main/advisories/github-reviewed/2022/05/GHSA-38rq-rh9w-cmw6/GHSA-38rq-rh9w-cmw6.json"
      }
    }
  ],
  "schema_version": "1.4.0"
}