{
  "id": "GHSA-44cm-p9q7-rr3p",
  "summary": "Missing permission check in Jenkins Liquibase Runner Plugin allows enumerating credentials IDs",
  "details": "Liquibase Runner Plugin 1.4.7 and earlier does not perform a permission check in an HTTP endpoint.\n\nThis allows attackers with Overall/Read permission to enumerate credentials IDs of credentials stored in Jenkins. Those can be used as part of an attack to capture the credentials using another vulnerability.\n\nAn enumeration of credentials IDs in Liquibase Runner Plugin 1.4.8 requires the appropriate permissions.",
  "aliases": [
    "CVE-2020-2285"
  ],
  "modified": "2023-04-11T01:25:48.076848Z",
  "published": "2022-05-24T17:29:16Z",
  "database_specific": {
    "nvd_published_at": "2020-09-23T14:15:00Z",
    "github_reviewed_at": "2022-12-19T23:52:41Z",
    "severity": "MODERATE",
    "github_reviewed": true,
    "cwe_ids": [
      "CWE-862"
    ]
  },
  "references": [
    {
      "type": "ADVISORY",
      "url": "https://nvd.nist.gov/vuln/detail/CVE-2020-2285"
    },
    {
      "type": "PACKAGE",
      "url": "https://github.com/jenkinsci/liquibase-runner-plugin"
    },
    {
      "type": "WEB",
      "url": "https://www.jenkins.io/security/advisory/2020-09-23/#SECURITY-2030"
    },
    {
      "type": "WEB",
      "url": "http://www.openwall.com/lists/oss-security/2020/09/23/1"
    }
  ],
  "affected": [
    {
      "package": {
        "name": "org.jenkins-ci.plugins:liquibase-runner",
        "ecosystem": "Maven",
        "purl": "pkg:maven/org.jenkins-ci.plugins/liquibase-runner"
      },
      "ranges": [
        {
          "type": "ECOSYSTEM",
          "events": [
            {
              "introduced": "0"
            },
            {
              "fixed": "1.4.8"
            }
          ]
        }
      ],
      "versions": [
        "1.0.0",
        "1.0.1",
        "1.0.2",
        "1.1.0",
        "1.2.0",
        "1.2.1",
        "1.3.0",
        "1.4.2",
        "1.4.3",
        "1.4.4",
        "1.4.5",
        "1.4.7"
      ],
      "database_specific": {
        "last_known_affected_version_range": "<= 1.4.7",
        "source": "https://github.com/github/advisory-database/blob/main/advisories/github-reviewed/2022/05/GHSA-44cm-p9q7-rr3p/GHSA-44cm-p9q7-rr3p.json"
      }
    }
  ],
  "schema_version": "1.4.0",
  "severity": [
    {
      "type": "CVSS_V3",
      "score": "CVSS:3.0/AV:N/AC:L/PR:L/UI:N/S:U/C:L/I:N/A:N"
    }
  ]
}