{
  "id": "GHSA-49j7-qghp-5wj8",
  "summary": "Improper Control of Generation of Code in HawtJNI",
  "details": "Race condition in hawtjni-runtime/src/main/java/org/fusesource/hawtjni/runtime/Library.java in HawtJNI before 1.8, when a custom library path is not specified, allows local users to execute arbitrary Java code by overwriting a temporary JAR file with a predictable name in /tmp.",
  "aliases": [
    "CVE-2013-2035"
  ],
  "modified": "2023-04-11T01:42:29.411380Z",
  "published": "2022-05-17T04:17:07Z",
  "database_specific": {
    "nvd_published_at": "2013-08-28T23:55:00Z",
    "github_reviewed_at": "2022-07-08T19:07:06Z",
    "severity": "MODERATE",
    "github_reviewed": true,
    "cwe_ids": [
      "CWE-94"
    ]
  },
  "references": [
    {
      "type": "ADVISORY",
      "url": "https://nvd.nist.gov/vuln/detail/CVE-2013-2035"
    },
    {
      "type": "WEB",
      "url": "https://github.com/jline/jline2/issues/85"
    },
    {
      "type": "WEB",
      "url": "https://github.com/jruby/jruby/issues/732"
    },
    {
      "type": "WEB",
      "url": "https://github.com/fusesource/hawtjni/commit/92c266170ce98edc200c656bd034a237098b8aa5"
    },
    {
      "type": "WEB",
      "url": "https://bugzilla.redhat.com/show_bug.cgi?id=CVE-2013-2035"
    },
    {
      "type": "WEB",
      "url": "http://rhn.redhat.com/errata/RHSA-2013-1029.html"
    },
    {
      "type": "WEB",
      "url": "http://rhn.redhat.com/errata/RHSA-2013-1784.html"
    },
    {
      "type": "WEB",
      "url": "http://rhn.redhat.com/errata/RHSA-2013-1785.html"
    },
    {
      "type": "WEB",
      "url": "http://rhn.redhat.com/errata/RHSA-2013-1786.html"
    },
    {
      "type": "WEB",
      "url": "http://rhn.redhat.com/errata/RHSA-2014-0029.html"
    },
    {
      "type": "WEB",
      "url": "http://rhn.redhat.com/errata/RHSA-2014-0245.html"
    },
    {
      "type": "WEB",
      "url": "http://rhn.redhat.com/errata/RHSA-2014-0254.html"
    },
    {
      "type": "WEB",
      "url": "http://rhn.redhat.com/errata/RHSA-2014-0400.html"
    },
    {
      "type": "WEB",
      "url": "http://rhn.redhat.com/errata/RHSA-2015-0034.html"
    },
    {
      "type": "WEB",
      "url": "http://www.osvdb.org/93411"
    }
  ],
  "affected": [
    {
      "package": {
        "name": "org.fusesource.hawtjni:hawtjni-runtime",
        "ecosystem": "Maven",
        "purl": "pkg:maven/org.fusesource.hawtjni/hawtjni-runtime"
      },
      "ranges": [
        {
          "type": "ECOSYSTEM",
          "events": [
            {
              "introduced": "0"
            },
            {
              "fixed": "1.8"
            }
          ]
        }
      ],
      "versions": [
        "1.0",
        "1.1",
        "1.2",
        "1.3",
        "1.4",
        "1.5",
        "1.6",
        "1.7"
      ],
      "database_specific": {
        "source": "https://github.com/github/advisory-database/blob/main/advisories/github-reviewed/2022/05/GHSA-49j7-qghp-5wj8/GHSA-49j7-qghp-5wj8.json"
      }
    }
  ],
  "schema_version": "1.4.0"
}