{
  "id": "GHSA-2rh4-xgmq-63jp",
  "summary": "XXE vulnerability in Jenkins Parasoft Findings Plugin",
  "details": "Parasoft Findings Plugin implements a static analysis parser for various Parasoft products and integrates with [Warnings Plugin](https://plugins.jenkins.io/warnings) (10.4.1 and earlier) and [Warnings NG Plugin](https://plugins.jenkins.io/warnings-ng) (10.4.2 and newer).\n\nParasoft Findings Plugin 10.4.3 and earlier does not configure its XML parser to prevent XML external entity (XXE) attacks. This allows a user able to control the input files for the Parasoft Findings parser to have Jenkins parse a crafted file that uses external entities for extraction of secrets from the Jenkins controller or server-side request forgery.\n\nParasoft Findings Plugin 10.4.4 disables external entity resolution for its XML parser.",
  "aliases": [
    "CVE-2020-2178"
  ],
  "modified": "2023-04-11T01:32:40.011877Z",
  "published": "2022-05-24T17:15:35Z",
  "database_specific": {
    "nvd_published_at": "2020-04-16T19:15:00Z",
    "github_reviewed_at": "2022-12-16T23:00:23Z",
    "severity": "HIGH",
    "github_reviewed": true,
    "cwe_ids": [
      "CWE-611"
    ]
  },
  "references": [
    {
      "type": "ADVISORY",
      "url": "https://nvd.nist.gov/vuln/detail/CVE-2020-2178"
    },
    {
      "type": "PACKAGE",
      "url": "https://github.com/jenkinsci/parasoft-findings-plugin"
    },
    {
      "type": "WEB",
      "url": "https://jenkins.io/security/advisory/2020-04-16/#SECURITY-1753"
    },
    {
      "type": "WEB",
      "url": "http://www.openwall.com/lists/oss-security/2020/04/16/4"
    }
  ],
  "affected": [
    {
      "package": {
        "name": "com.parasoft:parasoft-findings",
        "ecosystem": "Maven",
        "purl": "pkg:maven/com.parasoft/parasoft-findings"
      },
      "ranges": [
        {
          "type": "ECOSYSTEM",
          "events": [
            {
              "introduced": "0"
            },
            {
              "fixed": "10.4.4"
            }
          ]
        }
      ],
      "versions": [
        "10.2.2",
        "10.2.3",
        "10.2.3.1",
        "10.3.0",
        "10.3.2",
        "10.3.3",
        "10.3.4",
        "10.3.5",
        "10.3.6",
        "10.4.0",
        "10.4.1",
        "10.4.2",
        "10.4.3"
      ],
      "database_specific": {
        "last_known_affected_version_range": "<= 10.4.3",
        "source": "https://github.com/github/advisory-database/blob/main/advisories/github-reviewed/2022/05/GHSA-2rh4-xgmq-63jp/GHSA-2rh4-xgmq-63jp.json"
      }
    }
  ],
  "schema_version": "1.4.0",
  "severity": [
    {
      "type": "CVSS_V3",
      "score": "CVSS:3.0/AV:N/AC:L/PR:L/UI:N/S:U/C:H/I:L/A:N"
    }
  ]
}