{
  "id": "GHSA-3v63-f83x-37x4",
  "summary": "Improper Limitation of a Pathname to a Restricted Directory in Apache ActiveMQ",
  "details": "Directory traversal vulnerability in the fileserver upload/download functionality for blob messages in Apache ActiveMQ 5.x before 5.11.2 for Windows allows remote attackers to create JSP files in arbitrary directories via unspecified vectors.",
  "aliases": [
    "CVE-2015-1830"
  ],
  "modified": "2023-04-11T01:49:05.425604Z",
  "published": "2022-05-14T01:14:51Z",
  "database_specific": {
    "nvd_published_at": "2015-08-19T15:59:00Z",
    "github_reviewed_at": "2022-07-06T20:23:30Z",
    "severity": "MODERATE",
    "github_reviewed": true,
    "cwe_ids": [
      "CWE-22"
    ]
  },
  "references": [
    {
      "type": "ADVISORY",
      "url": "https://nvd.nist.gov/vuln/detail/CVE-2015-1830"
    },
    {
      "type": "WEB",
      "url": "https://lists.apache.org/thread.html/a859563f05fbe7c31916b3178c2697165bd9bbf5a65d1cf62aef27d2%40%3Ccommits.activemq.apache.org%3E"
    },
    {
      "type": "WEB",
      "url": "https://lists.apache.org/thread.html/a859563f05fbe7c31916b3178c2697165bd9bbf5a65d1cf62aef27d2@%3Ccommits.activemq.apache.org%3E"
    },
    {
      "type": "WEB",
      "url": "http://activemq.apache.org/security-advisories.data/CVE-2015-1830-announcement.txt"
    },
    {
      "type": "WEB",
      "url": "http://packetstormsecurity.com/files/156643/Apache-ActiveMQ-5.11.1-Directory-Traversal-Shell-Upload.html"
    },
    {
      "type": "WEB",
      "url": "http://www.securityfocus.com/bid/76452"
    },
    {
      "type": "WEB",
      "url": "http://www.securitytracker.com/id/1033315"
    },
    {
      "type": "WEB",
      "url": "http://www.zerodayinitiative.com/advisories/ZDI-15-407"
    },
    {
      "type": "WEB",
      "url": "http://www.zerodayinitiative.com/advisories/ZDI-15-407/"
    }
  ],
  "affected": [
    {
      "package": {
        "name": "org.apache.activemq:activemq-client",
        "ecosystem": "Maven",
        "purl": "pkg:maven/org.apache.activemq/activemq-client"
      },
      "ranges": [
        {
          "type": "ECOSYSTEM",
          "events": [
            {
              "introduced": "5.0.0"
            },
            {
              "fixed": "5.11.2"
            }
          ]
        }
      ],
      "versions": [
        "5.10.0",
        "5.10.1",
        "5.10.2",
        "5.11.0",
        "5.11.1",
        "5.8.0",
        "5.9.0",
        "5.9.1"
      ],
      "database_specific": {
        "last_known_affected_version_range": "<= 5.11.1",
        "source": "https://github.com/github/advisory-database/blob/main/advisories/github-reviewed/2022/05/GHSA-3v63-f83x-37x4/GHSA-3v63-f83x-37x4.json"
      }
    }
  ],
  "schema_version": "1.4.0"
}