{
  "id": "GHSA-45v7-65q8-x294",
  "summary": "Stored XSS vulnerability in Jenkins Bitbucket Server Integration Plugin",
  "details": "Jenkins Bitbucket Server Integration Plugin 3.1.0 and earlier does not limit URL schemes for callback URLs on OAuth consumers, resulting in a stored cross-site scripting (XSS) vulnerability exploitable by attackers able to create BitBucket Server consumers.",
  "aliases": [
    "CVE-2022-28133"
  ],
  "modified": "2023-04-11T01:45:01.003107Z",
  "published": "2022-03-30T00:00:26Z",
  "database_specific": {
    "nvd_published_at": "2022-03-29T13:15:00Z",
    "github_reviewed_at": "2022-11-29T21:49:49Z",
    "severity": "HIGH",
    "github_reviewed": true,
    "cwe_ids": [
      "CWE-79"
    ]
  },
  "references": [
    {
      "type": "ADVISORY",
      "url": "https://nvd.nist.gov/vuln/detail/CVE-2022-28133"
    },
    {
      "type": "PACKAGE",
      "url": "https://github.com/jenkinsci/atlassian-bitbucket-server-integration-plugin"
    },
    {
      "type": "WEB",
      "url": "https://www.jenkins.io/security/advisory/2022-03-29/#SECURITY-2639"
    },
    {
      "type": "WEB",
      "url": "http://www.openwall.com/lists/oss-security/2022/03/29/1"
    }
  ],
  "affected": [
    {
      "package": {
        "name": "io.jenkins.plugins:atlassian-bitbucket-server-integration",
        "ecosystem": "Maven",
        "purl": "pkg:maven/io.jenkins.plugins/atlassian-bitbucket-server-integration"
      },
      "ranges": [
        {
          "type": "ECOSYSTEM",
          "events": [
            {
              "introduced": "2.0.0"
            },
            {
              "fixed": "3.2.0"
            }
          ]
        }
      ],
      "versions": [
        "2.0.0",
        "2.0.1",
        "2.1.0",
        "2.1.1",
        "2.1.2",
        "2.1.3",
        "3.0.0",
        "3.0.1",
        "3.0.2",
        "3.1.0"
      ],
      "database_specific": {
        "source": "https://github.com/github/advisory-database/blob/main/advisories/github-reviewed/2022/03/GHSA-45v7-65q8-x294/GHSA-45v7-65q8-x294.json"
      }
    }
  ],
  "schema_version": "1.4.0",
  "severity": [
    {
      "type": "CVSS_V3",
      "score": "CVSS:3.1/AV:N/AC:L/PR:L/UI:R/S:U/C:H/I:H/A:H"
    }
  ]
}