{
  "id": "GHSA-24r8-fm9r-cpj2",
  "summary": "Low severity vulnerability that affects com.linecorp.armeria:armeria",
  "details": "## Multiple timing attack vulnerabilities leading to the recovery of secrets based on the use of non-constant time compare function\n\n### Impact\n\nString comparison method in multiple authentication validation in Armeria were known to be vulnerable to timing attacks. This vulnerability is caused by the insecure implementation of `equals` method from `java.lang.String`. While this attack is not practically possible, an attacker still has a potential to attack if the victim's server validates user by using `equals` method.\n\nWe would like to thank @chrsow for pointing out the issue.\n\n## Potentially vulnerable codes\n\nhttps://github.com/line/armeria/blob/f0d870fde1088114070be31b67f7df0a21e835c6/core/src/main/java/com/linecorp/armeria/server/auth/OAuth2Token.java#L54\nhttps://github.com/line/armeria/blob/f0d870fde1088114070be31b67f7df0a21e835c6/core/src/main/java/com/linecorp/armeria/server/auth/BasicToken.java#L64\n\n### Patches\n\nThere are two options to patch this issue.\n\n1. Remove `equals` method; it has been exclusively used for test cases and was never used in any OSS projects that are using Armeria. (But it is worth noting that there are possibilities of closed projects authenticating users by utilizing `equals` method)\n\n2. Use `MessageDigest.isEqual` to compare the credential instead.\n\n### Workarounds\n\n1. Update to the latest version (TBD)\n\n2-1. Users can prevent these vulnerabilities by modifying and implementing timing attack preventions by themselves.\n\n2-2. Precisely speaking, it is possible to compare credentials by securely comparing them after calling methods to directly return the input (namely `Object. accessToken()`, `Object.username()` and `Object.password()`).\n\n### References\n- https://cwe.mitre.org/data/definitions/208.html\n- https://security.stackexchange.com/questions/111040/should-i-worry-about-remote-timing-attacks-on-string-comparison\n\n### Side Note\n\nSince it is a theoretical attack, there is no PoC available from neither the vendor nor the security team.",
  "aliases": [
    "CVE-2019-16771"
  ],
  "modified": "2023-04-11T01:22:25.540003Z",
  "published": "2019-12-05T18:40:51Z",
  "database_specific": {
    "nvd_published_at": null,
    "github_reviewed_at": "2020-06-16T20:51:26Z",
    "severity": "LOW",
    "github_reviewed": true,
    "cwe_ids": [
      "CWE-113"
    ]
  },
  "references": [
    {
      "type": "WEB",
      "url": "https://github.com/line/armeria/security/advisories/GHSA-24r8-fm9r-cpj2"
    },
    {
      "type": "WEB",
      "url": "https://github.com/line/armeria/security/advisories/GHSA-35fr-h7jr-hh86"
    },
    {
      "type": "ADVISORY",
      "url": "https://nvd.nist.gov/vuln/detail/CVE-2019-16771"
    },
    {
      "type": "WEB",
      "url": "https://github.com/line/armeria/commit/b597f7a865a527a84ee3d6937075cfbb4470ed20"
    },
    {
      "type": "ADVISORY",
      "url": "https://github.com/advisories/GHSA-24r8-fm9r-cpj2"
    }
  ],
  "affected": [
    {
      "package": {
        "name": "com.linecorp.armeria:armeria",
        "ecosystem": "Maven",
        "purl": "pkg:maven/com.linecorp.armeria/armeria"
      },
      "ranges": [
        {
          "type": "ECOSYSTEM",
          "events": [
            {
              "introduced": "0"
            },
            {
              "fixed": "0.97.0"
            }
          ]
        }
      ],
      "versions": [
        "0.10.0.Final",
        "0.11.0.Final",
        "0.12.0.Final",
        "0.12.1.Final",
        "0.12.2.Final",
        "0.13.0.Final",
        "0.13.1.Final",
        "0.13.2.Final",
        "0.13.3.Final",
        "0.13.4.Final",
        "0.14.0.Final",
        "0.15.0.Final",
        "0.16.0.Final",
        "0.16.1.Final",
        "0.17.0.Final",
        "0.18.0.Final",
        "0.19.0.Final",
        "0.20.0.Final",
        "0.20.1.Final",
        "0.20.2.Final",
        "0.20.3.Final",
        "0.21.0.Final",
        "0.21.1.Final",
        "0.21.2.Final",
        "0.21.3.Final",
        "0.21.4.Final",
        "0.21.5.Final",
        "0.21.6.Final",
        "0.22.0.Final",
        "0.23.0.Final",
        "0.23.1.Final",
        "0.24.0.Final",
        "0.24.1.Final",
        "0.25.0.Final",
        "0.26.0.Final",
        "0.26.1.Final",
        "0.27.0.Final",
        "0.28.0.Final",
        "0.29.0.Final",
        "0.29.1.Final",
        "0.30.0.Final",
        "0.31.0.Final",
        "0.31.1.Final",
        "0.32.0",
        "0.33.0",
        "0.33.1",
        "0.34.0",
        "0.34.1",
        "0.35.0",
        "0.35.1",
        "0.35.2",
        "0.36.0",
        "0.37.0",
        "0.38.0",
        "0.39.0",
        "0.4.0.Final",
        "0.40.0",
        "0.41.0",
        "0.42.0",
        "0.43.0",
        "0.44.0",
        "0.45.0",
        "0.46.0",
        "0.46.1",
        "0.46.2",
        "0.46.3",
        "0.46.4",
        "0.47.0",
        "0.48.0",
        "0.49.0",
        "0.5.0.Final",
        "0.5.1.Final",
        "0.50.0",
        "0.51.0",
        "0.52.0",
        "0.52.1",
        "0.53.0",
        "0.53.1",
        "0.53.2",
        "0.54.0",
        "0.54.1",
        "0.54.2",
        "0.55.0",
        "0.55.1",
        "0.56.0",
        "0.56.1",
        "0.57.0",
        "0.58.0",
        "0.58.1",
        "0.59.0",
        "0.59.1",
        "0.59.2",
        "0.6.0.Final",
        "0.6.1.Final",
        "0.6.2.Final",
        "0.6.3.Final",
        "0.6.4.Final",
        "0.60.0",
        "0.61.0",
        "0.62.0",
        "0.63.0",
        "0.63.1",
        "0.64.0",
        "0.65.0",
        "0.65.1",
        "0.66.0",
        "0.67.0",
        "0.67.1",
        "0.67.2",
        "0.68.0",
        "0.68.1",
        "0.68.2",
        "0.69.0",
        "0.7.0.Final",
        "0.70.0",
        "0.70.1",
        "0.71.0",
        "0.71.1",
        "0.72.0",
        "0.73.0",
        "0.74.0",
        "0.74.1",
        "0.75.0",
        "0.76.0",
        "0.76.1",
        "0.76.2",
        "0.77.0",
        "0.78.0",
        "0.78.1",
        "0.78.2",
        "0.79.0",
        "0.8.0.Final",
        "0.80.0",
        "0.81.0",
        "0.81.1",
        "0.82.0",
        "0.83.0",
        "0.84.0",
        "0.85.0",
        "0.86.0",
        "0.87.0",
        "0.88.0",
        "0.89.0",
        "0.89.1",
        "0.9.0.Final",
        "0.90.0",
        "0.90.1",
        "0.90.2",
        "0.90.3",
        "0.91.0",
        "0.92.0",
        "0.93.0",
        "0.94.0",
        "0.95.0",
        "0.96.0"
      ],
      "database_specific": {
        "source": "https://github.com/github/advisory-database/blob/main/advisories/github-reviewed/2019/12/GHSA-24r8-fm9r-cpj2/GHSA-24r8-fm9r-cpj2.json"
      }
    }
  ],
  "schema_version": "1.4.0",
  "severity": [
    {
      "type": "CVSS_V3",
      "score": "CVSS:3.1/AV:N/AC:H/PR:N/UI:N/S:U/C:L/I:L/A:N"
    }
  ]
}