{
  "id": "GHSA-38ch-x695-m794",
  "summary": "Jenkins Groovy Postbuild Plugin vulnerable to Cross-site Scripting",
  "details": "A persisted cross-site scripting vulnerability exists in Jenkins Groovy Postbuild Plugin 2.3.1 and older in various Jelly files that allows attackers able to control build badge content to define JavaScript that would be executed in another user's browser when that other user performs some UI actions.",
  "aliases": [
    "CVE-2018-1000202"
  ],
  "modified": "2023-04-11T01:41:39.216371Z",
  "published": "2022-05-14T03:13:13Z",
  "database_specific": {
    "nvd_published_at": "2018-06-05T21:29:00Z",
    "github_reviewed_at": "2022-11-22T19:45:11Z",
    "severity": "MODERATE",
    "github_reviewed": true,
    "cwe_ids": [
      "CWE-79"
    ]
  },
  "references": [
    {
      "type": "ADVISORY",
      "url": "https://nvd.nist.gov/vuln/detail/CVE-2018-1000202"
    },
    {
      "type": "WEB",
      "url": "https://jenkins.io/security/advisory/2018-05-09/#SECURITY-821"
    }
  ],
  "affected": [
    {
      "package": {
        "name": "org.jvnet.hudson.plugins:groovy-postbuild",
        "ecosystem": "Maven",
        "purl": "pkg:maven/org.jvnet.hudson.plugins/groovy-postbuild"
      },
      "ranges": [
        {
          "type": "ECOSYSTEM",
          "events": [
            {
              "introduced": "0"
            },
            {
              "fixed": "2.4"
            }
          ]
        }
      ],
      "versions": [
        "1.10",
        "1.2",
        "1.3",
        "1.4",
        "1.5",
        "1.6",
        "1.7",
        "1.8",
        "1.9",
        "2.0",
        "2.1",
        "2.2",
        "2.2.1",
        "2.2.2",
        "2.3",
        "2.3.1"
      ],
      "database_specific": {
        "last_known_affected_version_range": "<= 2.3.1",
        "source": "https://github.com/github/advisory-database/blob/main/advisories/github-reviewed/2022/05/GHSA-38ch-x695-m794/GHSA-38ch-x695-m794.json"
      }
    }
  ],
  "schema_version": "1.4.0",
  "severity": [
    {
      "type": "CVSS_V3",
      "score": "CVSS:3.0/AV:N/AC:L/PR:L/UI:R/S:C/C:L/I:L/A:N"
    }
  ]
}