{
  "id": "GHSA-44cw-p2hm-gpf6",
  "summary": "Disabled Hostname Verification in Opencast",
  "details": "Opencast before version 8.9 and 7.9 disables HTTPS hostname verification of its HTTP client used for a large portion of Opencast's HTTP requests.\n\nHostname verification is an important part when using HTTPS to ensure that the presented certificate is valid for the host. Disabling it can allow for man-in-the-middle attacks.\n\n### Patches\n\nThis problem is fixed in Opencast 7.9 and Opencast 8.9\n\n### Self-Signed Certificates\n\nPlease be aware that fixing the problem means that Opencast will not simply accept any self-signed certificates any longer without properly importing them. If you need those, please make sure to import them into the Java key store. Better yet, get a valid certificate e.g. from [Let's Encrypt](https://letsencrypt.org).",
  "aliases": [
    "CVE-2020-26234"
  ],
  "modified": "2023-04-11T01:28:55.122374Z",
  "published": "2020-12-08T22:37:59Z",
  "database_specific": {
    "nvd_published_at": null,
    "github_reviewed_at": "2020-12-08T22:37:44Z",
    "severity": "HIGH",
    "github_reviewed": true,
    "cwe_ids": [
      "CWE-297"
    ]
  },
  "references": [
    {
      "type": "WEB",
      "url": "https://github.com/opencast/opencast/security/advisories/GHSA-44cw-p2hm-gpf6"
    },
    {
      "type": "ADVISORY",
      "url": "https://nvd.nist.gov/vuln/detail/CVE-2020-26234"
    },
    {
      "type": "WEB",
      "url": "https://github.com/opencast/opencast/commit/4225bf90af74557deaf8fb6b80b0705c9621acfc"
    }
  ],
  "affected": [
    {
      "package": {
        "name": "org.opencastproject:opencast-kernel",
        "ecosystem": "Maven",
        "purl": "pkg:maven/org.opencastproject/opencast-kernel"
      },
      "ranges": [
        {
          "type": "ECOSYSTEM",
          "events": [
            {
              "introduced": "0"
            },
            {
              "fixed": "7.9"
            }
          ]
        }
      ],
      "versions": [
        "6.6",
        "7.2",
        "7.3",
        "7.4",
        "7.5",
        "7.6",
        "7.7",
        "7.8"
      ],
      "database_specific": {
        "source": "https://github.com/github/advisory-database/blob/main/advisories/github-reviewed/2020/12/GHSA-44cw-p2hm-gpf6/GHSA-44cw-p2hm-gpf6.json"
      }
    },
    {
      "package": {
        "name": "org.opencastproject:opencast-kernel",
        "ecosystem": "Maven",
        "purl": "pkg:maven/org.opencastproject/opencast-kernel"
      },
      "ranges": [
        {
          "type": "ECOSYSTEM",
          "events": [
            {
              "introduced": "8.0"
            },
            {
              "fixed": "8.9"
            }
          ]
        }
      ],
      "versions": [
        "8.0",
        "8.1",
        "8.3",
        "8.4",
        "8.5",
        "8.6",
        "8.7",
        "8.8"
      ],
      "database_specific": {
        "source": "https://github.com/github/advisory-database/blob/main/advisories/github-reviewed/2020/12/GHSA-44cw-p2hm-gpf6/GHSA-44cw-p2hm-gpf6.json"
      }
    }
  ],
  "schema_version": "1.4.0",
  "severity": [
    {
      "type": "CVSS_V3",
      "score": "CVSS:3.1/AV:N/AC:H/PR:L/UI:R/S:U/C:N/I:H/A:N"
    }
  ]
}