{
  "id": "GHSA-42mm-x828-56c7",
  "summary": "CSRF vulnerability in Jenkins Configuration Slicing Plugin",
  "details": "Configuration Slicing Plugin 1.51 and earlier does not require POST requests for the form submission endpoint reconfiguring slices, resulting in a cross-site request forgery (CSRF) vulnerability.\n\nThis vulnerability allows attackers to apply different slice configurations to attacker-specified jobs.\n\nConfiguration Slicing Plugin 1.52 requires POST requests for the affected HTTP endpoint.",
  "aliases": [
    "CVE-2021-21617"
  ],
  "modified": "2023-04-11T01:35:44.759298Z",
  "published": "2022-05-24T17:43:00Z",
  "database_specific": {
    "nvd_published_at": "2021-02-24T16:15:00Z",
    "github_reviewed_at": "2022-12-13T18:55:05Z",
    "severity": "MODERATE",
    "github_reviewed": true,
    "cwe_ids": [
      "CWE-352"
    ]
  },
  "references": [
    {
      "type": "ADVISORY",
      "url": "https://nvd.nist.gov/vuln/detail/CVE-2021-21617"
    },
    {
      "type": "PACKAGE",
      "url": "https://github.com/jenkinsci/configurationslicing-plugin"
    },
    {
      "type": "WEB",
      "url": "https://www.jenkins.io/security/advisory/2021-02-24/#SECURITY-2003"
    },
    {
      "type": "WEB",
      "url": "http://www.openwall.com/lists/oss-security/2021/02/24/3"
    }
  ],
  "affected": [
    {
      "package": {
        "name": "org.jenkins-ci.plugins:configurationslicing",
        "ecosystem": "Maven",
        "purl": "pkg:maven/org.jenkins-ci.plugins/configurationslicing"
      },
      "ranges": [
        {
          "type": "ECOSYSTEM",
          "events": [
            {
              "introduced": "0"
            },
            {
              "fixed": "2.0.3"
            }
          ]
        }
      ],
      "versions": [
        "1.39",
        "1.40",
        "1.41",
        "1.44",
        "1.45",
        "1.47",
        "1.50",
        "1.51",
        "1.52"
      ],
      "database_specific": {
        "last_known_affected_version_range": "<= 2.0.2",
        "source": "https://github.com/github/advisory-database/blob/main/advisories/github-reviewed/2022/05/GHSA-42mm-x828-56c7/GHSA-42mm-x828-56c7.json"
      }
    }
  ],
  "schema_version": "1.4.0",
  "severity": [
    {
      "type": "CVSS_V3",
      "score": "CVSS:3.1/AV:N/AC:H/PR:N/UI:R/S:U/C:L/I:H/A:L"
    }
  ]
}