{
  "id": "GHSA-2rmm-87v7-34rj",
  "summary": "Improper Restriction of XML External Entity Reference in Any23",
  "details": "An XML external entity (XXE) injection vulnerability was discovered in the Any23 RDFa XSLTStylesheet extractor and is known to affect Any23 versions < 2.7. XML external entity injection (also known as XXE) is a web security vulnerability that allows an attacker to interfere with an application's processing of XML data. It often allows an attacker to view files on the application server filesystem, and to interact with any back-end or external systems that the application itself can access. This issue is fixed in Apache Any23 2.7.",
  "aliases": [
    "CVE-2022-25312"
  ],
  "modified": "2023-04-11T01:47:34.143584Z",
  "published": "2022-03-06T00:00:17Z",
  "database_specific": {
    "nvd_published_at": "2022-03-05T00:15:00Z",
    "github_reviewed_at": "2022-03-07T20:09:23Z",
    "severity": "CRITICAL",
    "github_reviewed": true,
    "cwe_ids": [
      "CWE-611"
    ]
  },
  "references": [
    {
      "type": "ADVISORY",
      "url": "https://nvd.nist.gov/vuln/detail/CVE-2022-25312"
    },
    {
      "type": "PACKAGE",
      "url": "https://github.com/apache/any23"
    },
    {
      "type": "WEB",
      "url": "https://github.com/apache/any23/blob/any23-2.7/RELEASE-NOTES.md"
    },
    {
      "type": "WEB",
      "url": "https://lists.apache.org/thread/y6cm5n3ksohsrhzqknqhzy7p3mtkyk23"
    },
    {
      "type": "WEB",
      "url": "http://www.openwall.com/lists/oss-security/2022/03/04/2"
    }
  ],
  "affected": [
    {
      "package": {
        "name": "org.apache.any23:apache-any23",
        "ecosystem": "Maven",
        "purl": "pkg:maven/org.apache.any23/apache-any23"
      },
      "ranges": [
        {
          "type": "ECOSYSTEM",
          "events": [
            {
              "introduced": "0"
            },
            {
              "fixed": "2.7"
            }
          ]
        }
      ],
      "versions": [
        "0.7.0-incubating",
        "0.8.0",
        "0.9.0",
        "1.0",
        "1.1",
        "2.0",
        "2.1",
        "2.2",
        "2.3",
        "2.4",
        "2.5",
        "2.6"
      ],
      "database_specific": {
        "source": "https://github.com/github/advisory-database/blob/main/advisories/github-reviewed/2022/03/GHSA-2rmm-87v7-34rj/GHSA-2rmm-87v7-34rj.json"
      }
    }
  ],
  "schema_version": "1.4.0",
  "severity": [
    {
      "type": "CVSS_V3",
      "score": "CVSS:3.1/AV:N/AC:L/PR:N/UI:N/S:U/C:H/I:H/A:N"
    }
  ]
}