{
  "id": "GHSA-378p-hrq3-x4p3",
  "summary": "Cross-site scripting in Shopizer",
  "details": "A reflected cross-site scripting (XSS) vulnerability in Shopizer before 2.17.0 allows remote attackers to inject arbitrary web script or HTML via the ref parameter to a page about an arbitrary product, e.g., a product/insert-product-name-here.html/ref= URL.",
  "aliases": [
    "CVE-2021-33562"
  ],
  "modified": "2023-04-11T01:48:10.659744Z",
  "published": "2021-06-08T23:08:20Z",
  "database_specific": {
    "nvd_published_at": "2021-05-24T23:15:00Z",
    "github_reviewed_at": "2021-05-28T18:49:50Z",
    "severity": "MODERATE",
    "github_reviewed": true,
    "cwe_ids": [
      "CWE-79"
    ]
  },
  "references": [
    {
      "type": "ADVISORY",
      "url": "https://nvd.nist.gov/vuln/detail/CVE-2021-33562"
    },
    {
      "type": "WEB",
      "url": "https://github.com/shopizer-ecommerce/shopizer/commit/197f8c78c8f673b957e41ca2c823afc654c19271"
    },
    {
      "type": "WEB",
      "url": "https://github.com/shopizer-ecommerce/shopizer/compare/2.16.0...2.17.0"
    },
    {
      "type": "WEB",
      "url": "https://www.exploit-db.com/exploits/49901"
    }
  ],
  "affected": [
    {
      "package": {
        "name": "com.shopizer:shopizer",
        "ecosystem": "Maven",
        "purl": "pkg:maven/com.shopizer/shopizer"
      },
      "ranges": [
        {
          "type": "ECOSYSTEM",
          "events": [
            {
              "introduced": "0"
            },
            {
              "fixed": "2.17.0"
            }
          ]
        }
      ],
      "versions": [
        "2.16.0"
      ],
      "database_specific": {
        "source": "https://github.com/github/advisory-database/blob/main/advisories/github-reviewed/2021/06/GHSA-378p-hrq3-x4p3/GHSA-378p-hrq3-x4p3.json"
      }
    }
  ],
  "schema_version": "1.4.0",
  "severity": [
    {
      "type": "CVSS_V3",
      "score": "CVSS:3.1/AV:N/AC:L/PR:H/UI:R/S:C/C:L/I:L/A:N"
    }
  ]
}