{
  "id": "GHSA-3gx9-37ww-9qw6",
  "summary": "Spring Cloud Gateway vulnerable to Code Injection when Gateway Actuator endpoint enabled, exposed, unsecured",
  "details": "In Spring Cloud Gateway versions prior to 3.1.1+ and 3.0.7+ , applications are vulnerable to a code injection attack when the Gateway Actuator endpoint is enabled, exposed, and unsecured. A remote attacker could make a maliciously crafted request resulting in arbitrary remote execution on the remote host.",
  "aliases": [
    "CVE-2022-22947"
  ],
  "modified": "2023-07-24T19:49:28.708311Z",
  "published": "2022-03-04T00:00:15Z",
  "database_specific": {
    "nvd_published_at": "2022-03-03T22:15:00Z",
    "cwe_ids": [
      "CWE-917",
      "CWE-94"
    ],
    "severity": "CRITICAL",
    "github_reviewed": true,
    "github_reviewed_at": "2022-03-04T21:06:22Z"
  },
  "references": [
    {
      "type": "ADVISORY",
      "url": "https://nvd.nist.gov/vuln/detail/CVE-2022-22947"
    },
    {
      "type": "WEB",
      "url": "https://tanzu.vmware.com/security/cve-2022-22947"
    },
    {
      "type": "WEB",
      "url": "https://www.oracle.com/security-alerts/cpuapr2022.html"
    },
    {
      "type": "WEB",
      "url": "https://www.oracle.com/security-alerts/cpujul2022.html"
    },
    {
      "type": "WEB",
      "url": "http://packetstormsecurity.com/files/166219/Spring-Cloud-Gateway-3.1.0-Remote-Code-Execution.html"
    },
    {
      "type": "WEB",
      "url": "http://packetstormsecurity.com/files/168742/Spring-Cloud-Gateway-3.1.0-Remote-Code-Execution.html"
    }
  ],
  "affected": [
    {
      "package": {
        "name": "org.springframework.cloud:spring-cloud-gateway",
        "ecosystem": "Maven",
        "purl": "pkg:maven/org.springframework.cloud/spring-cloud-gateway"
      },
      "ranges": [
        {
          "type": "ECOSYSTEM",
          "events": [
            {
              "introduced": "0"
            },
            {
              "fixed": "3.0.7"
            }
          ]
        }
      ],
      "versions": [
        "1.0.0.RELEASE",
        "1.0.1.RELEASE",
        "1.0.2.RELEASE",
        "1.0.3.RELEASE",
        "2.0.0.RELEASE",
        "2.0.1.RELEASE",
        "2.0.2.RELEASE",
        "2.0.3.RELEASE",
        "2.0.4.RELEASE",
        "2.1.0.RELEASE",
        "2.1.1.RELEASE",
        "2.1.2.RELEASE",
        "2.1.3.RELEASE",
        "2.1.4.RELEASE",
        "2.1.5.RELEASE",
        "2.2.0.RELEASE",
        "2.2.1.RELEASE",
        "2.2.10.RELEASE",
        "2.2.2.RELEASE",
        "2.2.3.RELEASE",
        "2.2.4.RELEASE",
        "2.2.5.RELEASE",
        "2.2.6.RELEASE",
        "2.2.7.RELEASE",
        "2.2.8.RELEASE",
        "2.2.9.RELEASE",
        "3.0.0",
        "3.0.1",
        "3.0.2",
        "3.0.3",
        "3.0.4",
        "3.0.5",
        "3.0.6"
      ],
      "database_specific": {
        "source": "https://github.com/github/advisory-database/blob/main/advisories/github-reviewed/2022/03/GHSA-3gx9-37ww-9qw6/GHSA-3gx9-37ww-9qw6.json"
      }
    },
    {
      "package": {
        "name": "org.springframework.cloud:spring-cloud-gateway",
        "ecosystem": "Maven",
        "purl": "pkg:maven/org.springframework.cloud/spring-cloud-gateway"
      },
      "ranges": [
        {
          "type": "ECOSYSTEM",
          "events": [
            {
              "introduced": "3.1.0"
            },
            {
              "fixed": "3.1.1"
            }
          ]
        }
      ],
      "versions": [
        "3.1.0"
      ],
      "database_specific": {
        "source": "https://github.com/github/advisory-database/blob/main/advisories/github-reviewed/2022/03/GHSA-3gx9-37ww-9qw6/GHSA-3gx9-37ww-9qw6.json"
      }
    }
  ],
  "schema_version": "1.4.0",
  "severity": [
    {
      "type": "CVSS_V3",
      "score": "CVSS:3.1/AV:N/AC:L/PR:N/UI:N/S:C/C:H/I:H/A:H"
    }
  ]
}