{
  "id": "GHSA-35h9-h439-vvmr",
  "summary": "Stored Cross-site Scripting vulnerability in Jenkins Environment Dashboard Plugin",
  "details": "Jenkins Environment Dashboard Plugin 1.1.10 and earlier does not escape the Environment order and the Component order configuration values in its views, resulting in a stored cross-site scripting (XSS) vulnerability exploitable by attackers with View/Configure permission.",
  "aliases": [
    "CVE-2022-27213"
  ],
  "modified": "2023-04-11T01:20:19.539570Z",
  "published": "2022-03-16T00:00:42Z",
  "database_specific": {
    "nvd_published_at": "2022-03-15T17:15:00Z",
    "github_reviewed_at": "2022-11-30T19:39:50Z",
    "severity": "HIGH",
    "github_reviewed": true,
    "cwe_ids": [
      "CWE-79"
    ]
  },
  "references": [
    {
      "type": "ADVISORY",
      "url": "https://nvd.nist.gov/vuln/detail/CVE-2022-27213"
    },
    {
      "type": "WEB",
      "url": "https://www.jenkins.io/security/advisory/2022-03-15/#SECURITY-2252"
    },
    {
      "type": "WEB",
      "url": "http://www.openwall.com/lists/oss-security/2022/03/15/2"
    }
  ],
  "affected": [
    {
      "package": {
        "name": "io.jenkins.plugins:environment-dashboard",
        "ecosystem": "Maven",
        "purl": "pkg:maven/io.jenkins.plugins/environment-dashboard"
      },
      "ranges": [
        {
          "type": "ECOSYSTEM",
          "events": [
            {
              "introduced": "0"
            },
            {
              "last_affected": "1.1.10"
            }
          ]
        }
      ],
      "versions": [
        "1.1.10"
      ],
      "database_specific": {
        "source": "https://github.com/github/advisory-database/blob/main/advisories/github-reviewed/2022/03/GHSA-35h9-h439-vvmr/GHSA-35h9-h439-vvmr.json"
      }
    }
  ],
  "schema_version": "1.4.0",
  "severity": [
    {
      "type": "CVSS_V3",
      "score": "CVSS:3.1/AV:N/AC:L/PR:L/UI:R/S:U/C:H/I:H/A:H"
    }
  ]
}