{
  "id": "GHSA-3hx4-285w-v6mm",
  "summary": "Jenkins Project Inheritance Plugin vulnerable to cross site scripting",
  "details": "Jenkins Project Inheritance Plugin 21.04.03 and earlier does not escape the reason a build is blocked in tooltips, resulting in a cross-site scripting (XSS) vulnerability exploitable by attackers able to control the reason a queue item is blocked.",
  "aliases": [
    "CVE-2022-34787"
  ],
  "modified": "2023-04-11T01:21:47.280261Z",
  "published": "2022-07-01T00:01:07Z",
  "database_specific": {
    "nvd_published_at": "2022-06-30T18:15:00Z",
    "github_reviewed_at": "2022-12-09T14:27:38Z",
    "severity": "HIGH",
    "github_reviewed": true,
    "cwe_ids": [
      "CWE-79"
    ]
  },
  "references": [
    {
      "type": "ADVISORY",
      "url": "https://nvd.nist.gov/vuln/detail/CVE-2022-34787"
    },
    {
      "type": "WEB",
      "url": "https://www.jenkins.io/security/advisory/2022-06-30/#SECURITY-1919"
    }
  ],
  "affected": [
    {
      "package": {
        "name": "hudson.plugins:project-inheritance",
        "ecosystem": "Maven",
        "purl": "pkg:maven/hudson.plugins/project-inheritance"
      },
      "ranges": [
        {
          "type": "ECOSYSTEM",
          "events": [
            {
              "introduced": "0"
            },
            {
              "last_affected": "21.04.03"
            }
          ]
        }
      ],
      "versions": [
        "1.4.10",
        "1.4.11.1",
        "1.4.12",
        "1.4.8",
        "1.4.9",
        "1.5.0",
        "1.5.1",
        "1.5.3",
        "19.08.01",
        "19.08.02",
        "2.0.0",
        "21.04.02",
        "21.04.03"
      ],
      "database_specific": {
        "source": "https://github.com/github/advisory-database/blob/main/advisories/github-reviewed/2022/07/GHSA-3hx4-285w-v6mm/GHSA-3hx4-285w-v6mm.json"
      }
    }
  ],
  "schema_version": "1.4.0",
  "severity": [
    {
      "type": "CVSS_V3",
      "score": "CVSS:3.1/AV:N/AC:L/PR:L/UI:R/S:U/C:H/I:H/A:H"
    }
  ]
}