{
  "id": "GHSA-227w-wv4j-67h4",
  "summary": "Class Loading Vulnerability in Artemis",
  "details": "### Impact\nThis affects all Artemis users who test Java assignments. **Ares is not required.**\nStudents code that gets automatically tested can run arbitrary code in the container,\nor arbitrary code on the machine of an assessor in case of manual correction.\n\n### Patches\nThe problem cannot be resolved easily in Ares itself. Use the Maven Enforcer Plugin as follows:\n\n```xml\n<plugin>\n    <groupId>org.apache.maven.plugins</groupId>\n    <artifactId>maven-enforcer-plugin</artifactId>\n    <version>3.0.0</version>\n    <executions>\n        <execution>\n            <id>enforce-no-student-code-in-trusted-packages</id>\n            <phase>process-classes</phase>\n            <goals>\n                <goal>enforce</goal>\n            </goals>\n        </execution>\n    </executions>\n    <configuration>\n        <rules>\n            <requireFilesDontExist>\n                <files>\n                    <!-- ADD HERE THE RULES ARES TELLS YOU ARE MISSING -->\n                </files>\n            </requireFilesDontExist>\n        </rules>\n    </configuration>\n</plugin>\n```\n\nThis fails the build if student classes reside in such packages that Ares trusts. Trusted packages added in Ares using `@AddTrustedPackage` should be added as well.\n\n### For more information\nIf you have any questions or comments about this advisory:\n* Open a discussion https://github.com/ls1intum/Ares/discussions\n* Open an issue in https://github.com/ls1intum/Ares/issues\n* Email us, see https://github.com/ls1intum/Ares/security/policy\n\n### References\nSee the assignment of Julius that passes the tests in TUM Artemis course: \"Test - Praktikum: Grundlagen der Programmierung (Testkurs f\u00fcr Tutoren) - Security Tests\" (if that still exists in 2022).\n\nAlso see #15 for almost the same problem.\n",
  "modified": "2023-04-11T01:19:01.995260Z",
  "published": "2022-02-09T22:30:30Z",
  "database_specific": {
    "nvd_published_at": null,
    "github_reviewed_at": "2022-02-09T22:30:30Z",
    "severity": "HIGH",
    "github_reviewed": true,
    "cwe_ids": [
      "CWE-501",
      "CWE-653"
    ]
  },
  "references": [
    {
      "type": "WEB",
      "url": "https://github.com/ls1intum/Ares/security/advisories/GHSA-227w-wv4j-67h4"
    },
    {
      "type": "WEB",
      "url": "https://github.com/ls1intum/Ares/issues/15"
    },
    {
      "type": "PACKAGE",
      "url": "https://github.com/ls1intum/Ares"
    },
    {
      "type": "WEB",
      "url": "https://github.com/ls1intum/Ares/releases/tag/1.8.0"
    }
  ],
  "affected": [
    {
      "package": {
        "name": "de.tum.in.ase:artemis-java-test-sandbox",
        "ecosystem": "Maven",
        "purl": "pkg:maven/de.tum.in.ase/artemis-java-test-sandbox"
      },
      "ranges": [
        {
          "type": "ECOSYSTEM",
          "events": [
            {
              "introduced": "0"
            },
            {
              "fixed": "1.8.0"
            }
          ]
        }
      ],
      "versions": [
        "1.0.0",
        "1.0.1",
        "1.1.0",
        "1.1.1",
        "1.2.0",
        "1.2.1",
        "1.2.2",
        "1.3.0",
        "1.3.1",
        "1.3.2",
        "1.3.3",
        "1.3.4",
        "1.4.0",
        "1.4.1",
        "1.4.2",
        "1.4.3",
        "1.4.4",
        "1.4.5",
        "1.4.6",
        "1.4.7",
        "1.5.0",
        "1.5.1",
        "1.5.2",
        "1.5.3",
        "1.5.4",
        "1.5.5",
        "1.6.0",
        "1.7.0",
        "1.7.1",
        "1.7.2",
        "1.7.3",
        "1.7.5",
        "1.7.6"
      ],
      "database_specific": {
        "source": "https://github.com/github/advisory-database/blob/main/advisories/github-reviewed/2022/02/GHSA-227w-wv4j-67h4/GHSA-227w-wv4j-67h4.json"
      }
    }
  ],
  "schema_version": "1.4.0",
  "severity": [
    {
      "type": "CVSS_V3",
      "score": "CVSS:3.1/AV:L/AC:L/PR:L/UI:R/S:C/C:H/I:H/A:H"
    }
  ]
}