{
  "id": "GHSA-42g3-3jwm-63rx",
  "summary": "Broken access control in Silverpeas",
  "details": "Silverpeas Core 6.3.1 administrative \"Bin\" feature is affected by broken access control. A user with low privileges is able to navigate directly to the bin, revealing all deleted spaces. The user can then restore or permanently delete the spaces.",
  "aliases": [
    "CVE-2023-47325"
  ],
  "modified": "2023-12-18T21:39:35Z",
  "published": "2023-12-13T15:30:58Z",
  "database_specific": {
    "nvd_published_at": "2023-12-13T14:15:44Z",
    "cwe_ids": [
      "CWE-284"
    ],
    "severity": "MODERATE",
    "github_reviewed": true,
    "github_reviewed_at": "2023-12-13T19:29:01Z"
  },
  "references": [
    {
      "type": "ADVISORY",
      "url": "https://nvd.nist.gov/vuln/detail/CVE-2023-47325"
    },
    {
      "type": "WEB",
      "url": "https://github.com/RhinoSecurityLabs/CVEs/tree/master/CVE-2023-47325"
    },
    {
      "type": "PACKAGE",
      "url": "https://github.com/Silverpeas/Silverpeas-Core"
    },
    {
      "type": "WEB",
      "url": "http://silverpeas.com"
    }
  ],
  "affected": [
    {
      "package": {
        "name": "org.silverpeas.core:silverpeas-core-web",
        "ecosystem": "Maven",
        "purl": "pkg:maven/org.silverpeas.core/silverpeas-core-web"
      },
      "ranges": [
        {
          "type": "ECOSYSTEM",
          "events": [
            {
              "introduced": "0"
            },
            {
              "fixed": "6.3.2"
            }
          ]
        }
      ],
      "database_specific": {
        "source": "https://github.com/github/advisory-database/blob/main/advisories/github-reviewed/2023/12/GHSA-42g3-3jwm-63rx/GHSA-42g3-3jwm-63rx.json"
      },
      "versions": []
    }
  ],
  "schema_version": "1.6.0",
  "severity": [
    {
      "type": "CVSS_V3",
      "score": "CVSS:3.1/AV:N/AC:L/PR:L/UI:N/S:U/C:L/I:L/A:N"
    }
  ]
}