{
  "id": "GHSA-47mp-rq2x-wjf2",
  "summary": "Improper Neutralization of CRLF Sequences in HTTP Headers in Undertow",
  "details": "In Undertow before versions 7.1.2.CR1, 7.1.2.GA it was found that the fix for CVE-2016-4993 was incomplete and Undertow web server is vulnerable to the injection of arbitrary HTTP headers, and also response splitting, due to insufficient sanitization and validation of user input before the input is used as part of an HTTP header value.",
  "aliases": [
    "CVE-2018-1067"
  ],
  "modified": "2022-06-30T13:49:55Z",
  "published": "2022-05-13T01:14:41Z",
  "database_specific": {
    "nvd_published_at": "2018-05-21T17:29:00Z",
    "github_reviewed_at": "2022-06-30T13:49:55Z",
    "severity": "MODERATE",
    "github_reviewed": true,
    "cwe_ids": [
      "CWE-113"
    ]
  },
  "references": [
    {
      "type": "ADVISORY",
      "url": "https://nvd.nist.gov/vuln/detail/CVE-2018-1067"
    },
    {
      "type": "WEB",
      "url": "https://access.redhat.com/errata/RHSA-2018:1247"
    },
    {
      "type": "WEB",
      "url": "https://access.redhat.com/errata/RHSA-2018:1248"
    },
    {
      "type": "WEB",
      "url": "https://access.redhat.com/errata/RHSA-2018:1249"
    },
    {
      "type": "WEB",
      "url": "https://access.redhat.com/errata/RHSA-2018:1251"
    },
    {
      "type": "WEB",
      "url": "https://access.redhat.com/errata/RHSA-2018:2643"
    },
    {
      "type": "WEB",
      "url": "https://access.redhat.com/errata/RHSA-2019:0877"
    },
    {
      "type": "WEB",
      "url": "https://bugzilla.redhat.com/show_bug.cgi?id=CVE-2018-1067"
    }
  ],
  "affected": [
    {
      "package": {
        "name": "org.jboss.eap:wildfly-undertow",
        "ecosystem": "Maven",
        "purl": "pkg:maven/org.jboss.eap/wildfly-undertow"
      },
      "ranges": [
        {
          "type": "ECOSYSTEM",
          "events": [
            {
              "introduced": "0"
            },
            {
              "fixed": "7.1.2.GA"
            }
          ]
        }
      ],
      "database_specific": {
        "last_known_affected_version_range": "<= 7.1.1.GA",
        "source": "https://github.com/github/advisory-database/blob/main/advisories/github-reviewed/2022/05/GHSA-47mp-rq2x-wjf2/GHSA-47mp-rq2x-wjf2.json"
      },
      "versions": []
    }
  ],
  "schema_version": "1.4.0",
  "severity": [
    {
      "type": "CVSS_V3",
      "score": "CVSS:3.1/AV:N/AC:L/PR:N/UI:R/S:C/C:L/I:L/A:N"
    }
  ]
}