{
  "id": "GHSA-3hx6-fqpj-xfjr",
  "summary": "RichFaces vulnerable to Expression Language Injection",
  "details": "JBoss RichFaces 4.5.3 through 4.5.17 allows unauthenticated remote attackers to inject an arbitrary expression language (EL) variable mapper and execute arbitrary Java code via a MediaOutputResource's resource request, aka RF-14309.",
  "aliases": [
    "CVE-2018-12532"
  ],
  "modified": "2023-04-11T01:27:49.702093Z",
  "published": "2022-05-13T01:19:02Z",
  "database_specific": {
    "nvd_published_at": "2018-06-18T12:29:00Z",
    "github_reviewed_at": "2022-11-08T12:55:35Z",
    "severity": "CRITICAL",
    "github_reviewed": true,
    "cwe_ids": [
      "CWE-917"
    ]
  },
  "references": [
    {
      "type": "ADVISORY",
      "url": "https://nvd.nist.gov/vuln/detail/CVE-2018-12532"
    },
    {
      "type": "WEB",
      "url": "https://codewhitesec.blogspot.com/2018/05/poor-richfaces.html"
    },
    {
      "type": "WEB",
      "url": "http://seclists.org/fulldisclosure/2020/Mar/21"
    }
  ],
  "affected": [
    {
      "package": {
        "name": "org.richfaces:richfaces-core",
        "ecosystem": "Maven",
        "purl": "pkg:maven/org.richfaces/richfaces-core"
      },
      "ranges": [
        {
          "type": "ECOSYSTEM",
          "events": [
            {
              "introduced": "4.5.3.Final"
            },
            {
              "last_affected": "4.5.17.Final"
            }
          ]
        }
      ],
      "versions": [
        "4.5.10.Final",
        "4.5.11.Final",
        "4.5.12.Final",
        "4.5.13.Final",
        "4.5.14.Final",
        "4.5.15.Final",
        "4.5.16.Final",
        "4.5.17.Final",
        "4.5.3.Final",
        "4.5.4.Final",
        "4.5.5.Final",
        "4.5.6.Final",
        "4.5.7.Final",
        "4.5.8.Final",
        "4.5.9.Final"
      ],
      "database_specific": {
        "source": "https://github.com/github/advisory-database/blob/main/advisories/github-reviewed/2022/05/GHSA-3hx6-fqpj-xfjr/GHSA-3hx6-fqpj-xfjr.json"
      }
    }
  ],
  "schema_version": "1.4.0",
  "severity": [
    {
      "type": "CVSS_V3",
      "score": "CVSS:3.0/AV:N/AC:L/PR:N/UI:N/S:U/C:H/I:H/A:H"
    }
  ]
}