{
  "id": "GHSA-36p3-wjmg-h94x",
  "summary": "Remote Code Execution in Spring Framework",
  "details": "Spring Framework prior to versions 5.2.20 and 5.3.18 contains a remote code execution vulnerability known as `Spring4Shell`. \n\n## Impact\n\nA Spring MVC or Spring WebFlux application running on JDK 9+ may be vulnerable to remote code execution (RCE) via data binding. The specific exploit requires the application to run on Tomcat as a WAR deployment. If the application is deployed as a Spring Boot executable jar, i.e. the default, it is not vulnerable to the exploit. However, the nature of the vulnerability is more general, and there may be other ways to exploit it.\n\nThese are the prerequisites for the exploit:\n- JDK 9 or higher\n- Apache Tomcat as the Servlet container\n- Packaged as WAR\n- `spring-webmvc` or `spring-webflux` dependency\n\n## Patches\n\n- Spring Framework [5.3.18](https://github.com/spring-projects/spring-framework/releases/tag/v5.3.18) and [5.2.20](https://github.com/spring-projects/spring-framework/releases/tag/v5.2.20.RELEASE)\n- Spring Boot [2.6.6](https://github.com/spring-projects/spring-boot/releases/tag/v2.6.6) and [2.5.12](https://github.com/spring-projects/spring-boot/releases/tag/v2.5.12)\n\n## Workarounds\n\nFor those who are unable to upgrade, leaked reports recommend setting `disallowedFields` on `WebDataBinder` through an `@ControllerAdvice`. This works generally, but as a centrally applied workaround fix, may leave some loopholes, in particular if a controller sets `disallowedFields` locally through its own `@InitBinder` method, which overrides the global setting.\n\nTo apply the workaround in a more fail-safe way, applications could extend `RequestMappingHandlerAdapter` to update the `WebDataBinder` at the end after all other initialization. In order to do that, a Spring Boot application can declare a `WebMvcRegistrations` bean (Spring MVC) or a `WebFluxRegistrations` bean (Spring WebFlux).",
  "aliases": [
    "CVE-2022-22965"
  ],
  "modified": "2023-04-11T01:26:21.438854Z",
  "published": "2022-03-31T18:30:50Z",
  "database_specific": {
    "nvd_published_at": "2022-04-01T23:15:00Z",
    "github_reviewed_at": "2022-03-31T18:30:50Z",
    "severity": "CRITICAL",
    "github_reviewed": true,
    "cwe_ids": [
      "CWE-74",
      "CWE-94"
    ]
  },
  "references": [
    {
      "type": "ADVISORY",
      "url": "https://nvd.nist.gov/vuln/detail/CVE-2022-22965"
    },
    {
      "type": "WEB",
      "url": "https://github.com/spring-projects/spring-framework/commit/002546b3e4b8d791ea6acccb81eb3168f51abb15"
    },
    {
      "type": "WEB",
      "url": "https://cert-portal.siemens.com/productcert/pdf/ssa-254054.pdf"
    },
    {
      "type": "WEB",
      "url": "https://github.com/spring-projects/spring-boot/releases/tag/v2.5.12"
    },
    {
      "type": "WEB",
      "url": "https://github.com/spring-projects/spring-boot/releases/tag/v2.6.6"
    },
    {
      "type": "PACKAGE",
      "url": "https://github.com/spring-projects/spring-framework"
    },
    {
      "type": "WEB",
      "url": "https://github.com/spring-projects/spring-framework/releases/tag/v5.2.20.RELEASE"
    },
    {
      "type": "WEB",
      "url": "https://github.com/spring-projects/spring-framework/releases/tag/v5.3.18"
    },
    {
      "type": "WEB",
      "url": "https://psirt.global.sonicwall.com/vuln-detail/SNWLID-2022-0005"
    },
    {
      "type": "WEB",
      "url": "https://spring.io/blog/2022/03/31/spring-framework-rce-early-announcement"
    },
    {
      "type": "WEB",
      "url": "https://tanzu.vmware.com/security/cve-2022-22965"
    },
    {
      "type": "WEB",
      "url": "https://tools.cisco.com/security/center/content/CiscoSecurityAdvisory/cisco-sa-java-spring-rce-Zx9GUc67"
    },
    {
      "type": "WEB",
      "url": "https://www.oracle.com/security-alerts/cpuapr2022.html"
    },
    {
      "type": "WEB",
      "url": "https://www.oracle.com/security-alerts/cpujul2022.html"
    },
    {
      "type": "WEB",
      "url": "http://packetstormsecurity.com/files/166713/Spring4Shell-Code-Execution.html"
    },
    {
      "type": "WEB",
      "url": "http://packetstormsecurity.com/files/167011/Spring4Shell-Spring-Framework-Class-Property-Remote-Code-Execution.html"
    }
  ],
  "affected": [
    {
      "package": {
        "name": "org.springframework:spring-beans",
        "ecosystem": "Maven",
        "purl": "pkg:maven/org.springframework/spring-beans"
      },
      "ranges": [
        {
          "type": "ECOSYSTEM",
          "events": [
            {
              "introduced": "0"
            },
            {
              "fixed": "5.2.20.RELEASE"
            }
          ]
        }
      ],
      "versions": [
        "1.0",
        "1.0-m4",
        "1.0-rc1",
        "1.0.1",
        "1.2",
        "1.2-rc1",
        "1.2-rc2",
        "1.2.1",
        "1.2.2",
        "1.2.3",
        "1.2.4",
        "1.2.5",
        "1.2.6",
        "1.2.7",
        "1.2.8",
        "1.2.9",
        "2.0",
        "2.0-m1",
        "2.0-m2",
        "2.0-m3",
        "2.0-m4",
        "2.0-m5",
        "2.0-rc1",
        "2.0-rc2",
        "2.0.1",
        "2.0.2",
        "2.0.3",
        "2.0.4",
        "2.0.5",
        "2.0.6",
        "2.0.7",
        "2.0.8",
        "2.5",
        "2.5.1",
        "2.5.2",
        "2.5.3",
        "2.5.4",
        "2.5.5",
        "2.5.6",
        "2.5.6.SEC01",
        "2.5.6.SEC02",
        "2.5.6.SEC03",
        "3.0.0.RELEASE",
        "3.0.1.RELEASE",
        "3.0.2.RELEASE",
        "3.0.3.RELEASE",
        "3.0.4.RELEASE",
        "3.0.5.RELEASE",
        "3.0.6.RELEASE",
        "3.0.7.RELEASE",
        "3.1.0.RELEASE",
        "3.1.1.RELEASE",
        "3.1.2.RELEASE",
        "3.1.3.RELEASE",
        "3.1.4.RELEASE",
        "3.2.0.RELEASE",
        "3.2.1.RELEASE",
        "3.2.10.RELEASE",
        "3.2.11.RELEASE",
        "3.2.12.RELEASE",
        "3.2.13.RELEASE",
        "3.2.14.RELEASE",
        "3.2.15.RELEASE",
        "3.2.16.RELEASE",
        "3.2.17.RELEASE",
        "3.2.18.RELEASE",
        "3.2.2.RELEASE",
        "3.2.3.RELEASE",
        "3.2.4.RELEASE",
        "3.2.5.RELEASE",
        "3.2.6.RELEASE",
        "3.2.7.RELEASE",
        "3.2.8.RELEASE",
        "3.2.9.RELEASE",
        "4.0.0.RELEASE",
        "4.0.1.RELEASE",
        "4.0.2.RELEASE",
        "4.0.3.RELEASE",
        "4.0.4.RELEASE",
        "4.0.5.RELEASE",
        "4.0.6.RELEASE",
        "4.0.7.RELEASE",
        "4.0.8.RELEASE",
        "4.0.9.RELEASE",
        "4.1.0.RELEASE",
        "4.1.1.RELEASE",
        "4.1.2.RELEASE",
        "4.1.3.RELEASE",
        "4.1.4.RELEASE",
        "4.1.5.RELEASE",
        "4.1.6.RELEASE",
        "4.1.7.RELEASE",
        "4.1.8.RELEASE",
        "4.1.9.RELEASE",
        "4.2.0.RELEASE",
        "4.2.1.RELEASE",
        "4.2.2.RELEASE",
        "4.2.3.RELEASE",
        "4.2.4.RELEASE",
        "4.2.5.RELEASE",
        "4.2.6.RELEASE",
        "4.2.7.RELEASE",
        "4.2.8.RELEASE",
        "4.2.9.RELEASE",
        "4.3.0.RELEASE",
        "4.3.1.RELEASE",
        "4.3.10.RELEASE",
        "4.3.11.RELEASE",
        "4.3.12.RELEASE",
        "4.3.13.RELEASE",
        "4.3.14.RELEASE",
        "4.3.15.RELEASE",
        "4.3.16.RELEASE",
        "4.3.17.RELEASE",
        "4.3.18.RELEASE",
        "4.3.19.RELEASE",
        "4.3.2.RELEASE",
        "4.3.20.RELEASE",
        "4.3.21.RELEASE",
        "4.3.22.RELEASE",
        "4.3.23.RELEASE",
        "4.3.24.RELEASE",
        "4.3.25.RELEASE",
        "4.3.26.RELEASE",
        "4.3.27.RELEASE",
        "4.3.28.RELEASE",
        "4.3.29.RELEASE",
        "4.3.3.RELEASE",
        "4.3.30.RELEASE",
        "4.3.4.RELEASE",
        "4.3.5.RELEASE",
        "4.3.6.RELEASE",
        "4.3.7.RELEASE",
        "4.3.8.RELEASE",
        "4.3.9.RELEASE",
        "5.0.0.RELEASE",
        "5.0.1.RELEASE",
        "5.0.10.RELEASE",
        "5.0.11.RELEASE",
        "5.0.12.RELEASE",
        "5.0.13.RELEASE",
        "5.0.14.RELEASE",
        "5.0.15.RELEASE",
        "5.0.16.RELEASE",
        "5.0.17.RELEASE",
        "5.0.18.RELEASE",
        "5.0.19.RELEASE",
        "5.0.2.RELEASE",
        "5.0.20.RELEASE",
        "5.0.3.RELEASE",
        "5.0.4.RELEASE",
        "5.0.5.RELEASE",
        "5.0.6.RELEASE",
        "5.0.7.RELEASE",
        "5.0.8.RELEASE",
        "5.0.9.RELEASE",
        "5.1.0.RELEASE",
        "5.1.1.RELEASE",
        "5.1.10.RELEASE",
        "5.1.11.RELEASE",
        "5.1.12.RELEASE",
        "5.1.13.RELEASE",
        "5.1.14.RELEASE",
        "5.1.15.RELEASE",
        "5.1.16.RELEASE",
        "5.1.17.RELEASE",
        "5.1.18.RELEASE",
        "5.1.19.RELEASE",
        "5.1.2.RELEASE",
        "5.1.20.RELEASE",
        "5.1.3.RELEASE",
        "5.1.4.RELEASE",
        "5.1.5.RELEASE",
        "5.1.6.RELEASE",
        "5.1.7.RELEASE",
        "5.1.8.RELEASE",
        "5.1.9.RELEASE",
        "5.2.0.RELEASE",
        "5.2.1.RELEASE",
        "5.2.10.RELEASE",
        "5.2.11.RELEASE",
        "5.2.12.RELEASE",
        "5.2.13.RELEASE",
        "5.2.14.RELEASE",
        "5.2.15.RELEASE",
        "5.2.16.RELEASE",
        "5.2.17.RELEASE",
        "5.2.18.RELEASE",
        "5.2.19.RELEASE",
        "5.2.2.RELEASE",
        "5.2.3.RELEASE",
        "5.2.4.RELEASE",
        "5.2.5.RELEASE",
        "5.2.6.RELEASE",
        "5.2.7.RELEASE",
        "5.2.8.RELEASE",
        "5.2.9.RELEASE"
      ],
      "database_specific": {
        "source": "https://github.com/github/advisory-database/blob/main/advisories/github-reviewed/2022/03/GHSA-36p3-wjmg-h94x/GHSA-36p3-wjmg-h94x.json"
      }
    },
    {
      "package": {
        "name": "org.springframework:spring-beans",
        "ecosystem": "Maven",
        "purl": "pkg:maven/org.springframework/spring-beans"
      },
      "ranges": [
        {
          "type": "ECOSYSTEM",
          "events": [
            {
              "introduced": "5.3.0"
            },
            {
              "fixed": "5.3.18"
            }
          ]
        }
      ],
      "versions": [
        "5.3.0",
        "5.3.1",
        "5.3.10",
        "5.3.11",
        "5.3.12",
        "5.3.13",
        "5.3.14",
        "5.3.15",
        "5.3.16",
        "5.3.17",
        "5.3.2",
        "5.3.3",
        "5.3.4",
        "5.3.5",
        "5.3.6",
        "5.3.7",
        "5.3.8",
        "5.3.9"
      ],
      "database_specific": {
        "source": "https://github.com/github/advisory-database/blob/main/advisories/github-reviewed/2022/03/GHSA-36p3-wjmg-h94x/GHSA-36p3-wjmg-h94x.json"
      }
    },
    {
      "package": {
        "name": "org.springframework:spring-webmvc",
        "ecosystem": "Maven",
        "purl": "pkg:maven/org.springframework/spring-webmvc"
      },
      "ranges": [
        {
          "type": "ECOSYSTEM",
          "events": [
            {
              "introduced": "0"
            },
            {
              "fixed": "5.2.20.RELEASE"
            }
          ]
        }
      ],
      "versions": [
        "1.0",
        "1.0-rc1",
        "1.0.1",
        "1.1",
        "1.1-rc1",
        "1.1-rc2",
        "1.1.1",
        "1.1.2",
        "1.1.3",
        "1.1.4",
        "1.1.5",
        "1.2",
        "1.2-rc1",
        "1.2-rc2",
        "1.2.1",
        "1.2.2",
        "1.2.3",
        "1.2.4",
        "1.2.5",
        "1.2.6",
        "1.2.7",
        "1.2.8",
        "1.2.9",
        "2.0",
        "2.0-m1",
        "2.0-m2",
        "2.0-m3",
        "2.0-m4",
        "2.0-m5",
        "2.0-rc1",
        "2.0-rc2",
        "2.0.1",
        "2.0.2",
        "2.0.3",
        "2.0.4",
        "2.0.5",
        "2.0.6",
        "2.0.7",
        "2.0.8",
        "2.5",
        "2.5.1",
        "2.5.2",
        "2.5.3",
        "2.5.4",
        "2.5.5",
        "2.5.6",
        "2.5.6.SEC01",
        "2.5.6.SEC02",
        "2.5.6.SEC03",
        "3.0.0.RELEASE",
        "3.0.1.RELEASE",
        "3.0.2.RELEASE",
        "3.0.3.RELEASE",
        "3.0.4.RELEASE",
        "3.0.5.RELEASE",
        "3.0.6.RELEASE",
        "3.0.7.RELEASE",
        "3.1.0.RELEASE",
        "3.1.1.RELEASE",
        "3.1.2.RELEASE",
        "3.1.3.RELEASE",
        "3.1.4.RELEASE",
        "3.2.0.RELEASE",
        "3.2.1.RELEASE",
        "3.2.10.RELEASE",
        "3.2.11.RELEASE",
        "3.2.12.RELEASE",
        "3.2.13.RELEASE",
        "3.2.14.RELEASE",
        "3.2.15.RELEASE",
        "3.2.16.RELEASE",
        "3.2.17.RELEASE",
        "3.2.18.RELEASE",
        "3.2.2.RELEASE",
        "3.2.3.RELEASE",
        "3.2.4.RELEASE",
        "3.2.5.RELEASE",
        "3.2.6.RELEASE",
        "3.2.7.RELEASE",
        "3.2.8.RELEASE",
        "3.2.9.RELEASE",
        "4.0.0.RELEASE",
        "4.0.1.RELEASE",
        "4.0.2.RELEASE",
        "4.0.3.RELEASE",
        "4.0.4.RELEASE",
        "4.0.5.RELEASE",
        "4.0.6.RELEASE",
        "4.0.7.RELEASE",
        "4.0.8.RELEASE",
        "4.0.9.RELEASE",
        "4.1.0.RELEASE",
        "4.1.1.RELEASE",
        "4.1.2.RELEASE",
        "4.1.3.RELEASE",
        "4.1.4.RELEASE",
        "4.1.5.RELEASE",
        "4.1.6.RELEASE",
        "4.1.7.RELEASE",
        "4.1.8.RELEASE",
        "4.1.9.RELEASE",
        "4.2.0.RELEASE",
        "4.2.1.RELEASE",
        "4.2.2.RELEASE",
        "4.2.3.RELEASE",
        "4.2.4.RELEASE",
        "4.2.5.RELEASE",
        "4.2.6.RELEASE",
        "4.2.7.RELEASE",
        "4.2.8.RELEASE",
        "4.2.9.RELEASE",
        "4.3.0.RELEASE",
        "4.3.1.RELEASE",
        "4.3.10.RELEASE",
        "4.3.11.RELEASE",
        "4.3.12.RELEASE",
        "4.3.13.RELEASE",
        "4.3.14.RELEASE",
        "4.3.15.RELEASE",
        "4.3.16.RELEASE",
        "4.3.17.RELEASE",
        "4.3.18.RELEASE",
        "4.3.19.RELEASE",
        "4.3.2.RELEASE",
        "4.3.20.RELEASE",
        "4.3.21.RELEASE",
        "4.3.22.RELEASE",
        "4.3.23.RELEASE",
        "4.3.24.RELEASE",
        "4.3.25.RELEASE",
        "4.3.26.RELEASE",
        "4.3.27.RELEASE",
        "4.3.28.RELEASE",
        "4.3.29.RELEASE",
        "4.3.3.RELEASE",
        "4.3.30.RELEASE",
        "4.3.4.RELEASE",
        "4.3.5.RELEASE",
        "4.3.6.RELEASE",
        "4.3.7.RELEASE",
        "4.3.8.RELEASE",
        "4.3.9.RELEASE",
        "5.0.0.RELEASE",
        "5.0.1.RELEASE",
        "5.0.10.RELEASE",
        "5.0.11.RELEASE",
        "5.0.12.RELEASE",
        "5.0.13.RELEASE",
        "5.0.14.RELEASE",
        "5.0.15.RELEASE",
        "5.0.16.RELEASE",
        "5.0.17.RELEASE",
        "5.0.18.RELEASE",
        "5.0.19.RELEASE",
        "5.0.2.RELEASE",
        "5.0.20.RELEASE",
        "5.0.3.RELEASE",
        "5.0.4.RELEASE",
        "5.0.5.RELEASE",
        "5.0.6.RELEASE",
        "5.0.7.RELEASE",
        "5.0.8.RELEASE",
        "5.0.9.RELEASE",
        "5.1.0.RELEASE",
        "5.1.1.RELEASE",
        "5.1.10.RELEASE",
        "5.1.11.RELEASE",
        "5.1.12.RELEASE",
        "5.1.13.RELEASE",
        "5.1.14.RELEASE",
        "5.1.15.RELEASE",
        "5.1.16.RELEASE",
        "5.1.17.RELEASE",
        "5.1.18.RELEASE",
        "5.1.19.RELEASE",
        "5.1.2.RELEASE",
        "5.1.20.RELEASE",
        "5.1.3.RELEASE",
        "5.1.4.RELEASE",
        "5.1.5.RELEASE",
        "5.1.6.RELEASE",
        "5.1.7.RELEASE",
        "5.1.8.RELEASE",
        "5.1.9.RELEASE",
        "5.2.0.RELEASE",
        "5.2.1.RELEASE",
        "5.2.10.RELEASE",
        "5.2.11.RELEASE",
        "5.2.12.RELEASE",
        "5.2.13.RELEASE",
        "5.2.14.RELEASE",
        "5.2.15.RELEASE",
        "5.2.16.RELEASE",
        "5.2.17.RELEASE",
        "5.2.18.RELEASE",
        "5.2.19.RELEASE",
        "5.2.2.RELEASE",
        "5.2.3.RELEASE",
        "5.2.4.RELEASE",
        "5.2.5.RELEASE",
        "5.2.6.RELEASE",
        "5.2.7.RELEASE",
        "5.2.8.RELEASE",
        "5.2.9.RELEASE"
      ],
      "database_specific": {
        "source": "https://github.com/github/advisory-database/blob/main/advisories/github-reviewed/2022/03/GHSA-36p3-wjmg-h94x/GHSA-36p3-wjmg-h94x.json"
      }
    },
    {
      "package": {
        "name": "org.springframework:spring-webmvc",
        "ecosystem": "Maven",
        "purl": "pkg:maven/org.springframework/spring-webmvc"
      },
      "ranges": [
        {
          "type": "ECOSYSTEM",
          "events": [
            {
              "introduced": "5.3.0"
            },
            {
              "fixed": "5.3.18"
            }
          ]
        }
      ],
      "versions": [
        "5.3.0",
        "5.3.1",
        "5.3.10",
        "5.3.11",
        "5.3.12",
        "5.3.13",
        "5.3.14",
        "5.3.15",
        "5.3.16",
        "5.3.17",
        "5.3.2",
        "5.3.3",
        "5.3.4",
        "5.3.5",
        "5.3.6",
        "5.3.7",
        "5.3.8",
        "5.3.9"
      ],
      "database_specific": {
        "source": "https://github.com/github/advisory-database/blob/main/advisories/github-reviewed/2022/03/GHSA-36p3-wjmg-h94x/GHSA-36p3-wjmg-h94x.json"
      }
    },
    {
      "package": {
        "name": "org.springframework.boot:spring-boot-starter-web",
        "ecosystem": "Maven",
        "purl": "pkg:maven/org.springframework.boot/spring-boot-starter-web"
      },
      "ranges": [
        {
          "type": "ECOSYSTEM",
          "events": [
            {
              "introduced": "0"
            },
            {
              "fixed": "2.5.12"
            }
          ]
        }
      ],
      "versions": [
        "1.0.0.RELEASE",
        "1.0.1.RELEASE",
        "1.0.2.RELEASE",
        "1.1.0.RELEASE",
        "1.1.1.RELEASE",
        "1.1.10.RELEASE",
        "1.1.11.RELEASE",
        "1.1.12.RELEASE",
        "1.1.2.RELEASE",
        "1.1.3.RELEASE",
        "1.1.4.RELEASE",
        "1.1.5.RELEASE",
        "1.1.6.RELEASE",
        "1.1.7.RELEASE",
        "1.1.8.RELEASE",
        "1.1.9.RELEASE",
        "1.2.0.RELEASE",
        "1.2.1.RELEASE",
        "1.2.2.RELEASE",
        "1.2.3.RELEASE",
        "1.2.4.RELEASE",
        "1.2.5.RELEASE",
        "1.2.6.RELEASE",
        "1.2.7.RELEASE",
        "1.2.8.RELEASE",
        "1.3.0.RELEASE",
        "1.3.1.RELEASE",
        "1.3.2.RELEASE",
        "1.3.3.RELEASE",
        "1.3.4.RELEASE",
        "1.3.5.RELEASE",
        "1.3.6.RELEASE",
        "1.3.7.RELEASE",
        "1.3.8.RELEASE",
        "1.4.0.RELEASE",
        "1.4.1.RELEASE",
        "1.4.2.RELEASE",
        "1.4.3.RELEASE",
        "1.4.4.RELEASE",
        "1.4.5.RELEASE",
        "1.4.6.RELEASE",
        "1.4.7.RELEASE",
        "1.5.0.RELEASE",
        "1.5.1.RELEASE",
        "1.5.10.RELEASE",
        "1.5.11.RELEASE",
        "1.5.12.RELEASE",
        "1.5.13.RELEASE",
        "1.5.14.RELEASE",
        "1.5.15.RELEASE",
        "1.5.16.RELEASE",
        "1.5.17.RELEASE",
        "1.5.18.RELEASE",
        "1.5.19.RELEASE",
        "1.5.2.RELEASE",
        "1.5.20.RELEASE",
        "1.5.21.RELEASE",
        "1.5.22.RELEASE",
        "1.5.3.RELEASE",
        "1.5.4.RELEASE",
        "1.5.5.RELEASE",
        "1.5.6.RELEASE",
        "1.5.7.RELEASE",
        "1.5.8.RELEASE",
        "1.5.9.RELEASE",
        "2.0.0.RELEASE",
        "2.0.1.RELEASE",
        "2.0.2.RELEASE",
        "2.0.3.RELEASE",
        "2.0.4.RELEASE",
        "2.0.5.RELEASE",
        "2.0.6.RELEASE",
        "2.0.7.RELEASE",
        "2.0.8.RELEASE",
        "2.0.9.RELEASE",
        "2.1.0.RELEASE",
        "2.1.1.RELEASE",
        "2.1.10.RELEASE",
        "2.1.11.RELEASE",
        "2.1.12.RELEASE",
        "2.1.13.RELEASE",
        "2.1.14.RELEASE",
        "2.1.15.RELEASE",
        "2.1.16.RELEASE",
        "2.1.17.RELEASE",
        "2.1.18.RELEASE",
        "2.1.2.RELEASE",
        "2.1.3.RELEASE",
        "2.1.4.RELEASE",
        "2.1.5.RELEASE",
        "2.1.6.RELEASE",
        "2.1.7.RELEASE",
        "2.1.8.RELEASE",
        "2.1.9.RELEASE",
        "2.2.0.RELEASE",
        "2.2.1.RELEASE",
        "2.2.10.RELEASE",
        "2.2.11.RELEASE",
        "2.2.12.RELEASE",
        "2.2.13.RELEASE",
        "2.2.2.RELEASE",
        "2.2.3.RELEASE",
        "2.2.4.RELEASE",
        "2.2.5.RELEASE",
        "2.2.6.RELEASE",
        "2.2.7.RELEASE",
        "2.2.8.RELEASE",
        "2.2.9.RELEASE",
        "2.3.0.RELEASE",
        "2.3.1.RELEASE",
        "2.3.10.RELEASE",
        "2.3.11.RELEASE",
        "2.3.12.RELEASE",
        "2.3.2.RELEASE",
        "2.3.3.RELEASE",
        "2.3.4.RELEASE",
        "2.3.5.RELEASE",
        "2.3.6.RELEASE",
        "2.3.7.RELEASE",
        "2.3.8.RELEASE",
        "2.3.9.RELEASE",
        "2.4.0",
        "2.4.1",
        "2.4.10",
        "2.4.11",
        "2.4.12",
        "2.4.13",
        "2.4.2",
        "2.4.3",
        "2.4.4",
        "2.4.5",
        "2.4.6",
        "2.4.7",
        "2.4.8",
        "2.4.9",
        "2.5.0",
        "2.5.1",
        "2.5.10",
        "2.5.11",
        "2.5.2",
        "2.5.3",
        "2.5.4",
        "2.5.5",
        "2.5.6",
        "2.5.7",
        "2.5.8",
        "2.5.9"
      ],
      "database_specific": {
        "source": "https://github.com/github/advisory-database/blob/main/advisories/github-reviewed/2022/03/GHSA-36p3-wjmg-h94x/GHSA-36p3-wjmg-h94x.json"
      }
    },
    {
      "package": {
        "name": "org.springframework.boot:spring-boot-starter-web",
        "ecosystem": "Maven",
        "purl": "pkg:maven/org.springframework.boot/spring-boot-starter-web"
      },
      "ranges": [
        {
          "type": "ECOSYSTEM",
          "events": [
            {
              "introduced": "2.6.0"
            },
            {
              "fixed": "2.6.6"
            }
          ]
        }
      ],
      "versions": [
        "2.6.0",
        "2.6.1",
        "2.6.2",
        "2.6.3",
        "2.6.4",
        "2.6.5"
      ],
      "database_specific": {
        "source": "https://github.com/github/advisory-database/blob/main/advisories/github-reviewed/2022/03/GHSA-36p3-wjmg-h94x/GHSA-36p3-wjmg-h94x.json"
      }
    },
    {
      "package": {
        "name": "org.springframework:spring-webflux",
        "ecosystem": "Maven",
        "purl": "pkg:maven/org.springframework/spring-webflux"
      },
      "ranges": [
        {
          "type": "ECOSYSTEM",
          "events": [
            {
              "introduced": "0"
            },
            {
              "fixed": "5.2.20.RELEASE"
            }
          ]
        }
      ],
      "versions": [
        "5.0.0.RELEASE",
        "5.0.1.RELEASE",
        "5.0.10.RELEASE",
        "5.0.11.RELEASE",
        "5.0.12.RELEASE",
        "5.0.13.RELEASE",
        "5.0.14.RELEASE",
        "5.0.15.RELEASE",
        "5.0.16.RELEASE",
        "5.0.17.RELEASE",
        "5.0.18.RELEASE",
        "5.0.19.RELEASE",
        "5.0.2.RELEASE",
        "5.0.20.RELEASE",
        "5.0.3.RELEASE",
        "5.0.4.RELEASE",
        "5.0.5.RELEASE",
        "5.0.6.RELEASE",
        "5.0.7.RELEASE",
        "5.0.8.RELEASE",
        "5.0.9.RELEASE",
        "5.1.0.RELEASE",
        "5.1.1.RELEASE",
        "5.1.10.RELEASE",
        "5.1.11.RELEASE",
        "5.1.12.RELEASE",
        "5.1.13.RELEASE",
        "5.1.14.RELEASE",
        "5.1.15.RELEASE",
        "5.1.16.RELEASE",
        "5.1.17.RELEASE",
        "5.1.18.RELEASE",
        "5.1.19.RELEASE",
        "5.1.2.RELEASE",
        "5.1.20.RELEASE",
        "5.1.3.RELEASE",
        "5.1.4.RELEASE",
        "5.1.5.RELEASE",
        "5.1.6.RELEASE",
        "5.1.7.RELEASE",
        "5.1.8.RELEASE",
        "5.1.9.RELEASE",
        "5.2.0.RELEASE",
        "5.2.1.RELEASE",
        "5.2.10.RELEASE",
        "5.2.11.RELEASE",
        "5.2.12.RELEASE",
        "5.2.13.RELEASE",
        "5.2.14.RELEASE",
        "5.2.15.RELEASE",
        "5.2.16.RELEASE",
        "5.2.17.RELEASE",
        "5.2.18.RELEASE",
        "5.2.19.RELEASE",
        "5.2.2.RELEASE",
        "5.2.3.RELEASE",
        "5.2.4.RELEASE",
        "5.2.5.RELEASE",
        "5.2.6.RELEASE",
        "5.2.7.RELEASE",
        "5.2.8.RELEASE",
        "5.2.9.RELEASE"
      ],
      "database_specific": {
        "source": "https://github.com/github/advisory-database/blob/main/advisories/github-reviewed/2022/03/GHSA-36p3-wjmg-h94x/GHSA-36p3-wjmg-h94x.json"
      }
    },
    {
      "package": {
        "name": "org.springframework:spring-webflux",
        "ecosystem": "Maven",
        "purl": "pkg:maven/org.springframework/spring-webflux"
      },
      "ranges": [
        {
          "type": "ECOSYSTEM",
          "events": [
            {
              "introduced": "5.3.0"
            },
            {
              "fixed": "5.3.18"
            }
          ]
        }
      ],
      "versions": [
        "5.3.0",
        "5.3.1",
        "5.3.10",
        "5.3.11",
        "5.3.12",
        "5.3.13",
        "5.3.14",
        "5.3.15",
        "5.3.16",
        "5.3.17",
        "5.3.2",
        "5.3.3",
        "5.3.4",
        "5.3.5",
        "5.3.6",
        "5.3.7",
        "5.3.8",
        "5.3.9"
      ],
      "database_specific": {
        "source": "https://github.com/github/advisory-database/blob/main/advisories/github-reviewed/2022/03/GHSA-36p3-wjmg-h94x/GHSA-36p3-wjmg-h94x.json"
      }
    },
    {
      "package": {
        "name": "org.springframework.boot:spring-boot-starter-webflux",
        "ecosystem": "Maven",
        "purl": "pkg:maven/org.springframework.boot/spring-boot-starter-webflux"
      },
      "ranges": [
        {
          "type": "ECOSYSTEM",
          "events": [
            {
              "introduced": "0"
            },
            {
              "fixed": "2.5.12"
            }
          ]
        }
      ],
      "versions": [
        "2.0.0.RELEASE",
        "2.0.1.RELEASE",
        "2.0.2.RELEASE",
        "2.0.3.RELEASE",
        "2.0.4.RELEASE",
        "2.0.5.RELEASE",
        "2.0.6.RELEASE",
        "2.0.7.RELEASE",
        "2.0.8.RELEASE",
        "2.0.9.RELEASE",
        "2.1.0.RELEASE",
        "2.1.1.RELEASE",
        "2.1.10.RELEASE",
        "2.1.11.RELEASE",
        "2.1.12.RELEASE",
        "2.1.13.RELEASE",
        "2.1.14.RELEASE",
        "2.1.15.RELEASE",
        "2.1.16.RELEASE",
        "2.1.17.RELEASE",
        "2.1.18.RELEASE",
        "2.1.2.RELEASE",
        "2.1.3.RELEASE",
        "2.1.4.RELEASE",
        "2.1.5.RELEASE",
        "2.1.6.RELEASE",
        "2.1.7.RELEASE",
        "2.1.8.RELEASE",
        "2.1.9.RELEASE",
        "2.2.0.RELEASE",
        "2.2.1.RELEASE",
        "2.2.10.RELEASE",
        "2.2.11.RELEASE",
        "2.2.12.RELEASE",
        "2.2.13.RELEASE",
        "2.2.2.RELEASE",
        "2.2.3.RELEASE",
        "2.2.4.RELEASE",
        "2.2.5.RELEASE",
        "2.2.6.RELEASE",
        "2.2.7.RELEASE",
        "2.2.8.RELEASE",
        "2.2.9.RELEASE",
        "2.3.0.RELEASE",
        "2.3.1.RELEASE",
        "2.3.10.RELEASE",
        "2.3.11.RELEASE",
        "2.3.12.RELEASE",
        "2.3.2.RELEASE",
        "2.3.3.RELEASE",
        "2.3.4.RELEASE",
        "2.3.5.RELEASE",
        "2.3.6.RELEASE",
        "2.3.7.RELEASE",
        "2.3.8.RELEASE",
        "2.3.9.RELEASE",
        "2.4.0",
        "2.4.1",
        "2.4.10",
        "2.4.11",
        "2.4.12",
        "2.4.13",
        "2.4.2",
        "2.4.3",
        "2.4.4",
        "2.4.5",
        "2.4.6",
        "2.4.7",
        "2.4.8",
        "2.4.9",
        "2.5.0",
        "2.5.1",
        "2.5.10",
        "2.5.11",
        "2.5.2",
        "2.5.3",
        "2.5.4",
        "2.5.5",
        "2.5.6",
        "2.5.7",
        "2.5.8",
        "2.5.9"
      ],
      "database_specific": {
        "source": "https://github.com/github/advisory-database/blob/main/advisories/github-reviewed/2022/03/GHSA-36p3-wjmg-h94x/GHSA-36p3-wjmg-h94x.json"
      }
    },
    {
      "package": {
        "name": "org.springframework.boot:spring-boot-starter-webflux",
        "ecosystem": "Maven",
        "purl": "pkg:maven/org.springframework.boot/spring-boot-starter-webflux"
      },
      "ranges": [
        {
          "type": "ECOSYSTEM",
          "events": [
            {
              "introduced": "2.6.0"
            },
            {
              "fixed": "2.6.6"
            }
          ]
        }
      ],
      "versions": [
        "2.6.0",
        "2.6.1",
        "2.6.2",
        "2.6.3",
        "2.6.4",
        "2.6.5"
      ],
      "database_specific": {
        "source": "https://github.com/github/advisory-database/blob/main/advisories/github-reviewed/2022/03/GHSA-36p3-wjmg-h94x/GHSA-36p3-wjmg-h94x.json"
      }
    }
  ],
  "schema_version": "1.4.0",
  "severity": [
    {
      "type": "CVSS_V3",
      "score": "CVSS:3.1/AV:N/AC:L/PR:N/UI:N/S:U/C:H/I:H/A:H"
    }
  ]
}