{
  "id": "GHSA-43q7-q5vp-3g68",
  "summary": "Path Traversal in Eclipse Mojarra",
  "details": "The getLocalePrefix function in ResourceManager.java in Eclipse Mojarra before 2.3.7 is affected by Directory Traversal via the loc parameter. A remote attacker can download configuration files or Java bytecodes from applications.",
  "aliases": [
    "CVE-2018-14371"
  ],
  "modified": "2023-11-08T03:59:55.036191Z",
  "published": "2022-05-14T02:59:22Z",
  "database_specific": {
    "nvd_published_at": "2018-07-18T12:29:00Z",
    "cwe_ids": [
      "CWE-22"
    ],
    "severity": "HIGH",
    "github_reviewed": true,
    "github_reviewed_at": "2022-11-03T23:45:57Z"
  },
  "references": [
    {
      "type": "ADVISORY",
      "url": "https://nvd.nist.gov/vuln/detail/CVE-2018-14371"
    },
    {
      "type": "WEB",
      "url": "https://github.com/eclipse-ee4j/mojarra/pull/4384"
    },
    {
      "type": "WEB",
      "url": "https://github.com/eclipse-ee4j/mojarra/commit/1b434748d9239f42eae8aa7d37d7a0930c061e24"
    }
  ],
  "affected": [
    {
      "package": {
        "name": "org.glassfish:mojarra-parent",
        "ecosystem": "Maven",
        "purl": "pkg:maven/org.glassfish/mojarra-parent"
      },
      "ranges": [
        {
          "type": "ECOSYSTEM",
          "events": [
            {
              "introduced": "0"
            },
            {
              "fixed": "2.3.7"
            }
          ]
        }
      ],
      "database_specific": {
        "source": "https://github.com/github/advisory-database/blob/main/advisories/github-reviewed/2022/05/GHSA-43q7-q5vp-3g68/GHSA-43q7-q5vp-3g68.json"
      },
      "versions": []
    }
  ],
  "schema_version": "1.6.0",
  "severity": [
    {
      "type": "CVSS_V3",
      "score": "CVSS:3.0/AV:N/AC:L/PR:N/UI:N/S:U/C:H/I:N/A:N"
    }
  ]
}