{
  "id": "GHSA-3xh5-8hvq-rc8x",
  "summary": "Apache DolphinScheduler vulnerable to Improper Input Validation",
  "details": "Apache DolphinScheduler improperly validates script alert plugin parameters and is vulnerable to remote command execution. This issue affects Apache DolphinScheduler version 3.0.1 and prior versions; version 3.1.0 and prior versions. Users should upgrade to version 3.0.2 or 3.1.1.",
  "aliases": [
    "CVE-2022-45875"
  ],
  "modified": "2023-04-11T01:40:40.107720Z",
  "published": "2023-01-04T15:30:19Z",
  "database_specific": {
    "nvd_published_at": "2023-01-04T15:15:00Z",
    "github_reviewed_at": "2023-01-06T21:35:26Z",
    "severity": "CRITICAL",
    "github_reviewed": true,
    "cwe_ids": [
      "CWE-20"
    ]
  },
  "references": [
    {
      "type": "ADVISORY",
      "url": "https://nvd.nist.gov/vuln/detail/CVE-2022-45875"
    },
    {
      "type": "PACKAGE",
      "url": "https://github.com/apache/dolphinscheduler"
    },
    {
      "type": "WEB",
      "url": "https://lists.apache.org/thread/r0wqzkjsoq17j6ww381kmpx3jjp9hb6r"
    }
  ],
  "affected": [
    {
      "package": {
        "name": "org.apache.dolphinscheduler:dolphinscheduler",
        "ecosystem": "Maven",
        "purl": "pkg:maven/org.apache.dolphinscheduler/dolphinscheduler"
      },
      "ranges": [
        {
          "type": "ECOSYSTEM",
          "events": [
            {
              "introduced": "0"
            },
            {
              "fixed": "3.0.2"
            }
          ]
        }
      ],
      "versions": [
        "1.2.0",
        "1.2.1",
        "1.3.0",
        "1.3.1",
        "1.3.2",
        "1.3.3",
        "1.3.4",
        "1.3.5",
        "1.3.6",
        "1.3.7",
        "1.3.8",
        "1.3.9",
        "2.0.0",
        "2.0.0-alpha",
        "2.0.1",
        "2.0.2",
        "2.0.3",
        "2.0.4",
        "2.0.5",
        "2.0.6",
        "2.0.7",
        "2.0.8",
        "3.0.0",
        "3.0.0-alpha",
        "3.0.0-beta-1",
        "3.0.0-beta-2",
        "3.0.1"
      ],
      "database_specific": {
        "source": "https://github.com/github/advisory-database/blob/main/advisories/github-reviewed/2023/01/GHSA-3xh5-8hvq-rc8x/GHSA-3xh5-8hvq-rc8x.json"
      }
    },
    {
      "package": {
        "name": "org.apache.dolphinscheduler:dolphinscheduler",
        "ecosystem": "Maven",
        "purl": "pkg:maven/org.apache.dolphinscheduler/dolphinscheduler"
      },
      "ranges": [
        {
          "type": "ECOSYSTEM",
          "events": [
            {
              "introduced": "3.1.0"
            },
            {
              "fixed": "3.1.1"
            }
          ]
        }
      ],
      "versions": [
        "3.1.0"
      ],
      "database_specific": {
        "source": "https://github.com/github/advisory-database/blob/main/advisories/github-reviewed/2023/01/GHSA-3xh5-8hvq-rc8x/GHSA-3xh5-8hvq-rc8x.json"
      }
    }
  ],
  "schema_version": "1.4.0",
  "severity": [
    {
      "type": "CVSS_V3",
      "score": "CVSS:3.1/AV:N/AC:L/PR:N/UI:N/S:U/C:H/I:H/A:H"
    }
  ]
}