{
  "id": "GHSA-34m5-796p-mjcp",
  "summary": "Apache UIMA DUCC allows remote code execution ",
  "details": "** UNSUPPORTED WHEN ASSIGNED ** Improper Neutralization of Special Elements used in a Command ('Command Injection') vulnerability in Apache Software Foundation Apache UIMA DUCC. When using the \"Distributed UIMA Cluster Computing\" (DUCC) module of Apache UIMA, an authenticated user that has the permissions to modify core entities can cause command execution as the system user that runs the web process. As the \"Distributed UIMA Cluster Computing\" module for UIMA is retired, we do not plan to release a fix for this issue. NOTE: This vulnerability only affects products that are no longer supported by the maintainer.",
  "aliases": [
    "CVE-2023-28935"
  ],
  "modified": "2023-04-11T01:50:24.040187Z",
  "published": "2023-03-30T12:30:15Z",
  "database_specific": {
    "nvd_published_at": "2023-03-30T10:15:00Z",
    "github_reviewed_at": "2023-03-30T21:44:38Z",
    "severity": "HIGH",
    "github_reviewed": true,
    "cwe_ids": [
      "CWE-77"
    ]
  },
  "references": [
    {
      "type": "ADVISORY",
      "url": "https://nvd.nist.gov/vuln/detail/CVE-2023-28935"
    },
    {
      "type": "PACKAGE",
      "url": "https://github.com/apache/uima-ducc"
    },
    {
      "type": "WEB",
      "url": "https://lists.apache.org/thread/r19z14b9rrfxv72r93q5trq5tyffo75g"
    }
  ],
  "affected": [
    {
      "package": {
        "name": "org.apache.uima:uima-ducc-parent",
        "ecosystem": "Maven",
        "purl": "pkg:maven/org.apache.uima/uima-ducc-parent"
      },
      "ranges": [
        {
          "type": "ECOSYSTEM",
          "events": [
            {
              "introduced": "0"
            },
            {
              "last_affected": "3.0.0"
            }
          ]
        }
      ],
      "versions": [
        "1.0.0",
        "1.1.0",
        "2.0.0",
        "2.0.1",
        "2.1.0",
        "2.2.0",
        "2.2.1",
        "2.2.2",
        "3.0.0"
      ],
      "database_specific": {
        "source": "https://github.com/github/advisory-database/blob/main/advisories/github-reviewed/2023/03/GHSA-34m5-796p-mjcp/GHSA-34m5-796p-mjcp.json"
      }
    }
  ],
  "schema_version": "1.4.0",
  "severity": [
    {
      "type": "CVSS_V3",
      "score": "CVSS:3.1/AV:N/AC:L/PR:L/UI:N/S:U/C:H/I:H/A:H"
    }
  ]
}