{
  "id": "GHSA-25gv-mvm7-5h3h",
  "summary": "Jeecg-boot vulnerable to SQL injection via /sys/user/putRecycleBin",
  "details": "Jeecg-boot v3.4.3 was discovered to contain a SQL injection vulnerability via the component /sys/user/putRecycleBin.",
  "aliases": [
    "CVE-2022-45208"
  ],
  "modified": "2023-04-11T01:45:42.074828Z",
  "published": "2022-11-25T18:30:25Z",
  "database_specific": {
    "nvd_published_at": "2022-11-25T17:15:00Z",
    "github_reviewed_at": "2022-11-30T21:21:08Z",
    "severity": "MODERATE",
    "github_reviewed": true,
    "cwe_ids": [
      "CWE-89"
    ]
  },
  "references": [
    {
      "type": "ADVISORY",
      "url": "https://nvd.nist.gov/vuln/detail/CVE-2022-45208"
    },
    {
      "type": "WEB",
      "url": "https://github.com/jeecgboot/jeecg-boot/issues/4126"
    },
    {
      "type": "WEB",
      "url": "https://github.com/jeecgboot/jeecg-boot/commit/51e2227bfe54f5d67b09411ee9a336750164e73d"
    },
    {
      "type": "PACKAGE",
      "url": "https://github.com/jeecgboot/jeecg-boot"
    }
  ],
  "affected": [
    {
      "package": {
        "name": "org.jeecgframework.boot:jeecg-boot-common",
        "ecosystem": "Maven",
        "purl": "pkg:maven/org.jeecgframework.boot/jeecg-boot-common"
      },
      "ranges": [
        {
          "type": "ECOSYSTEM",
          "events": [
            {
              "introduced": "0"
            },
            {
              "fixed": "3.4.4"
            }
          ]
        }
      ],
      "versions": [
        "3.4.0",
        "3.4.2",
        "3.4.3"
      ],
      "database_specific": {
        "source": "https://github.com/github/advisory-database/blob/main/advisories/github-reviewed/2022/11/GHSA-25gv-mvm7-5h3h/GHSA-25gv-mvm7-5h3h.json"
      }
    }
  ],
  "schema_version": "1.4.0",
  "severity": [
    {
      "type": "CVSS_V3",
      "score": "CVSS:3.1/AV:N/AC:L/PR:L/UI:N/S:U/C:L/I:N/A:N"
    }
  ]
}