{
  "id": "GHSA-4793-8wwh-jxxr",
  "summary": "Business Logic Errors in Para",
  "details": "Paraara prior to version 1.46.0 is vulnerable to business logic errors. A user can create more than one app, even after they reach the app limit.",
  "aliases": [
    "CVE-2022-1848"
  ],
  "modified": "2023-04-11T01:39:08.886280Z",
  "published": "2022-05-25T00:00:37Z",
  "database_specific": {
    "nvd_published_at": "2022-05-24T13:15:00Z",
    "github_reviewed_at": "2022-06-06T21:19:22Z",
    "severity": "MODERATE",
    "github_reviewed": true,
    "cwe_ids": []
  },
  "references": [
    {
      "type": "ADVISORY",
      "url": "https://nvd.nist.gov/vuln/detail/CVE-2022-1848"
    },
    {
      "type": "WEB",
      "url": "https://github.com/erudika/para/commit/fa677c629842df60099daa9c23bd802bc41b48d1"
    },
    {
      "type": "PACKAGE",
      "url": "https://github.com/erudika/para"
    },
    {
      "type": "WEB",
      "url": "https://huntr.dev/bounties/8dfe0877-e44b-4a1a-8eee-5c03c93ae90a"
    }
  ],
  "affected": [
    {
      "package": {
        "name": "com.erudika:para-core",
        "ecosystem": "Maven",
        "purl": "pkg:maven/com.erudika/para-core"
      },
      "ranges": [
        {
          "type": "ECOSYSTEM",
          "events": [
            {
              "introduced": "0"
            },
            {
              "fixed": "1.46.0"
            }
          ]
        }
      ],
      "versions": [
        "1.13",
        "1.14",
        "1.14.1",
        "1.15",
        "1.16",
        "1.16.1",
        "1.16.2",
        "1.17",
        "1.17.1",
        "1.18.0",
        "1.18.1",
        "1.18.2",
        "1.18.3",
        "1.18.4",
        "1.18.5",
        "1.18.6",
        "1.18.7",
        "1.18.8",
        "1.18.9",
        "1.19.0",
        "1.20.0",
        "1.21.0",
        "1.21.1",
        "1.22.0",
        "1.23.0",
        "1.23.1",
        "1.24.0",
        "1.24.1",
        "1.24.2",
        "1.24.3",
        "1.24.4",
        "1.24.5",
        "1.25.0",
        "1.25.1",
        "1.25.2",
        "1.25.3",
        "1.25.4",
        "1.25.5",
        "1.26.0",
        "1.26.1",
        "1.26.2",
        "1.27.0",
        "1.28.0",
        "1.28.1",
        "1.28.2",
        "1.28.3",
        "1.28.4",
        "1.28.5",
        "1.29.0",
        "1.29.1",
        "1.29.2",
        "1.30.0",
        "1.30.1",
        "1.30.2",
        "1.31.0",
        "1.31.1",
        "1.31.2",
        "1.31.3",
        "1.32.0",
        "1.33.0",
        "1.33.1",
        "1.34.0",
        "1.34.1",
        "1.34.2",
        "1.34.3",
        "1.35.0",
        "1.36.0",
        "1.36.1",
        "1.37.0",
        "1.37.1",
        "1.38.0",
        "1.38.1",
        "1.38.2",
        "1.38.3",
        "1.38.4",
        "1.39.0",
        "1.39.1",
        "1.40.0",
        "1.41.0",
        "1.41.1",
        "1.41.2",
        "1.41.3",
        "1.42.0",
        "1.42.1",
        "1.42.2",
        "1.43.0",
        "1.43.1",
        "1.43.2",
        "1.43.3",
        "1.43.4",
        "1.44.0",
        "1.45.0",
        "1.45.1",
        "1.45.10",
        "1.45.2",
        "1.45.3",
        "1.45.4",
        "1.45.5",
        "1.45.6",
        "1.45.7",
        "1.45.8",
        "1.45.9"
      ],
      "database_specific": {
        "source": "https://github.com/github/advisory-database/blob/main/advisories/github-reviewed/2022/05/GHSA-4793-8wwh-jxxr/GHSA-4793-8wwh-jxxr.json"
      }
    }
  ],
  "schema_version": "1.4.0",
  "severity": [
    {
      "type": "CVSS_V3",
      "score": "CVSS:3.1/AV:N/AC:H/PR:L/UI:N/S:U/C:N/I:H/A:N"
    }
  ]
}