{
  "id": "GHSA-3fhx-3vvg-2j84",
  "summary": "quarkus-core vulnerable to client driven TLS cipher downgrading",
  "details": "A vulnerability was found in quarkus-core. This vulnerability occurs because the TLS protocol configured with quarkus.http.ssl.protocols is not enforced, and the client can force the selection of the weaker supported TLS protocol.",
  "aliases": [
    "CVE-2023-2974"
  ],
  "modified": "2023-07-06T15:45:58.511480Z",
  "published": "2023-07-04T15:30:18Z",
  "database_specific": {
    "nvd_published_at": null,
    "cwe_ids": [],
    "severity": "MODERATE",
    "github_reviewed": true,
    "github_reviewed_at": "2023-07-06T15:32:02Z"
  },
  "references": [
    {
      "type": "ADVISORY",
      "url": "https://nvd.nist.gov/vuln/detail/CVE-2023-2974"
    },
    {
      "type": "WEB",
      "url": "https://github.com/quarkusio/quarkus/pull/34469"
    },
    {
      "type": "WEB",
      "url": "https://github.com/quarkusio/quarkus/commit/468397ae53a8d6aae933d0d406f94965e97d1935"
    },
    {
      "type": "WEB",
      "url": "https://access.redhat.com/errata/RHSA-2023:3809"
    },
    {
      "type": "WEB",
      "url": "https://access.redhat.com/security/cve/CVE-2023-2974"
    },
    {
      "type": "WEB",
      "url": "https://bugzilla.redhat.com/show_bug.cgi?id=2211026"
    },
    {
      "type": "PACKAGE",
      "url": "https://github.com/quarkusio/quarkus"
    }
  ],
  "affected": [
    {
      "package": {
        "name": "io.quarkus:quarkus-core",
        "ecosystem": "Maven",
        "purl": "pkg:maven/io.quarkus/quarkus-core"
      },
      "ranges": [
        {
          "type": "ECOSYSTEM",
          "events": [
            {
              "introduced": "0"
            },
            {
              "fixed": "2.16.8.Final"
            }
          ]
        }
      ],
      "versions": [
        "0.11.0",
        "0.12.0",
        "0.13.0",
        "0.13.1",
        "0.13.2",
        "0.13.3",
        "0.14.0",
        "0.15.0",
        "0.16.0",
        "0.16.1",
        "0.17.0",
        "0.18.0",
        "0.19.0",
        "0.19.1",
        "0.20.0",
        "0.21.0",
        "0.21.1",
        "0.21.2",
        "0.22.0",
        "0.23.0",
        "0.23.1",
        "0.23.2",
        "0.24.0",
        "0.25.0",
        "0.26.0",
        "0.26.1",
        "0.27.0",
        "0.28.0",
        "0.28.1",
        "1.0.0.CR1",
        "1.0.0.CR2",
        "1.0.0.Final",
        "1.0.1.Final",
        "1.1.0.CR1",
        "1.1.0.Final",
        "1.1.1.Final",
        "1.10.0.CR1",
        "1.10.0.Final",
        "1.10.1.Final",
        "1.10.2.Final",
        "1.10.3.Final",
        "1.10.4.Final",
        "1.10.5.Final",
        "1.11.0.Beta1",
        "1.11.0.Beta2",
        "1.11.0.CR1",
        "1.11.0.Final",
        "1.11.1.Final",
        "1.11.2.Final",
        "1.11.3.Final",
        "1.11.4.Final",
        "1.11.5.Final",
        "1.11.6.Final",
        "1.11.7.Final",
        "1.12.0.CR1",
        "1.12.0.Final",
        "1.12.1.Final",
        "1.12.2.Final",
        "1.13.0.CR1",
        "1.13.0.Final",
        "1.13.1.Final",
        "1.13.2.Final",
        "1.13.3.Final",
        "1.13.4.Final",
        "1.13.5.Final",
        "1.13.6.Final",
        "1.13.7.Final",
        "1.2.0.CR1",
        "1.2.0.Final",
        "1.2.1.Final",
        "1.3.0.Alpha1",
        "1.3.0.Alpha2",
        "1.3.0.CR1",
        "1.3.0.CR2",
        "1.3.0.Final",
        "1.3.1.Final",
        "1.3.2.Final",
        "1.3.3.Final",
        "1.3.4.Final",
        "1.4.0.CR1",
        "1.4.0.Final",
        "1.4.1.Final",
        "1.4.2.Final",
        "1.5.0.CR1",
        "1.5.0.Final",
        "1.5.1.Final",
        "1.5.2.Final",
        "1.6.0.CR1",
        "1.6.0.Final",
        "1.6.1.Final",
        "1.7.0.CR1",
        "1.7.0.CR2",
        "1.7.0.Final",
        "1.7.1.Final",
        "1.7.2.Final",
        "1.7.3.Final",
        "1.7.4.Final",
        "1.7.5.Final",
        "1.7.6.Final",
        "1.8.0.CR1",
        "1.8.0.Final",
        "1.8.1.Final",
        "1.8.2.Final",
        "1.8.3.Final",
        "1.9.0.CR1",
        "1.9.0.Final",
        "1.9.1.Final",
        "1.9.2.Final",
        "2.0.0.Alpha1",
        "2.0.0.Alpha2",
        "2.0.0.Alpha3",
        "2.0.0.CR1",
        "2.0.0.CR2",
        "2.0.0.CR3",
        "2.0.0.Final",
        "2.0.1.Final",
        "2.0.2.Final",
        "2.0.3.Final",
        "2.1.0.CR1",
        "2.1.0.Final",
        "2.1.1.Final",
        "2.1.2.Final",
        "2.1.3.Final",
        "2.1.4.Final",
        "2.10.0.CR1",
        "2.10.0.Final",
        "2.10.1.Final",
        "2.10.2.Final",
        "2.10.3.Final",
        "2.10.4.Final",
        "2.11.0.CR1",
        "2.11.0.Final",
        "2.11.1.Final",
        "2.11.2.Final",
        "2.11.3.Final",
        "2.12.0.CR1",
        "2.12.0.Final",
        "2.12.1.Final",
        "2.12.2.Final",
        "2.12.3.Final",
        "2.13.0.CR1",
        "2.13.0.Final",
        "2.13.1.Final",
        "2.13.2.Final",
        "2.13.3.Final",
        "2.13.4.Final",
        "2.13.5.Final",
        "2.13.6.Final",
        "2.13.7.Final",
        "2.13.8.Final",
        "2.14.0.CR1",
        "2.14.0.Final",
        "2.14.1.Final",
        "2.14.2.Final",
        "2.14.3.Final",
        "2.15.0.CR1",
        "2.15.0.Final",
        "2.15.1.Final",
        "2.15.2.Final",
        "2.15.3.Final",
        "2.16.0.CR1",
        "2.16.0.Final",
        "2.16.1.Final",
        "2.16.2.Final",
        "2.16.3.Final",
        "2.16.4.Final",
        "2.16.5.Final",
        "2.16.6.Final",
        "2.16.7.Final",
        "2.2.0.CR1",
        "2.2.0.Final",
        "2.2.1.Final",
        "2.2.2.Final",
        "2.2.3.Final",
        "2.2.4.Final",
        "2.2.5.Final",
        "2.3.0.CR1",
        "2.3.0.Final",
        "2.3.1.Final",
        "2.4.0.CR1",
        "2.4.0.Final",
        "2.4.1.Final",
        "2.4.2.Final",
        "2.5.0.CR1",
        "2.5.0.Final",
        "2.5.1.Final",
        "2.5.2.Final",
        "2.5.3.Final",
        "2.5.4.Final",
        "2.6.0.CR1",
        "2.6.0.Final",
        "2.6.1.Final",
        "2.6.2.Final",
        "2.6.3.Final",
        "2.7.0.CR1",
        "2.7.0.Final",
        "2.7.1.Final",
        "2.7.2.Final",
        "2.7.3.Final",
        "2.7.4.Final",
        "2.7.5.Final",
        "2.7.6.Final",
        "2.7.7.Final",
        "2.8.0.CR1",
        "2.8.0.Final",
        "2.8.1.Final",
        "2.8.2.Final",
        "2.8.3.Final",
        "2.9.0.CR1",
        "2.9.0.Final",
        "2.9.1.Final",
        "2.9.2.Final"
      ],
      "database_specific": {
        "source": "https://github.com/github/advisory-database/blob/main/advisories/github-reviewed/2023/07/GHSA-3fhx-3vvg-2j84/GHSA-3fhx-3vvg-2j84.json"
      }
    }
  ],
  "schema_version": "1.4.0",
  "severity": [
    {
      "type": "CVSS_V3",
      "score": "CVSS:3.1/AV:N/AC:L/PR:H/UI:N/S:U/C:H/I:H/A:N"
    }
  ]
}