{
  "id": "GHSA-2jxx-2x93-2q2f",
  "summary": "Non-constant time webhook token comparison in Jenkins Generic Webhook Trigger Plugin",
  "details": "Generic Webhook Trigger Plugin 1.84.1 and earlier does not use a constant-time comparison when checking whether the provided and expected webhook token are equal.\n\nThis could potentially allow attackers to use statistical methods to obtain a valid webhook token.\n\nGeneric Webhook Trigger Plugin 1.84.2 uses a constant-time comparison when validating the webhook token.",
  "aliases": [
    "CVE-2022-43412"
  ],
  "modified": "2023-04-11T01:38:53.170700Z",
  "published": "2022-10-19T19:00:22Z",
  "database_specific": {
    "nvd_published_at": "2022-10-19T16:15:00Z",
    "github_reviewed_at": "2022-10-19T22:23:54Z",
    "severity": "LOW",
    "github_reviewed": true,
    "cwe_ids": [
      "CWE-203",
      "CWE-208"
    ]
  },
  "references": [
    {
      "type": "ADVISORY",
      "url": "https://nvd.nist.gov/vuln/detail/CVE-2022-43412"
    },
    {
      "type": "PACKAGE",
      "url": "https://github.com/jenkinsci/generic-webhook-trigger-plugin"
    },
    {
      "type": "WEB",
      "url": "https://www.jenkins.io/security/advisory/2022-10-19/#SECURITY-2874"
    },
    {
      "type": "WEB",
      "url": "http://www.openwall.com/lists/oss-security/2022/10/19/3"
    }
  ],
  "affected": [
    {
      "package": {
        "name": "org.jenkins-ci.plugins:generic-webhook-trigger",
        "ecosystem": "Maven",
        "purl": "pkg:maven/org.jenkins-ci.plugins/generic-webhook-trigger"
      },
      "ranges": [
        {
          "type": "ECOSYSTEM",
          "events": [
            {
              "introduced": "0"
            },
            {
              "fixed": "1.84.2"
            }
          ]
        }
      ],
      "versions": [
        "0.1.0",
        "1.0",
        "1.1",
        "1.10",
        "1.11",
        "1.12",
        "1.13",
        "1.14",
        "1.15",
        "1.16",
        "1.17",
        "1.18",
        "1.19",
        "1.2",
        "1.20",
        "1.21",
        "1.22",
        "1.23",
        "1.24",
        "1.25",
        "1.26",
        "1.27",
        "1.28",
        "1.29",
        "1.3",
        "1.30",
        "1.31",
        "1.32",
        "1.33",
        "1.34",
        "1.35",
        "1.36",
        "1.37",
        "1.38",
        "1.39",
        "1.4",
        "1.40",
        "1.41",
        "1.42",
        "1.43",
        "1.44",
        "1.45",
        "1.46",
        "1.47",
        "1.48",
        "1.49",
        "1.5",
        "1.50",
        "1.51",
        "1.52",
        "1.53",
        "1.54",
        "1.55",
        "1.56",
        "1.57",
        "1.58",
        "1.59",
        "1.6",
        "1.60",
        "1.61",
        "1.62",
        "1.63",
        "1.64",
        "1.65",
        "1.66",
        "1.67",
        "1.68",
        "1.69",
        "1.7",
        "1.71",
        "1.72",
        "1.74",
        "1.75",
        "1.76",
        "1.77",
        "1.78",
        "1.79",
        "1.8",
        "1.80",
        "1.81",
        "1.82",
        "1.83",
        "1.84",
        "1.84.1",
        "1.9"
      ],
      "database_specific": {
        "source": "https://github.com/github/advisory-database/blob/main/advisories/github-reviewed/2022/10/GHSA-2jxx-2x93-2q2f/GHSA-2jxx-2x93-2q2f.json"
      }
    }
  ],
  "schema_version": "1.4.0",
  "severity": [
    {
      "type": "CVSS_V3",
      "score": "CVSS:3.1/AV:N/AC:H/PR:N/UI:N/S:U/C:L/I:N/A:N"
    }
  ]
}