{
  "id": "GHSA-44h9-xxvx-pg6x",
  "summary": "XWiki App Within Minutes app grants space admin rights that allows cross-site scripting",
  "details": "### Impact\nAny user who can create a space can become admin of that space through App Within Minutes. The admin right implies the script right and thus allows JavaScript injection. The vulnerability can be exploited by creating an app in App Within Minutes. If the button should be disabled because the user doesn't have global edit right, the app can also be created by directly opening `/xwiki/bin/view/AppWithinMinutes/CreateApplication?wizard=true` on the XWiki installation.\n\n### Patches\nThis has been patched in XWiki 13.10.11, 14.4.8, 14.10.1 and 15.0 RC1 by not granting the space admin right if the user doesn't have script right on the space where the app is created. Error message are displayed to warn the user that the app will be broken in this case. Users who became space admin through this vulnerability won't loose the space admin right due to the fix, so it is advised to check if all users who created AWM apps should keep their space admin rights.\n\n### Workarounds\nThe patch can be applied by patching the affected wiki documents, the most important one being `AppWithinMinutes.LiveTableEditSheet`. Further, the attack can be prevented by denying view access to `AppWithinMinutes.LiveTableEditSheet`. This only impacts creation and editing of App Within Minutes apps.\n\n### References\n\n* https://jira.xwiki.org/browse/XWIKI-20190\n* https://github.com/xwiki/xwiki-platform/commit/e73b890623efa604adc484ad82f37e31596fe1a6\n\n### For more information\n\nIf you have any questions or comments about this advisory:\n* Open an issue in [Jira XWiki.org](https://jira.xwiki.org/)\n* Email us at [Security Mailing List](mailto:security@xwiki.org)",
  "aliases": [
    "CVE-2023-29515"
  ],
  "modified": "2023-04-28T20:05:14Z",
  "published": "2023-04-20T21:58:10Z",
  "database_specific": {
    "nvd_published_at": null,
    "github_reviewed_at": "2023-04-20T21:58:10Z",
    "severity": "MODERATE",
    "github_reviewed": true,
    "cwe_ids": [
      "CWE-79"
    ]
  },
  "references": [
    {
      "type": "WEB",
      "url": "https://github.com/xwiki/xwiki-platform/security/advisories/GHSA-44h9-xxvx-pg6x"
    },
    {
      "type": "ADVISORY",
      "url": "https://nvd.nist.gov/vuln/detail/CVE-2023-29515"
    },
    {
      "type": "WEB",
      "url": "https://github.com/xwiki/xwiki-platform/commit/e73b890623efa604adc484ad82f37e31596fe1a6"
    },
    {
      "type": "PACKAGE",
      "url": "https://github.com/xwiki/xwiki-platform"
    },
    {
      "type": "WEB",
      "url": "https://jira.xwiki.org/browse/XWIKI-20190"
    }
  ],
  "affected": [
    {
      "package": {
        "name": "org.xwiki.platform:xwiki-platform-appwithinminutes",
        "ecosystem": "Maven",
        "purl": "pkg:maven/org.xwiki.platform/xwiki-platform-appwithinminutes"
      },
      "ranges": [
        {
          "type": "ECOSYSTEM",
          "events": [
            {
              "introduced": "4.0-milestone-2"
            },
            {
              "fixed": "4.2-milestone-1"
            }
          ]
        }
      ],
      "database_specific": {
        "source": "https://github.com/github/advisory-database/blob/main/advisories/github-reviewed/2023/04/GHSA-44h9-xxvx-pg6x/GHSA-44h9-xxvx-pg6x.json"
      },
      "versions": []
    },
    {
      "package": {
        "name": "org.xwiki.platform:xwiki-platform-appwithinminutes-ui",
        "ecosystem": "Maven",
        "purl": "pkg:maven/org.xwiki.platform/xwiki-platform-appwithinminutes-ui"
      },
      "ranges": [
        {
          "type": "ECOSYSTEM",
          "events": [
            {
              "introduced": "4.2-milestone-1"
            },
            {
              "fixed": "13.10.11"
            }
          ]
        }
      ],
      "database_specific": {
        "source": "https://github.com/github/advisory-database/blob/main/advisories/github-reviewed/2023/04/GHSA-44h9-xxvx-pg6x/GHSA-44h9-xxvx-pg6x.json"
      },
      "versions": []
    },
    {
      "package": {
        "name": "org.xwiki.platform:xwiki-platform-appwithinminutes-ui",
        "ecosystem": "Maven",
        "purl": "pkg:maven/org.xwiki.platform/xwiki-platform-appwithinminutes-ui"
      },
      "ranges": [
        {
          "type": "ECOSYSTEM",
          "events": [
            {
              "introduced": "14.0-rc-1"
            },
            {
              "fixed": "14.4.8"
            }
          ]
        }
      ],
      "database_specific": {
        "source": "https://github.com/github/advisory-database/blob/main/advisories/github-reviewed/2023/04/GHSA-44h9-xxvx-pg6x/GHSA-44h9-xxvx-pg6x.json"
      },
      "versions": []
    },
    {
      "package": {
        "name": "org.xwiki.platform:xwiki-platform-appwithinminutes-ui",
        "ecosystem": "Maven",
        "purl": "pkg:maven/org.xwiki.platform/xwiki-platform-appwithinminutes-ui"
      },
      "ranges": [
        {
          "type": "ECOSYSTEM",
          "events": [
            {
              "introduced": "14.5"
            },
            {
              "fixed": "14.10.1"
            }
          ]
        }
      ],
      "database_specific": {
        "source": "https://github.com/github/advisory-database/blob/main/advisories/github-reviewed/2023/04/GHSA-44h9-xxvx-pg6x/GHSA-44h9-xxvx-pg6x.json"
      },
      "versions": []
    }
  ],
  "schema_version": "1.4.0",
  "severity": [
    {
      "type": "CVSS_V3",
      "score": "CVSS:3.1/AV:N/AC:L/PR:L/UI:R/S:C/C:L/I:L/A:N"
    }
  ]
}