{
  "id": "GHSA-4fv4-cq5v-x45m",
  "summary": "Improper Authentication in Apache MyFaces",
  "details": "shared/util/StateUtils.java in Apache MyFaces 1.1.x before 1.1.8, 1.2.x before 1.2.9, and 2.0.x before 2.0.1 uses an encrypted View State without a Message Authentication Code (MAC), which makes it easier for remote attackers to perform successful modifications of the View State via a padding oracle attack.",
  "aliases": [
    "CVE-2010-2057"
  ],
  "modified": "2023-04-11T01:40:44.126161Z",
  "published": "2022-05-17T05:45:54Z",
  "database_specific": {
    "nvd_published_at": "2010-10-20T18:00:00Z",
    "github_reviewed_at": "2022-07-08T18:54:49Z",
    "severity": "MODERATE",
    "github_reviewed": true,
    "cwe_ids": [
      "CWE-287"
    ]
  },
  "references": [
    {
      "type": "ADVISORY",
      "url": "https://nvd.nist.gov/vuln/detail/CVE-2010-2057"
    },
    {
      "type": "WEB",
      "url": "https://bugzilla.redhat.com/show_bug.cgi?id=623799"
    },
    {
      "type": "WEB",
      "url": "https://issues.apache.org/jira/browse/MYFACES-2749"
    },
    {
      "type": "WEB",
      "url": "http://svn.apache.org/viewvc/myfaces/shared/trunk/core/src/main/java/org/apache/myfaces/shared/util/StateUtils.java?r1=943327&r2=951801"
    }
  ],
  "affected": [
    {
      "package": {
        "name": "org.apache.myfaces.core:myfaces-api",
        "ecosystem": "Maven",
        "purl": "pkg:maven/org.apache.myfaces.core/myfaces-api"
      },
      "ranges": [
        {
          "type": "ECOSYSTEM",
          "events": [
            {
              "introduced": "1.1.0"
            },
            {
              "fixed": "1.1.8"
            }
          ]
        }
      ],
      "versions": [
        "1.1.2",
        "1.1.4",
        "1.1.5",
        "1.1.6",
        "1.1.7"
      ],
      "database_specific": {
        "source": "https://github.com/github/advisory-database/blob/main/advisories/github-reviewed/2022/05/GHSA-4fv4-cq5v-x45m/GHSA-4fv4-cq5v-x45m.json"
      }
    },
    {
      "package": {
        "name": "org.apache.myfaces.core:myfaces-api",
        "ecosystem": "Maven",
        "purl": "pkg:maven/org.apache.myfaces.core/myfaces-api"
      },
      "ranges": [
        {
          "type": "ECOSYSTEM",
          "events": [
            {
              "introduced": "1.2.0"
            },
            {
              "fixed": "1.2.9"
            }
          ]
        }
      ],
      "versions": [
        "1.2.0",
        "1.2.2",
        "1.2.3",
        "1.2.4",
        "1.2.5",
        "1.2.6",
        "1.2.7",
        "1.2.8"
      ],
      "database_specific": {
        "source": "https://github.com/github/advisory-database/blob/main/advisories/github-reviewed/2022/05/GHSA-4fv4-cq5v-x45m/GHSA-4fv4-cq5v-x45m.json"
      }
    },
    {
      "package": {
        "name": "org.apache.myfaces.core:myfaces-api",
        "ecosystem": "Maven",
        "purl": "pkg:maven/org.apache.myfaces.core/myfaces-api"
      },
      "ranges": [
        {
          "type": "ECOSYSTEM",
          "events": [
            {
              "introduced": "2.0.0"
            },
            {
              "fixed": "2.0.1"
            }
          ]
        }
      ],
      "versions": [
        "2.0.0"
      ],
      "database_specific": {
        "source": "https://github.com/github/advisory-database/blob/main/advisories/github-reviewed/2022/05/GHSA-4fv4-cq5v-x45m/GHSA-4fv4-cq5v-x45m.json"
      }
    }
  ],
  "schema_version": "1.4.0"
}