{
  "id": "GHSA-4cf5-xmhp-3xj7",
  "summary": "Improper Authorization in Apache Shiro",
  "details": "Apache Shiro before 1.9.1, A RegexRequestMatcher can be misconfigured to be bypassed on some servlet containers. Applications using RegExPatternMatcher with `.` in the regular expression are possibly vulnerable to an authorization bypass.",
  "aliases": [
    "CVE-2022-32532"
  ],
  "modified": "2023-04-11T01:42:16.119576Z",
  "published": "2022-06-30T00:00:41Z",
  "database_specific": {
    "nvd_published_at": "2022-06-29T00:15:00Z",
    "github_reviewed_at": "2022-07-06T19:52:31Z",
    "severity": "CRITICAL",
    "github_reviewed": true,
    "cwe_ids": [
      "CWE-285",
      "CWE-863"
    ]
  },
  "references": [
    {
      "type": "ADVISORY",
      "url": "https://nvd.nist.gov/vuln/detail/CVE-2022-32532"
    },
    {
      "type": "PACKAGE",
      "url": "https://github.com/apache/shiro"
    },
    {
      "type": "WEB",
      "url": "https://lists.apache.org/thread/y8260dw8vbm99oq7zv6y3mzn5ovk90xh"
    }
  ],
  "affected": [
    {
      "package": {
        "name": "org.apache.shiro:shiro-core",
        "ecosystem": "Maven",
        "purl": "pkg:maven/org.apache.shiro/shiro-core"
      },
      "ranges": [
        {
          "type": "ECOSYSTEM",
          "events": [
            {
              "introduced": "0"
            },
            {
              "fixed": "1.9.1"
            }
          ]
        }
      ],
      "versions": [
        "1.0.0-incubating",
        "1.1.0",
        "1.2.0",
        "1.2.1",
        "1.2.2",
        "1.2.3",
        "1.2.4",
        "1.2.5",
        "1.2.6",
        "1.3.0",
        "1.3.1",
        "1.3.2",
        "1.4.0",
        "1.4.0-RC2",
        "1.4.1",
        "1.4.2",
        "1.5.0",
        "1.5.1",
        "1.5.2",
        "1.5.3",
        "1.6.0",
        "1.7.0",
        "1.7.1",
        "1.8.0",
        "1.9.0"
      ],
      "database_specific": {
        "source": "https://github.com/github/advisory-database/blob/main/advisories/github-reviewed/2022/06/GHSA-4cf5-xmhp-3xj7/GHSA-4cf5-xmhp-3xj7.json"
      }
    }
  ],
  "schema_version": "1.4.0",
  "severity": [
    {
      "type": "CVSS_V3",
      "score": "CVSS:3.1/AV:N/AC:L/PR:N/UI:N/S:U/C:H/I:H/A:H"
    }
  ]
}