{
  "id": "GHSA-45h5-r968-5xr7",
  "summary": "Exposure of sensitive information in Elasticsearch",
  "details": "A flaw was discovered in Elasticsearch where document and field level security was not applied to searchable snapshots. This could lead to an authenticated user gaining access to information that they are unauthorized to view.",
  "aliases": [
    "CVE-2021-22147"
  ],
  "modified": "2023-04-11T01:18:06.873190Z",
  "published": "2021-09-20T20:29:40Z",
  "database_specific": {
    "nvd_published_at": "2021-09-15T12:15:00Z",
    "github_reviewed_at": "2021-09-16T17:10:33Z",
    "severity": "MODERATE",
    "github_reviewed": true,
    "cwe_ids": [
      "CWE-732",
      "CWE-862"
    ]
  },
  "references": [
    {
      "type": "ADVISORY",
      "url": "https://nvd.nist.gov/vuln/detail/CVE-2021-22147"
    },
    {
      "type": "WEB",
      "url": "https://discuss.elastic.co/t/elastic-stack-7-14-0-security-update/280344"
    },
    {
      "type": "WEB",
      "url": "https://security.netapp.com/advisory/ntap-20211008-0002/"
    },
    {
      "type": "WEB",
      "url": "https://www.elastic.co/community/security/"
    }
  ],
  "affected": [
    {
      "package": {
        "name": "org.elasticsearch:elasticsearch",
        "ecosystem": "Maven",
        "purl": "pkg:maven/org.elasticsearch/elasticsearch"
      },
      "ranges": [
        {
          "type": "ECOSYSTEM",
          "events": [
            {
              "introduced": "7.11.0"
            },
            {
              "fixed": "7.14.0"
            }
          ]
        }
      ],
      "versions": [
        "7.11.0",
        "7.11.1",
        "7.11.2",
        "7.12.0",
        "7.12.1",
        "7.13.0",
        "7.13.1",
        "7.13.2",
        "7.13.3",
        "7.13.4"
      ],
      "database_specific": {
        "source": "https://github.com/github/advisory-database/blob/main/advisories/github-reviewed/2021/09/GHSA-45h5-r968-5xr7/GHSA-45h5-r968-5xr7.json"
      }
    }
  ],
  "schema_version": "1.4.0",
  "severity": [
    {
      "type": "CVSS_V3",
      "score": "CVSS:3.1/AV:N/AC:L/PR:L/UI:N/S:U/C:H/I:N/A:N"
    }
  ]
}