{
  "id": "GHSA-23x5-j68g-6jpw",
  "summary": "Missing permission checks in Jenkins kubernetes-cd Plugin allow enumerating credentials IDs",
  "details": "kubernetes-cd Plugin 2.3.1 and earlier does not perform permission checks in several HTTP endpoints.\n\nThis allows attackers with Overall/Read permission to enumerate credentials IDs of credentials stored in Jenkins. Those can be used as part of an attack to capture the credentials using another vulnerability.",
  "aliases": [
    "CVE-2022-27209"
  ],
  "modified": "2023-04-11T01:40:06.291279Z",
  "published": "2022-03-16T00:00:43Z",
  "database_specific": {
    "nvd_published_at": "2022-03-15T17:15:00Z",
    "github_reviewed_at": "2022-11-30T20:08:43Z",
    "severity": "MODERATE",
    "github_reviewed": true,
    "cwe_ids": [
      "CWE-862"
    ]
  },
  "references": [
    {
      "type": "ADVISORY",
      "url": "https://nvd.nist.gov/vuln/detail/CVE-2022-27209"
    },
    {
      "type": "PACKAGE",
      "url": "https://github.com/jenkinsci/kubernetes-cd-plugin"
    },
    {
      "type": "WEB",
      "url": "https://www.jenkins.io/security/advisory/2022-03-15/#SECURITY-2636"
    },
    {
      "type": "WEB",
      "url": "http://www.openwall.com/lists/oss-security/2022/03/15/2"
    }
  ],
  "affected": [
    {
      "package": {
        "name": "org.jenkins-ci.plugins:kubernetes-cd",
        "ecosystem": "Maven",
        "purl": "pkg:maven/org.jenkins-ci.plugins/kubernetes-cd"
      },
      "ranges": [
        {
          "type": "ECOSYSTEM",
          "events": [
            {
              "introduced": "0"
            },
            {
              "last_affected": "2.3.1"
            }
          ]
        }
      ],
      "versions": [
        "0.1.0",
        "0.1.1",
        "0.1.2",
        "0.1.3",
        "0.1.4",
        "0.1.5",
        "0.2.0",
        "0.2.1",
        "0.2.2",
        "0.2.3",
        "1.0.0",
        "2.0.0",
        "2.0.1",
        "2.1.0",
        "2.1.1",
        "2.1.2",
        "2.2.0",
        "2.3.0",
        "2.3.1"
      ],
      "database_specific": {
        "source": "https://github.com/github/advisory-database/blob/main/advisories/github-reviewed/2022/03/GHSA-23x5-j68g-6jpw/GHSA-23x5-j68g-6jpw.json"
      }
    }
  ],
  "schema_version": "1.4.0",
  "severity": [
    {
      "type": "CVSS_V3",
      "score": "CVSS:3.1/AV:N/AC:L/PR:L/UI:N/S:U/C:L/I:N/A:N"
    }
  ]
}