{
  "id": "GHSA-23h5-8ph6-7rfc",
  "summary": "Path traversal vulnerability in Jenkins Fortify Plugin",
  "details": "Fortify Plugin 20.2.34 and earlier does not sanitize the `appName` and `appVersion` parameters of its Pipeline steps, which are used to write to files inside build directories.\n\nThis allows attackers with Item/Configure permission to write or overwrite `.xml` files on the Jenkins controller file system with content not controllable by the attacker.\n\nFortify Plugin 20.2.35 sanitizes the `appName` and `appVersion` parameters of its Pipeline steps when determining the resulting filename.",
  "aliases": [
    "CVE-2022-25188"
  ],
  "modified": "2023-04-11T01:29:22.966479Z",
  "published": "2022-02-16T00:01:27Z",
  "database_specific": {
    "nvd_published_at": "2022-02-15T17:15:00Z",
    "github_reviewed_at": "2022-12-01T23:05:05Z",
    "severity": "MODERATE",
    "github_reviewed": true,
    "cwe_ids": [
      "CWE-22"
    ]
  },
  "references": [
    {
      "type": "ADVISORY",
      "url": "https://nvd.nist.gov/vuln/detail/CVE-2022-25188"
    },
    {
      "type": "WEB",
      "url": "https://github.com/jenkinsci/fortify-plugin/commit/ba3030cb63bb86b6bb13342664e0e319f2fee374"
    },
    {
      "type": "PACKAGE",
      "url": "https://github.com/jenkinsci/fortify-plugin"
    },
    {
      "type": "WEB",
      "url": "https://www.jenkins.io/security/advisory/2022-02-15/#SECURITY-2214"
    },
    {
      "type": "WEB",
      "url": "http://www.openwall.com/lists/oss-security/2022/02/15/2"
    }
  ],
  "affected": [
    {
      "package": {
        "name": "org.jenkins-ci.plugins:fortify",
        "ecosystem": "Maven",
        "purl": "pkg:maven/org.jenkins-ci.plugins/fortify"
      },
      "ranges": [
        {
          "type": "ECOSYSTEM",
          "events": [
            {
              "introduced": "0"
            },
            {
              "fixed": "20.2.35"
            }
          ]
        }
      ],
      "versions": [
        "19.1.28",
        "19.1.29",
        "19.2.30",
        "20.1.32",
        "20.1.33",
        "20.2.34"
      ],
      "database_specific": {
        "source": "https://github.com/github/advisory-database/blob/main/advisories/github-reviewed/2022/02/GHSA-23h5-8ph6-7rfc/GHSA-23h5-8ph6-7rfc.json"
      }
    }
  ],
  "schema_version": "1.4.0",
  "severity": [
    {
      "type": "CVSS_V3",
      "score": "CVSS:3.1/AV:N/AC:L/PR:L/UI:N/S:U/C:N/I:L/A:N"
    }
  ]
}