{
  "id": "GHSA-3wfj-vh84-732p",
  "summary": "Improper Neutralization of Special Elements used in an OS Command in Apache ActiveMQ",
  "details": "The processControlCommand function in broker/TransportConnection.java in Apache ActiveMQ before 5.11.0 allows remote attackers to cause a denial of service (shutdown) via a shutdown command.",
  "aliases": [
    "CVE-2014-3576"
  ],
  "modified": "2023-04-11T01:16:28.334780Z",
  "published": "2022-05-14T01:14:52Z",
  "database_specific": {
    "nvd_published_at": "2015-08-14T18:59:00Z",
    "github_reviewed_at": "2022-07-07T22:40:47Z",
    "severity": "HIGH",
    "github_reviewed": true,
    "cwe_ids": [
      "CWE-78"
    ]
  },
  "references": [
    {
      "type": "ADVISORY",
      "url": "https://nvd.nist.gov/vuln/detail/CVE-2014-3576"
    },
    {
      "type": "WEB",
      "url": "https://github.com/apache/activemq/commit/00921f2"
    },
    {
      "type": "WEB",
      "url": "https://lists.apache.org/thread.html/a859563f05fbe7c31916b3178c2697165bd9bbf5a65d1cf62aef27d2@%3Ccommits.activemq.apache.org%3E"
    },
    {
      "type": "WEB",
      "url": "http://activemq.2283324.n4.nabble.com/About-CVE-2014-3576-tp4699628.html"
    },
    {
      "type": "WEB",
      "url": "http://packetstormsecurity.com/files/134274/Apache-ActiveMQ-5.10.1-Denial-Of-Service.html"
    },
    {
      "type": "WEB",
      "url": "http://www.debian.org/security/2015/dsa-3330"
    },
    {
      "type": "WEB",
      "url": "http://www.oracle.com/technetwork/security-advisory/cpuapr2016v3-2985753.html"
    },
    {
      "type": "WEB",
      "url": "http://www.oracle.com/technetwork/topics/security/cpuoct2015-2367953.html"
    },
    {
      "type": "WEB",
      "url": "http://www.securityfocus.com/archive/1/536862/100/0/threaded"
    }
  ],
  "affected": [
    {
      "package": {
        "name": "org.apache.activemq:activemq-client",
        "ecosystem": "Maven",
        "purl": "pkg:maven/org.apache.activemq/activemq-client"
      },
      "ranges": [
        {
          "type": "ECOSYSTEM",
          "events": [
            {
              "introduced": "0"
            },
            {
              "fixed": "5.11.0"
            }
          ]
        }
      ],
      "versions": [
        "5.10.0",
        "5.10.1",
        "5.10.2",
        "5.8.0",
        "5.9.0",
        "5.9.1"
      ],
      "database_specific": {
        "source": "https://github.com/github/advisory-database/blob/main/advisories/github-reviewed/2022/05/GHSA-3wfj-vh84-732p/GHSA-3wfj-vh84-732p.json"
      }
    }
  ],
  "schema_version": "1.4.0",
  "severity": [
    {
      "type": "CVSS_V3",
      "score": "CVSS:3.0/AV:N/AC:L/PR:N/UI:N/S:U/C:N/I:N/A:H"
    }
  ]
}