{
  "id": "GHSA-335g-xcjh-ghc2",
  "summary": "Apache OpenMeetings vulnerable to SQL injection",
  "details": "Apache OpenMeetings 1.0.0 is vulnerable to SQL injection. This allows authenticated users to modify the structure of the existing query and leak the structure of other queries being made by the application in the back-end. The issue is fixed in version 3.3.0.",
  "aliases": [
    "CVE-2017-7681"
  ],
  "modified": "2023-04-11T01:44:39.561656Z",
  "published": "2022-05-17T02:28:11Z",
  "database_specific": {
    "nvd_published_at": "2017-07-17T13:18:00Z",
    "github_reviewed_at": "2022-11-22T18:57:00Z",
    "severity": "HIGH",
    "github_reviewed": true,
    "cwe_ids": [
      "CWE-89"
    ]
  },
  "references": [
    {
      "type": "ADVISORY",
      "url": "https://nvd.nist.gov/vuln/detail/CVE-2017-7681"
    },
    {
      "type": "PACKAGE",
      "url": "https://github.com/apache/openmeetings"
    },
    {
      "type": "WEB",
      "url": "http://markmail.org/message/j774dp5ro5xmkmg6"
    }
  ],
  "affected": [
    {
      "package": {
        "name": "org.apache.openmeetings:openmeetings-parent",
        "ecosystem": "Maven",
        "purl": "pkg:maven/org.apache.openmeetings/openmeetings-parent"
      },
      "ranges": [
        {
          "type": "ECOSYSTEM",
          "events": [
            {
              "introduced": "1.0.0"
            },
            {
              "fixed": "3.3.0"
            }
          ]
        }
      ],
      "versions": [
        "3.1.2",
        "3.1.3",
        "3.1.4",
        "3.1.5",
        "3.2.0",
        "3.2.1"
      ],
      "database_specific": {
        "source": "https://github.com/github/advisory-database/blob/main/advisories/github-reviewed/2022/05/GHSA-335g-xcjh-ghc2/GHSA-335g-xcjh-ghc2.json"
      }
    }
  ],
  "schema_version": "1.4.0",
  "severity": [
    {
      "type": "CVSS_V3",
      "score": "CVSS:3.0/AV:N/AC:L/PR:L/UI:N/S:U/C:H/I:H/A:H"
    }
  ]
}