{
  "id": "GHSA-3862-fmr3-4f3h",
  "summary": "Broadleaf vulnerable to Cross-site Scripting",
  "details": "Broadleaf 5.x and 6.x (including 5.2.25-GA and 6.2.6-GA) was discovered to contain a cross-site scripting (XSS) vulnerability via a customer signup with a crafted email address. This is fixed in 6.2.7-GA.",
  "aliases": [
    "CVE-2023-33725"
  ],
  "modified": "2023-07-05T19:52:19Z",
  "published": "2023-06-21T18:31:08Z",
  "database_specific": {
    "nvd_published_at": null,
    "cwe_ids": [
      "CWE-79"
    ],
    "severity": "MODERATE",
    "github_reviewed": true,
    "github_reviewed_at": "2023-06-21T21:59:31Z"
  },
  "references": [
    {
      "type": "ADVISORY",
      "url": "https://nvd.nist.gov/vuln/detail/CVE-2023-33725"
    },
    {
      "type": "PACKAGE",
      "url": "https://github.com/BroadleafCommerce/BroadleafCommerce"
    },
    {
      "type": "WEB",
      "url": "https://github.com/Contrast-Security-OSS/Burptrast/tree/main/docs/CVE-2023-33725"
    }
  ],
  "affected": [
    {
      "package": {
        "name": "org.broadleafcommerce:broadleaf",
        "ecosystem": "Maven",
        "purl": "pkg:maven/org.broadleafcommerce/broadleaf"
      },
      "ranges": [
        {
          "type": "ECOSYSTEM",
          "events": [
            {
              "introduced": "5.0.0-GA"
            },
            {
              "fixed": "6.2.7-GA"
            }
          ]
        }
      ],
      "database_specific": {
        "source": "https://github.com/github/advisory-database/blob/main/advisories/github-reviewed/2023/06/GHSA-3862-fmr3-4f3h/GHSA-3862-fmr3-4f3h.json"
      },
      "versions": []
    }
  ],
  "schema_version": "1.4.0",
  "severity": [
    {
      "type": "CVSS_V3",
      "score": "CVSS:3.1/AV:N/AC:L/PR:N/UI:R/S:C/C:L/I:L/A:N"
    }
  ]
}