{
  "id": "GHSA-2gpr-j5vj-wvh2",
  "summary": "Apache Any23 vulnerable to excessive memory usage",
  "details": "Use of TikaEncodingDetector in Apache Any23 can cause excessive memory usage.",
  "aliases": [
    "CVE-2023-34150"
  ],
  "modified": "2023-07-12T16:32:13.209856Z",
  "published": "2023-07-05T09:30:20Z",
  "database_specific": {
    "nvd_published_at": null,
    "cwe_ids": [
      "CWE-20",
      "CWE-400"
    ],
    "severity": "MODERATE",
    "github_reviewed": true,
    "github_reviewed_at": "2023-07-06T20:37:32Z"
  },
  "references": [
    {
      "type": "ADVISORY",
      "url": "https://nvd.nist.gov/vuln/detail/CVE-2023-34150"
    },
    {
      "type": "PACKAGE",
      "url": "https://github.com/apache/any23"
    },
    {
      "type": "WEB",
      "url": "https://lists.apache.org/thread/713tk23khbtbg940pb2ql8ggd4cvh6j1"
    }
  ],
  "affected": [
    {
      "package": {
        "name": "org.apache.any23:apache-any23",
        "ecosystem": "Maven",
        "purl": "pkg:maven/org.apache.any23/apache-any23"
      },
      "ranges": [
        {
          "type": "ECOSYSTEM",
          "events": [
            {
              "introduced": "0"
            },
            {
              "last_affected": "2.7"
            }
          ]
        }
      ],
      "versions": [
        "0.7.0-incubating",
        "0.8.0",
        "0.9.0",
        "1.0",
        "1.1",
        "2.0",
        "2.1",
        "2.2",
        "2.3",
        "2.4",
        "2.5",
        "2.6",
        "2.7"
      ],
      "database_specific": {
        "source": "https://github.com/github/advisory-database/blob/main/advisories/github-reviewed/2023/07/GHSA-2gpr-j5vj-wvh2/GHSA-2gpr-j5vj-wvh2.json"
      }
    }
  ],
  "schema_version": "1.4.0",
  "severity": [
    {
      "type": "CVSS_V3",
      "score": "CVSS:3.1/AV:N/AC:L/PR:N/UI:N/S:U/C:N/I:L/A:L"
    }
  ]
}