{
  "id": "GHSA-2w4h-f44w-968f",
  "summary": "Improper Privilege Management in Neo4j Graph Database",
  "details": "A failure in resetting the security context in some transaction actions in Neo4j Graph Database 4.2 could allow authenticated users to execute commands with elevated privileges.",
  "aliases": [
    "CVE-2021-34802"
  ],
  "modified": "2023-04-11T01:49:11.216381Z",
  "published": "2022-05-24T19:09:23Z",
  "database_specific": {
    "nvd_published_at": "2021-07-30T14:15:00Z",
    "github_reviewed_at": "2022-06-21T20:12:33Z",
    "severity": "HIGH",
    "github_reviewed": true,
    "cwe_ids": [
      "CWE-269"
    ]
  },
  "references": [
    {
      "type": "ADVISORY",
      "url": "https://nvd.nist.gov/vuln/detail/CVE-2021-34802"
    },
    {
      "type": "PACKAGE",
      "url": "https://github.com/neo4j/neo4j"
    },
    {
      "type": "WEB",
      "url": "https://neo4j.com"
    },
    {
      "type": "WEB",
      "url": "https://neo4j.com/developer/kb/neo4j-4-2-x-sec-vuln-fix/"
    }
  ],
  "affected": [
    {
      "package": {
        "name": "org.neo4j:neo4j-kernel",
        "ecosystem": "Maven",
        "purl": "pkg:maven/org.neo4j/neo4j-kernel"
      },
      "ranges": [
        {
          "type": "ECOSYSTEM",
          "events": [
            {
              "introduced": "4.2.0"
            },
            {
              "fixed": "4.2.8"
            }
          ]
        }
      ],
      "versions": [
        "4.2.0",
        "4.2.1",
        "4.2.2",
        "4.2.3",
        "4.2.4",
        "4.2.5",
        "4.2.6",
        "4.2.7"
      ],
      "database_specific": {
        "last_known_affected_version_range": "<= 4.2.7",
        "source": "https://github.com/github/advisory-database/blob/main/advisories/github-reviewed/2022/05/GHSA-2w4h-f44w-968f/GHSA-2w4h-f44w-968f.json"
      }
    }
  ],
  "schema_version": "1.4.0",
  "severity": [
    {
      "type": "CVSS_V3",
      "score": "CVSS:3.1/AV:N/AC:L/PR:L/UI:N/S:U/C:H/I:H/A:H"
    }
  ]
}