{
  "id": "GHSA-46p2-fwqg-3h6m",
  "summary": "Incorrect Authorization in Jenkins Git Plugin",
  "details": "An improper authorization vulnerability exists in Jenkins Git Plugin version 3.7.0 and earlier in GitStatus.java that allows an attacker with network access to obtain a list of nodes and users.",
  "aliases": [
    "CVE-2018-1000110"
  ],
  "modified": "2023-04-11T01:49:50.376317Z",
  "published": "2022-05-13T01:48:31Z",
  "database_specific": {
    "nvd_published_at": "2018-03-13T13:29:00Z",
    "github_reviewed_at": "2022-06-30T18:52:28Z",
    "severity": "MODERATE",
    "github_reviewed": true,
    "cwe_ids": [
      "CWE-863"
    ]
  },
  "references": [
    {
      "type": "ADVISORY",
      "url": "https://nvd.nist.gov/vuln/detail/CVE-2018-1000110"
    },
    {
      "type": "WEB",
      "url": "https://github.com/jenkinsci/git-plugin/commit/a3d3a7eb7f75bfe97a0291e3b6d074aafafa86c9"
    },
    {
      "type": "PACKAGE",
      "url": "https://github.com/jenkinsci/git-plugin"
    },
    {
      "type": "WEB",
      "url": "https://jenkins.io/security/advisory/2018-02-26/#SECURITY-723"
    }
  ],
  "affected": [
    {
      "package": {
        "name": "org.jenkins-ci.plugins:git",
        "ecosystem": "Maven",
        "purl": "pkg:maven/org.jenkins-ci.plugins/git"
      },
      "ranges": [
        {
          "type": "ECOSYSTEM",
          "events": [
            {
              "introduced": "0"
            },
            {
              "fixed": "3.8.0"
            }
          ]
        }
      ],
      "versions": [
        "1.2.0",
        "1.3.0",
        "1.4.0",
        "1.5.0",
        "1.6.0-beta-1",
        "2.0",
        "2.0-beta-2",
        "2.0-beta-3",
        "2.0.1",
        "2.0.2",
        "2.0.3",
        "2.0.4",
        "2.1.0",
        "2.2.0",
        "2.2.1",
        "2.2.10",
        "2.2.11",
        "2.2.12",
        "2.2.2",
        "2.2.3",
        "2.2.4",
        "2.2.5",
        "2.2.6",
        "2.2.7",
        "2.2.8",
        "2.2.9",
        "2.3",
        "2.3-beta-1",
        "2.3-beta-2",
        "2.3-beta-3",
        "2.3-beta-4",
        "2.3.1",
        "2.3.2",
        "2.3.3",
        "2.3.4",
        "2.3.5",
        "2.4.0",
        "2.4.1",
        "2.4.2",
        "2.4.3",
        "2.4.4",
        "2.5.0",
        "2.5.0-beta1",
        "2.5.0-beta2",
        "2.5.0-beta3",
        "2.5.0-beta4",
        "2.5.0-beta5",
        "2.5.1",
        "2.5.2",
        "2.5.3",
        "2.6.0",
        "2.6.1",
        "2.6.2",
        "2.6.2-beta-1",
        "2.6.2-beta-2",
        "2.6.4",
        "2.6.5",
        "3.0.0",
        "3.0.0-beta1",
        "3.0.0-beta2",
        "3.0.1",
        "3.0.2",
        "3.0.2-beta-1",
        "3.0.2-beta-2",
        "3.0.3",
        "3.0.4",
        "3.0.5",
        "3.1.0",
        "3.2.0",
        "3.3.0",
        "3.3.1",
        "3.3.2",
        "3.4.0",
        "3.4.0-alpha-1",
        "3.4.0-alpha-4",
        "3.4.0-beta-1",
        "3.4.0-beta-2",
        "3.4.1",
        "3.5.0",
        "3.5.1",
        "3.6.0",
        "3.6.1",
        "3.6.2",
        "3.6.3",
        "3.6.4",
        "3.7.0"
      ],
      "database_specific": {
        "last_known_affected_version_range": "<= 3.7.0",
        "source": "https://github.com/github/advisory-database/blob/main/advisories/github-reviewed/2022/05/GHSA-46p2-fwqg-3h6m/GHSA-46p2-fwqg-3h6m.json"
      }
    }
  ],
  "schema_version": "1.4.0",
  "severity": [
    {
      "type": "CVSS_V3",
      "score": "CVSS:3.0/AV:N/AC:L/PR:N/UI:N/S:U/C:L/I:N/A:N"
    }
  ]
}