{
  "id": "GHSA-43xg-8wmj-cw8h",
  "summary": "Apache Spark vulnerable to Log Injection",
  "details": "A stored cross-site scripting (XSS) vulnerability in Apache Spark 3.2.1 and earlier, and 3.3.0, allows remote attackers to execute arbitrary JavaScript in the web browser of a user, by including a malicious payload into the logs which would be returned in logs rendered in the UI.",
  "aliases": [
    "CVE-2022-31777"
  ],
  "modified": "2023-08-31T00:31:22.543325Z",
  "published": "2022-11-01T19:00:29Z",
  "database_specific": {
    "nvd_published_at": "2022-11-01T16:15:00Z",
    "cwe_ids": [
      "CWE-74"
    ],
    "severity": "MODERATE",
    "github_reviewed": true,
    "github_reviewed_at": "2022-11-01T21:03:46Z"
  },
  "references": [
    {
      "type": "ADVISORY",
      "url": "https://nvd.nist.gov/vuln/detail/CVE-2022-31777"
    },
    {
      "type": "WEB",
      "url": "https://github.com/apache/spark/commit/ad90195de56688ce0898691eb9d04297ab0871ad"
    },
    {
      "type": "PACKAGE",
      "url": "https://github.com/apache/spark"
    },
    {
      "type": "WEB",
      "url": "https://github.com/pypa/advisory-database/tree/main/vulns/pyspark/PYSEC-2022-42976.yaml"
    },
    {
      "type": "WEB",
      "url": "https://lists.apache.org/thread/60mgbswq2lsmrxykfxpqq13ztkm2ht6q"
    },
    {
      "type": "WEB",
      "url": "https://web.archive.org/web/20220728105026/https://issues.apache.org/jira/browse/SPARK-39505"
    },
    {
      "type": "WEB",
      "url": "http://www.openwall.com/lists/oss-security/2022/11/01/14"
    }
  ],
  "affected": [
    {
      "package": {
        "name": "org.apache.spark:spark-core",
        "ecosystem": "Maven",
        "purl": "pkg:maven/org.apache.spark/spark-core"
      },
      "ranges": [
        {
          "type": "ECOSYSTEM",
          "events": [
            {
              "introduced": "0"
            },
            {
              "fixed": "3.2.2"
            }
          ]
        }
      ],
      "ecosystem_specific": {
        "affected_functions": [
          ""
        ]
      },
      "database_specific": {
        "source": "https://github.com/github/advisory-database/blob/main/advisories/github-reviewed/2022/11/GHSA-43xg-8wmj-cw8h/GHSA-43xg-8wmj-cw8h.json"
      },
      "versions": []
    },
    {
      "package": {
        "name": "org.apache.spark:spark-core",
        "ecosystem": "Maven",
        "purl": "pkg:maven/org.apache.spark/spark-core"
      },
      "ranges": [
        {
          "type": "ECOSYSTEM",
          "events": [
            {
              "introduced": "3.3.0"
            },
            {
              "fixed": "3.3.1"
            }
          ]
        }
      ],
      "versions": [
        "3.3.0"
      ],
      "ecosystem_specific": {
        "affected_functions": [
          ""
        ]
      },
      "database_specific": {
        "source": "https://github.com/github/advisory-database/blob/main/advisories/github-reviewed/2022/11/GHSA-43xg-8wmj-cw8h/GHSA-43xg-8wmj-cw8h.json"
      }
    },
    {
      "package": {
        "name": "pyspark",
        "ecosystem": "PyPI",
        "purl": "pkg:pypi/pyspark"
      },
      "ranges": [
        {
          "type": "ECOSYSTEM",
          "events": [
            {
              "introduced": "0"
            },
            {
              "fixed": "3.2.2"
            }
          ]
        }
      ],
      "versions": [
        "2.1.1",
        "2.1.2",
        "2.1.3",
        "2.2.0",
        "2.2.1",
        "2.2.2",
        "2.2.3",
        "2.3.0",
        "2.3.1",
        "2.3.2",
        "2.3.3",
        "2.3.4",
        "2.4.0",
        "2.4.1",
        "2.4.2",
        "2.4.3",
        "2.4.4",
        "2.4.5",
        "2.4.6",
        "2.4.7",
        "2.4.8",
        "3.0.0",
        "3.0.1",
        "3.0.2",
        "3.0.3",
        "3.1.1",
        "3.1.2",
        "3.1.3",
        "3.2.0",
        "3.2.1"
      ],
      "ecosystem_specific": {
        "affected_functions": [
          ""
        ]
      },
      "database_specific": {
        "source": "https://github.com/github/advisory-database/blob/main/advisories/github-reviewed/2022/11/GHSA-43xg-8wmj-cw8h/GHSA-43xg-8wmj-cw8h.json"
      }
    }
  ],
  "schema_version": "1.4.0",
  "severity": [
    {
      "type": "CVSS_V3",
      "score": "CVSS:3.1/AV:N/AC:L/PR:L/UI:R/S:C/C:L/I:L/A:N"
    }
  ]
}