{
  "id": "GHSA-3xrr-7m6p-p7xh",
  "summary": "HtmlUnit Code Injection vulnerability",
  "details": "Versions of the package `net.sourceforge.htmlunit:htmlunit` from 0 and before 3.0.0 are vulnerable to Remote Code Execution (RCE) via XSTL, when browsing the attacker\u2019s webpage.",
  "aliases": [
    "CVE-2023-26119"
  ],
  "modified": "2023-07-06T22:16:57.584932Z",
  "published": "2023-07-06T19:24:13Z",
  "database_specific": {
    "nvd_published_at": "2023-04-03T05:15:00Z",
    "cwe_ids": [
      "CWE-74"
    ],
    "severity": "CRITICAL",
    "github_reviewed": true,
    "github_reviewed_at": "2023-07-06T22:00:23Z"
  },
  "references": [
    {
      "type": "ADVISORY",
      "url": "https://nvd.nist.gov/vuln/detail/CVE-2023-26119"
    },
    {
      "type": "WEB",
      "url": "https://github.com/HtmlUnit/htmlunit/commit/641325bbc84702dc9800ec7037aec061ce21956b"
    },
    {
      "type": "PACKAGE",
      "url": "https://github.com/HtmlUnit/htmlunit"
    },
    {
      "type": "WEB",
      "url": "https://security.snyk.io/vuln/SNYK-JAVA-NETSOURCEFORGEHTMLUNIT-3252500"
    },
    {
      "type": "WEB",
      "url": "https://siebene.github.io/2022/12/30/HtmlUnit-RCE/"
    }
  ],
  "affected": [
    {
      "package": {
        "name": "net.sourceforge.htmlunit:htmlunit",
        "ecosystem": "Maven",
        "purl": "pkg:maven/net.sourceforge.htmlunit/htmlunit"
      },
      "ranges": [
        {
          "type": "ECOSYSTEM",
          "events": [
            {
              "introduced": "0"
            },
            {
              "fixed": "3.0.0"
            }
          ]
        }
      ],
      "versions": [
        "1.14",
        "2.0",
        "2.1",
        "2.1.5",
        "2.10",
        "2.11",
        "2.12",
        "2.13",
        "2.14",
        "2.15",
        "2.16",
        "2.17",
        "2.18",
        "2.19",
        "2.2",
        "2.20",
        "2.21",
        "2.22",
        "2.23",
        "2.24",
        "2.25",
        "2.26",
        "2.27",
        "2.28",
        "2.29",
        "2.3",
        "2.30",
        "2.31",
        "2.32",
        "2.33",
        "2.34.0",
        "2.34.1",
        "2.35.0",
        "2.36.0",
        "2.37.0",
        "2.38.0",
        "2.39.0",
        "2.39.1",
        "2.4",
        "2.40.0",
        "2.41.0",
        "2.42.0",
        "2.43.0",
        "2.44.0",
        "2.45.0",
        "2.46.0",
        "2.47.0",
        "2.47.1",
        "2.48.0",
        "2.49.0",
        "2.49.1",
        "2.5",
        "2.50.0",
        "2.51.0",
        "2.52.0",
        "2.53.0",
        "2.54.0",
        "2.55.0",
        "2.56.0",
        "2.57.0",
        "2.58.0",
        "2.59.0",
        "2.6",
        "2.60.0",
        "2.61.0",
        "2.62.0",
        "2.63.0",
        "2.64.0",
        "2.65.0",
        "2.65.1",
        "2.66.0",
        "2.67.0",
        "2.68.0",
        "2.69.0",
        "2.7",
        "2.70.0",
        "2.8",
        "2.9"
      ],
      "database_specific": {
        "source": "https://github.com/github/advisory-database/blob/main/advisories/github-reviewed/2023/07/GHSA-3xrr-7m6p-p7xh/GHSA-3xrr-7m6p-p7xh.json"
      }
    }
  ],
  "schema_version": "1.4.0",
  "severity": [
    {
      "type": "CVSS_V3",
      "score": "CVSS:3.1/AV:N/AC:L/PR:N/UI:N/S:U/C:H/I:H/A:H"
    }
  ]
}