{
  "id": "GHSA-3vv3-585q-wv6x",
  "summary": "Apache Guacamole Race Condition vulnerability",
  "details": "A race condition in Guacamole's terminal emulator in versions 0.9.5 through 0.9.10-incubating could allow writes of blocks of printed data to overlap. Such overlapping writes could cause packet data to be misread as the packet length, resulting in the remaining data being written beyond the end of a statically-allocated buffer.",
  "aliases": [
    "CVE-2017-3158"
  ],
  "modified": "2023-04-11T01:27:53.140349Z",
  "published": "2022-05-14T03:46:14Z",
  "database_specific": {
    "nvd_published_at": "2018-01-18T20:29:00Z",
    "github_reviewed_at": "2022-11-08T23:02:35Z",
    "severity": "HIGH",
    "github_reviewed": true,
    "cwe_ids": [
      "CWE-362"
    ]
  },
  "references": [
    {
      "type": "ADVISORY",
      "url": "https://nvd.nist.gov/vuln/detail/CVE-2017-3158"
    },
    {
      "type": "WEB",
      "url": "https://lists.apache.org/thread.html/b218d36bfdaf655d27382daec4dcd02ec717631f4aee8b7e4300ad65@%3Cuser.guacamole.apache.org%3E"
    }
  ],
  "affected": [
    {
      "package": {
        "name": "org.apache.guacamole:guacamole-common",
        "ecosystem": "Maven",
        "purl": "pkg:maven/org.apache.guacamole/guacamole-common"
      },
      "ranges": [
        {
          "type": "ECOSYSTEM",
          "events": [
            {
              "introduced": "0.9.5"
            },
            {
              "fixed": "0.9.11-incubating"
            }
          ]
        }
      ],
      "versions": [
        "0.9.10-incubating"
      ],
      "database_specific": {
        "source": "https://github.com/github/advisory-database/blob/main/advisories/github-reviewed/2022/05/GHSA-3vv3-585q-wv6x/GHSA-3vv3-585q-wv6x.json"
      }
    }
  ],
  "schema_version": "1.4.0",
  "severity": [
    {
      "type": "CVSS_V3",
      "score": "CVSS:3.0/AV:N/AC:H/PR:N/UI:N/S:U/C:H/I:H/A:H"
    }
  ]
}