{
  "id": "GHSA-4697-3g92-gh78",
  "summary": "Jenkins Thycotic Secret Server Plugin missing permissions check",
  "details": "Jenkins Thycotic Secret Server Plugin 1.0.2 and earlier does not perform a permission check in an HTTP endpoint.\n\nThis allows attackers with Overall/Read permission to enumerate credentials IDs of credentials stored in Jenkins. Those can be used as part of an attack to capture the credentials using another vulnerability.",
  "aliases": [
    "CVE-2023-30518"
  ],
  "modified": "2023-04-21T19:59:02.117129Z",
  "published": "2023-04-12T18:30:37Z",
  "database_specific": {
    "nvd_published_at": "2023-04-12T18:15:00Z",
    "github_reviewed_at": "2023-04-12T22:19:26Z",
    "severity": "MODERATE",
    "github_reviewed": true,
    "cwe_ids": [
      "CWE-862"
    ]
  },
  "references": [
    {
      "type": "ADVISORY",
      "url": "https://nvd.nist.gov/vuln/detail/CVE-2023-30518"
    },
    {
      "type": "WEB",
      "url": "https://www.jenkins.io/security/advisory/2023-04-12/#SECURITY-2837"
    },
    {
      "type": "WEB",
      "url": "http://www.openwall.com/lists/oss-security/2023/04/13/3"
    }
  ],
  "affected": [
    {
      "package": {
        "name": "io.jenkins.plugins:thycotic-secret-server",
        "ecosystem": "Maven",
        "purl": "pkg:maven/io.jenkins.plugins/thycotic-secret-server"
      },
      "ranges": [
        {
          "type": "ECOSYSTEM",
          "events": [
            {
              "introduced": "0"
            },
            {
              "last_affected": "1.0.2"
            }
          ]
        }
      ],
      "versions": [
        "1.0.0",
        "1.0.1",
        "1.0.2"
      ],
      "database_specific": {
        "source": "https://github.com/github/advisory-database/blob/main/advisories/github-reviewed/2023/04/GHSA-4697-3g92-gh78/GHSA-4697-3g92-gh78.json"
      }
    }
  ],
  "schema_version": "1.4.0",
  "severity": [
    {
      "type": "CVSS_V3",
      "score": "CVSS:3.1/AV:N/AC:L/PR:L/UI:N/S:U/C:L/I:N/A:N"
    }
  ]
}