{
  "id": "GHSA-2q7j-52xg-x8fm",
  "summary": "Missing permission checks in Zephyr for JIRA Test Management Plugin",
  "details": "A missing permission check in Jenkins Zephyr for JIRA Test Management Plugin 1.5 and earlier allows attackers with Overall/Read permission to connect to an attacker-specified HTTP server using attacker-specified username and password.",
  "aliases": [
    "CVE-2020-2216"
  ],
  "modified": "2023-04-11T01:41:51.454804Z",
  "published": "2022-05-24T17:22:20Z",
  "database_specific": {
    "nvd_published_at": "2020-07-02T15:15:00Z",
    "github_reviewed_at": "2022-12-29T01:13:00Z",
    "severity": "MODERATE",
    "github_reviewed": true,
    "cwe_ids": [
      "CWE-285"
    ]
  },
  "references": [
    {
      "type": "ADVISORY",
      "url": "https://nvd.nist.gov/vuln/detail/CVE-2020-2216"
    },
    {
      "type": "PACKAGE",
      "url": "https://github.com/jenkinsci/zephyr-for-jira-test-management-plugin"
    },
    {
      "type": "WEB",
      "url": "https://jenkins.io/security/advisory/2020-07-02/#SECURITY-1762"
    },
    {
      "type": "WEB",
      "url": "http://www.openwall.com/lists/oss-security/2020/07/02/7"
    }
  ],
  "affected": [
    {
      "package": {
        "name": "org.jenkins-ci.plugins:zephyr-for-jira-test-management",
        "ecosystem": "Maven",
        "purl": "pkg:maven/org.jenkins-ci.plugins/zephyr-for-jira-test-management"
      },
      "ranges": [
        {
          "type": "ECOSYSTEM",
          "events": [
            {
              "introduced": "0"
            },
            {
              "last_affected": "1.5"
            }
          ]
        }
      ],
      "versions": [
        "1.0",
        "1.1",
        "1.2",
        "1.3",
        "1.4",
        "1.5"
      ],
      "database_specific": {
        "source": "https://github.com/github/advisory-database/blob/main/advisories/github-reviewed/2022/05/GHSA-2q7j-52xg-x8fm/GHSA-2q7j-52xg-x8fm.json"
      }
    }
  ],
  "schema_version": "1.4.0",
  "severity": [
    {
      "type": "CVSS_V3",
      "score": "CVSS:3.1/AV:N/AC:L/PR:L/UI:N/S:U/C:N/I:L/A:N"
    }
  ]
}