{
  "id": "GHSA-4fq3-mr56-cg6r",
  "summary": "Spring Data Commons remote code injection vulnerability",
  "details": "Spring Data Commons, versions prior to 1.13 to 1.13.10, 2.0 to 2.0.5, and older unsupported versions, contain a property binder vulnerability caused by improper neutralization of special elements. An unauthenticated remote malicious user (or attacker) can supply specially crafted request parameters against Spring Data REST backed HTTP resources or using Spring Data's projection-based request payload binding that can lead to a remote code execution attack.",
  "aliases": [
    "CVE-2018-1273"
  ],
  "modified": "2023-04-11T01:32:36.727848Z",
  "published": "2018-10-17T17:23:24Z",
  "database_specific": {
    "nvd_published_at": "2018-04-11T13:29:00Z",
    "github_reviewed_at": "2020-06-16T20:58:14Z",
    "severity": "CRITICAL",
    "github_reviewed": true,
    "cwe_ids": [
      "CWE-20",
      "CWE-94"
    ]
  },
  "references": [
    {
      "type": "ADVISORY",
      "url": "https://nvd.nist.gov/vuln/detail/CVE-2018-1273"
    },
    {
      "type": "ADVISORY",
      "url": "https://github.com/advisories/GHSA-4fq3-mr56-cg6r"
    },
    {
      "type": "PACKAGE",
      "url": "https://github.com/spring-projects/spring-data-commons"
    },
    {
      "type": "WEB",
      "url": "https://pivotal.io/security/cve-2018-1273"
    },
    {
      "type": "WEB",
      "url": "https://www.oracle.com/security-alerts/cpujul2022.html"
    },
    {
      "type": "WEB",
      "url": "http://mail-archives.apache.org/mod_mbox/ignite-dev/201807.mbox/%3CCAK0qHnqzfzmCDFFi6c5Jok19zNkVCz5Xb4sU%3D0f2J_1i4p46zQ%40mail.gmail.com%3E"
    }
  ],
  "affected": [
    {
      "package": {
        "name": "org.springframework.data:spring-data-commons",
        "ecosystem": "Maven",
        "purl": "pkg:maven/org.springframework.data/spring-data-commons"
      },
      "ranges": [
        {
          "type": "ECOSYSTEM",
          "events": [
            {
              "introduced": "1.13.0"
            },
            {
              "fixed": "1.13.11"
            }
          ]
        }
      ],
      "versions": [
        "1.13.0.RELEASE",
        "1.13.1.RELEASE",
        "1.13.10.RELEASE",
        "1.13.2.RELEASE",
        "1.13.3.RELEASE",
        "1.13.4.RELEASE",
        "1.13.5.RELEASE",
        "1.13.6.RELEASE",
        "1.13.7.RELEASE",
        "1.13.8.RELEASE",
        "1.13.9.RELEASE"
      ],
      "database_specific": {
        "source": "https://github.com/github/advisory-database/blob/main/advisories/github-reviewed/2018/10/GHSA-4fq3-mr56-cg6r/GHSA-4fq3-mr56-cg6r.json"
      }
    },
    {
      "package": {
        "name": "org.springframework.data:spring-data-commons",
        "ecosystem": "Maven",
        "purl": "pkg:maven/org.springframework.data/spring-data-commons"
      },
      "ranges": [
        {
          "type": "ECOSYSTEM",
          "events": [
            {
              "introduced": "2.0.0"
            },
            {
              "fixed": "2.0.6"
            }
          ]
        }
      ],
      "versions": [
        "2.0.0.RELEASE",
        "2.0.1.RELEASE",
        "2.0.2.RELEASE",
        "2.0.3.RELEASE",
        "2.0.4.RELEASE",
        "2.0.5.RELEASE"
      ],
      "database_specific": {
        "source": "https://github.com/github/advisory-database/blob/main/advisories/github-reviewed/2018/10/GHSA-4fq3-mr56-cg6r/GHSA-4fq3-mr56-cg6r.json"
      }
    }
  ],
  "schema_version": "1.4.0",
  "severity": [
    {
      "type": "CVSS_V3",
      "score": "CVSS:3.0/AV:N/AC:L/PR:N/UI:N/S:U/C:H/I:H/A:H"
    }
  ]
}