{
  "id": "GHSA-4487-x383-qpph",
  "summary": "Possible privilege escalation in org.springframework:spring-core",
  "details": "Spring Framework, versions 5.0 prior to 5.0.5 and versions 4.3 prior to 4.3.15 and older unsupported versions, provide client-side support for multipart requests. When Spring MVC or Spring WebFlux server application (server A) receives input from a remote client, and then uses that input to make a multipart request to another server (server B), it can be exposed to an attack, where an extra multipart is inserted in the content of the request from server A, causing server B to use the wrong value for a part it expects. This could to lead privilege escalation, for example, if the part content represents a username or user roles.",
  "aliases": [
    "CVE-2018-1272"
  ],
  "modified": "2023-04-11T01:40:40.252415Z",
  "published": "2018-10-17T20:27:47Z",
  "database_specific": {
    "nvd_published_at": "2018-04-06T13:29:00Z",
    "github_reviewed_at": "2020-06-16T20:57:17Z",
    "severity": "HIGH",
    "github_reviewed": true,
    "cwe_ids": []
  },
  "references": [
    {
      "type": "ADVISORY",
      "url": "https://nvd.nist.gov/vuln/detail/CVE-2018-1272"
    },
    {
      "type": "WEB",
      "url": "https://access.redhat.com/errata/RHSA-2018:1320"
    },
    {
      "type": "WEB",
      "url": "https://access.redhat.com/errata/RHSA-2018:2669"
    },
    {
      "type": "ADVISORY",
      "url": "https://github.com/advisories/GHSA-4487-x383-qpph"
    },
    {
      "type": "WEB",
      "url": "https://pivotal.io/security/cve-2018-1272"
    },
    {
      "type": "WEB",
      "url": "https://www.oracle.com/security-alerts/cpujul2020.html"
    },
    {
      "type": "WEB",
      "url": "https://www.oracle.com/security-alerts/cpuoct2021.html"
    },
    {
      "type": "WEB",
      "url": "https://www.oracle.com/technetwork/security-advisory/cpujan2019-5072801.html"
    },
    {
      "type": "WEB",
      "url": "https://www.oracle.com/technetwork/security-advisory/cpujul2019-5072835.html"
    },
    {
      "type": "WEB",
      "url": "http://www.oracle.com/technetwork/security-advisory/cpujul2018-4258247.html"
    },
    {
      "type": "WEB",
      "url": "http://www.oracle.com/technetwork/security-advisory/cpuoct2018-4428296.html"
    },
    {
      "type": "WEB",
      "url": "http://www.securityfocus.com/bid/103697"
    }
  ],
  "affected": [
    {
      "package": {
        "name": "org.springframework:spring-core",
        "ecosystem": "Maven",
        "purl": "pkg:maven/org.springframework/spring-core"
      },
      "ranges": [
        {
          "type": "ECOSYSTEM",
          "events": [
            {
              "introduced": "0"
            },
            {
              "fixed": "4.3.15"
            }
          ]
        }
      ],
      "versions": [
        "1.0",
        "1.0-rc1",
        "1.0.1",
        "1.1",
        "1.1-rc1",
        "1.1-rc2",
        "1.1.1",
        "1.1.2",
        "1.1.3",
        "1.1.4",
        "1.1.5",
        "1.2",
        "1.2-rc1",
        "1.2-rc2",
        "1.2.1",
        "1.2.2",
        "1.2.3",
        "1.2.4",
        "1.2.5",
        "1.2.6",
        "1.2.7",
        "1.2.8",
        "1.2.9",
        "2.0",
        "2.0-m1",
        "2.0-m2",
        "2.0-m3",
        "2.0-m4",
        "2.0-m5",
        "2.0-rc1",
        "2.0-rc2",
        "2.0.1",
        "2.0.2",
        "2.0.3",
        "2.0.4",
        "2.0.5",
        "2.0.6",
        "2.0.7",
        "2.0.8",
        "2.5",
        "2.5.1",
        "2.5.2",
        "2.5.3",
        "2.5.4",
        "2.5.5",
        "2.5.6",
        "2.5.6.SEC01",
        "2.5.6.SEC02",
        "2.5.6.SEC03",
        "3.0.0.RELEASE",
        "3.0.1.RELEASE",
        "3.0.2.RELEASE",
        "3.0.3.RELEASE",
        "3.0.4.RELEASE",
        "3.0.5.RELEASE",
        "3.0.6.RELEASE",
        "3.0.7.RELEASE",
        "3.1.0.RELEASE",
        "3.1.1.RELEASE",
        "3.1.2.RELEASE",
        "3.1.3.RELEASE",
        "3.1.4.RELEASE",
        "3.2.0.RELEASE",
        "3.2.1.RELEASE",
        "3.2.10.RELEASE",
        "3.2.11.RELEASE",
        "3.2.12.RELEASE",
        "3.2.13.RELEASE",
        "3.2.14.RELEASE",
        "3.2.15.RELEASE",
        "3.2.16.RELEASE",
        "3.2.17.RELEASE",
        "3.2.18.RELEASE",
        "3.2.2.RELEASE",
        "3.2.3.RELEASE",
        "3.2.4.RELEASE",
        "3.2.5.RELEASE",
        "3.2.6.RELEASE",
        "3.2.7.RELEASE",
        "3.2.8.RELEASE",
        "3.2.9.RELEASE",
        "4.0.0.RELEASE",
        "4.0.1.RELEASE",
        "4.0.2.RELEASE",
        "4.0.3.RELEASE",
        "4.0.4.RELEASE",
        "4.0.5.RELEASE",
        "4.0.6.RELEASE",
        "4.0.7.RELEASE",
        "4.0.8.RELEASE",
        "4.0.9.RELEASE",
        "4.1.0.RELEASE",
        "4.1.1.RELEASE",
        "4.1.2.RELEASE",
        "4.1.3.RELEASE",
        "4.1.4.RELEASE",
        "4.1.5.RELEASE",
        "4.1.6.RELEASE",
        "4.1.7.RELEASE",
        "4.1.8.RELEASE",
        "4.1.9.RELEASE",
        "4.2.0.RELEASE",
        "4.2.1.RELEASE",
        "4.2.2.RELEASE",
        "4.2.3.RELEASE",
        "4.2.4.RELEASE",
        "4.2.5.RELEASE",
        "4.2.6.RELEASE",
        "4.2.7.RELEASE",
        "4.2.8.RELEASE",
        "4.2.9.RELEASE",
        "4.3.0.RELEASE",
        "4.3.1.RELEASE",
        "4.3.10.RELEASE",
        "4.3.11.RELEASE",
        "4.3.12.RELEASE",
        "4.3.13.RELEASE",
        "4.3.14.RELEASE",
        "4.3.2.RELEASE",
        "4.3.3.RELEASE",
        "4.3.4.RELEASE",
        "4.3.5.RELEASE",
        "4.3.6.RELEASE",
        "4.3.7.RELEASE",
        "4.3.8.RELEASE",
        "4.3.9.RELEASE"
      ],
      "database_specific": {
        "source": "https://github.com/github/advisory-database/blob/main/advisories/github-reviewed/2018/10/GHSA-4487-x383-qpph/GHSA-4487-x383-qpph.json"
      }
    },
    {
      "package": {
        "name": "org.springframework:spring-core",
        "ecosystem": "Maven",
        "purl": "pkg:maven/org.springframework/spring-core"
      },
      "ranges": [
        {
          "type": "ECOSYSTEM",
          "events": [
            {
              "introduced": "5.0.0"
            },
            {
              "fixed": "5.0.5"
            }
          ]
        }
      ],
      "versions": [
        "5.0.0.RELEASE",
        "5.0.1.RELEASE",
        "5.0.2.RELEASE",
        "5.0.3.RELEASE",
        "5.0.4.RELEASE"
      ],
      "database_specific": {
        "source": "https://github.com/github/advisory-database/blob/main/advisories/github-reviewed/2018/10/GHSA-4487-x383-qpph/GHSA-4487-x383-qpph.json"
      }
    }
  ],
  "schema_version": "1.4.0",
  "severity": [
    {
      "type": "CVSS_V3",
      "score": "CVSS:3.0/AV:N/AC:H/PR:L/UI:N/S:U/C:H/I:H/A:H"
    }
  ]
}