{
  "id": "GHSA-2c5c-fhr8-pwh9",
  "summary": "Jenkins AppSpider Plugin missing permission check",
  "details": "Jenkins AppSpider Plugin 1.0.15 and earlier does not perform a permission check in a method implementing form validation.\n\nThis allows attackers with Overall/Read permission to connect to an attacker-specified URL and send an HTTP POST request with a JSON payload consisting of attacker-specified credentials.\n\nAdditionally, this form validation method does not require POST requests, resulting in a cross-site request forgery (CSRF) vulnerability.\n\nAppSpider Plugin 1.0.16 requires POST requests and Overall/Administer permission for the affected form validation method.",
  "aliases": [
    "CVE-2023-32999"
  ],
  "modified": "2023-06-02T22:39:18.297754Z",
  "published": "2023-05-16T18:30:16Z",
  "database_specific": {
    "nvd_published_at": null,
    "cwe_ids": [
      "CWE-276"
    ],
    "severity": "MODERATE",
    "github_reviewed": true,
    "github_reviewed_at": "2023-05-17T03:37:09Z"
  },
  "references": [
    {
      "type": "ADVISORY",
      "url": "https://nvd.nist.gov/vuln/detail/CVE-2023-32999"
    },
    {
      "type": "PACKAGE",
      "url": "https://github.com/jenkinsci/appspider-build-scanner-plugin"
    },
    {
      "type": "WEB",
      "url": "https://www.jenkins.io/security/advisory/2023-05-16/#SECURITY-3121"
    }
  ],
  "affected": [
    {
      "package": {
        "name": "com.rapid7:jenkinsci-appspider-plugin",
        "ecosystem": "Maven",
        "purl": "pkg:maven/com.rapid7/jenkinsci-appspider-plugin"
      },
      "ranges": [
        {
          "type": "ECOSYSTEM",
          "events": [
            {
              "introduced": "0"
            },
            {
              "fixed": "1.0.16"
            }
          ]
        }
      ],
      "versions": [
        "1.0.10",
        "1.0.11",
        "1.0.12",
        "1.0.13",
        "1.0.14",
        "1.0.15",
        "1.0.2",
        "1.0.3",
        "1.0.4",
        "1.0.5",
        "1.0.6",
        "1.0.7",
        "1.0.8"
      ],
      "database_specific": {
        "last_known_affected_version_range": "<= 1.0.15",
        "source": "https://github.com/github/advisory-database/blob/main/advisories/github-reviewed/2023/05/GHSA-2c5c-fhr8-pwh9/GHSA-2c5c-fhr8-pwh9.json"
      }
    }
  ],
  "schema_version": "1.4.0",
  "severity": [
    {
      "type": "CVSS_V3",
      "score": "CVSS:3.1/AV:N/AC:L/PR:L/UI:N/S:U/C:N/I:L/A:N"
    }
  ]
}