{
  "id": "GHSA-2hpg-vwqj-6h6w",
  "summary": "Authentication bypass in Apache Kylin",
  "details": "Apache Kylin 2.0.0, 2.1.0, 2.2.0, 2.3.0, 2.3.1, 2.3.2, 2.4.0, 2.4.1, 2.5.0, 2.5.1, 2.5.2, 2.6.0, 2.6.1, 2.6.2, 2.6.3, 2.6.4, 2.6.5, 2.6.6, 3.0.0-alpha, 3.0.0-alpha2, 3.0.0-beta, 3.0.0, 3.0.1, 3.0.2, 3.1.0, 4.0.0-alpha has one restful api which exposed Kylin's configuration information without any authentication, so it is dangerous because some confidential information entries will be disclosed to everyone.",
  "aliases": [
    "CVE-2020-13937"
  ],
  "modified": "2023-04-11T01:35:02.419017Z",
  "published": "2022-02-10T20:25:56Z",
  "database_specific": {
    "nvd_published_at": "2020-10-19T21:15:00Z",
    "github_reviewed_at": "2021-04-22T21:41:07Z",
    "severity": "MODERATE",
    "github_reviewed": true,
    "cwe_ids": [
      "CWE-922"
    ]
  },
  "references": [
    {
      "type": "ADVISORY",
      "url": "https://nvd.nist.gov/vuln/detail/CVE-2020-13937"
    },
    {
      "type": "WEB",
      "url": "https://lists.apache.org/thread.html/rc592e0dcee5a2615f1d9522af30ef1822c1f863d5e05e7da9d1e57f4%40%3Cuser.kylin.apache.org%3E"
    }
  ],
  "affected": [
    {
      "package": {
        "name": "org.apache.kylin:kylin",
        "ecosystem": "Maven",
        "purl": "pkg:maven/org.apache.kylin/kylin"
      },
      "ranges": [
        {
          "type": "ECOSYSTEM",
          "events": [
            {
              "introduced": "0"
            },
            {
              "fixed": "3.1.1"
            }
          ]
        }
      ],
      "versions": [
        "0.7.1-incubating",
        "0.7.2-incubating",
        "1.0-incubating",
        "1.1-incubating",
        "1.1.1-incubating",
        "1.2",
        "1.3.0",
        "1.5.0",
        "1.5.1",
        "1.5.2",
        "1.5.2.1",
        "1.5.3",
        "1.5.4",
        "1.5.4.1",
        "1.6.0",
        "2.0.0",
        "2.1.0",
        "2.2.0",
        "2.3.0",
        "2.3.1",
        "2.3.2",
        "2.4.0",
        "2.4.1",
        "2.5.0",
        "2.5.1",
        "2.5.2",
        "2.6.0",
        "2.6.1",
        "2.6.2",
        "2.6.3",
        "2.6.4",
        "2.6.5",
        "2.6.6",
        "3.0.0",
        "3.0.0-alpha",
        "3.0.0-alpha2",
        "3.0.1",
        "3.0.2",
        "3.1.0"
      ],
      "database_specific": {
        "source": "https://github.com/github/advisory-database/blob/main/advisories/github-reviewed/2022/02/GHSA-2hpg-vwqj-6h6w/GHSA-2hpg-vwqj-6h6w.json"
      }
    },
    {
      "package": {
        "name": "org.apache.kylin:kylin",
        "ecosystem": "Maven",
        "purl": "pkg:maven/org.apache.kylin/kylin"
      },
      "ranges": [
        {
          "type": "ECOSYSTEM",
          "events": [
            {
              "introduced": "4.0.0-alpha"
            },
            {
              "fixed": "4.0.0-beta"
            }
          ]
        }
      ],
      "versions": [
        "4.0.0-alpha"
      ],
      "database_specific": {
        "source": "https://github.com/github/advisory-database/blob/main/advisories/github-reviewed/2022/02/GHSA-2hpg-vwqj-6h6w/GHSA-2hpg-vwqj-6h6w.json"
      }
    }
  ],
  "schema_version": "1.4.0",
  "severity": [
    {
      "type": "CVSS_V3",
      "score": "CVSS:3.1/AV:N/AC:L/PR:N/UI:N/S:U/C:L/I:N/A:N"
    }
  ]
}