{
  "id": "GHSA-4c7h-f2j9-9c46",
  "summary": "Missing permission Phoenix AutoTest Plugin",
  "details": "A missing permission check in Jenkins Pipeline: Phoenix AutoTest Plugin 1.3 and earlier allows attackers with Overall/Read permission to enumerate credentials IDs of credentials stored in Jenkins.",
  "aliases": [
    "CVE-2022-28158"
  ],
  "modified": "2023-04-11T01:28:28.949094Z",
  "published": "2022-03-30T00:00:21Z",
  "database_specific": {
    "nvd_published_at": "2022-03-29T13:15:00Z",
    "github_reviewed_at": "2022-04-05T19:50:57Z",
    "severity": "MODERATE",
    "github_reviewed": true,
    "cwe_ids": [
      "CWE-862"
    ]
  },
  "references": [
    {
      "type": "ADVISORY",
      "url": "https://nvd.nist.gov/vuln/detail/CVE-2022-28158"
    },
    {
      "type": "PACKAGE",
      "url": "https://github.com/jenkinsci/phoenix-autotest-plugin"
    },
    {
      "type": "WEB",
      "url": "https://www.jenkins.io/security/advisory/2022-03-29/#SECURITY-2685"
    },
    {
      "type": "WEB",
      "url": "http://www.openwall.com/lists/oss-security/2022/03/29/1"
    }
  ],
  "affected": [
    {
      "package": {
        "name": "com.surenpi.jenkins:phoenix-autotest",
        "ecosystem": "Maven",
        "purl": "pkg:maven/com.surenpi.jenkins/phoenix-autotest"
      },
      "ranges": [
        {
          "type": "ECOSYSTEM",
          "events": [
            {
              "introduced": "0"
            },
            {
              "last_affected": "1.3"
            }
          ]
        }
      ],
      "versions": [
        "1.0",
        "1.1",
        "1.2",
        "1.3"
      ],
      "database_specific": {
        "source": "https://github.com/github/advisory-database/blob/main/advisories/github-reviewed/2022/03/GHSA-4c7h-f2j9-9c46/GHSA-4c7h-f2j9-9c46.json"
      }
    }
  ],
  "schema_version": "1.4.0",
  "severity": [
    {
      "type": "CVSS_V3",
      "score": "CVSS:3.1/AV:N/AC:L/PR:L/UI:N/S:U/C:H/I:N/A:N"
    }
  ]
}