{
  "id": "GHSA-2jgw-28qh-6mg8",
  "summary": "Jenkins Quay.io trigger Plugin Cross-site Scripting vulnerability",
  "details": "Jenkins Quay.io trigger Plugin 0.1 and earlier does not limit URL schemes for repository homepage URLs submitted via Quay.io trigger webhooks. This results in a stored cross-site scripting (XSS) vulnerability exploitable by attackers able to submit crafted Quay.io trigger webhook payloads.",
  "aliases": [
    "CVE-2023-30520"
  ],
  "modified": "2023-04-21T20:05:22.371385Z",
  "published": "2023-04-12T18:30:36Z",
  "database_specific": {
    "nvd_published_at": "2023-04-12T18:15:00Z",
    "github_reviewed_at": "2023-04-12T22:18:02Z",
    "severity": "HIGH",
    "github_reviewed": true,
    "cwe_ids": [
      "CWE-79"
    ]
  },
  "references": [
    {
      "type": "ADVISORY",
      "url": "https://nvd.nist.gov/vuln/detail/CVE-2023-30520"
    },
    {
      "type": "WEB",
      "url": "https://www.jenkins.io/security/advisory/2023-04-12/#SECURITY-2850"
    },
    {
      "type": "WEB",
      "url": "http://www.openwall.com/lists/oss-security/2023/04/13/3"
    }
  ],
  "affected": [
    {
      "package": {
        "name": "org.jenkins-ci.plugins:quayio-trigger",
        "ecosystem": "Maven",
        "purl": "pkg:maven/org.jenkins-ci.plugins/quayio-trigger"
      },
      "ranges": [
        {
          "type": "ECOSYSTEM",
          "events": [
            {
              "introduced": "0"
            },
            {
              "last_affected": "0.1"
            }
          ]
        }
      ],
      "versions": [
        "0.1"
      ],
      "database_specific": {
        "source": "https://github.com/github/advisory-database/blob/main/advisories/github-reviewed/2023/04/GHSA-2jgw-28qh-6mg8/GHSA-2jgw-28qh-6mg8.json"
      }
    }
  ],
  "schema_version": "1.4.0",
  "severity": [
    {
      "type": "CVSS_V3",
      "score": "CVSS:3.1/AV:N/AC:L/PR:N/UI:R/S:U/C:H/I:H/A:H"
    }
  ]
}