{
  "id": "GHSA-3p9p-59qf-mqwh",
  "summary": "Apache InLong has Files or Directories Accessible to External Parties",
  "details": "Files or Directories Accessible to External Parties vulnerability in Apache Software Foundation Apache InLong. This issue affects Apache InLong from 1.2.0 through 1.6.0.The user in InLong could cancel an\u00a0application that doesn't belong to it.\u00a0Users are advised to upgrade to Apache InLong's 1.7.0 or cherry-pick https://github.com/apache/inlong/pull/7799 to solve it.\n\n\n",
  "aliases": [
    "CVE-2023-31064"
  ],
  "modified": "2023-07-06T23:30:50.224084Z",
  "published": "2023-07-06T21:14:59Z",
  "database_specific": {
    "nvd_published_at": null,
    "cwe_ids": [
      "CWE-552"
    ],
    "severity": "HIGH",
    "github_reviewed": true,
    "github_reviewed_at": "2023-07-06T23:27:00Z"
  },
  "references": [
    {
      "type": "ADVISORY",
      "url": "https://nvd.nist.gov/vuln/detail/CVE-2023-31064"
    },
    {
      "type": "WEB",
      "url": "https://github.com/apache/inlong/pull/7799"
    },
    {
      "type": "PACKAGE",
      "url": "https://github.com/apache/inlong"
    },
    {
      "type": "WEB",
      "url": "https://lists.apache.org/thread/1osd2k3t3qol2wdsswqtr9gxdkf78n00"
    }
  ],
  "affected": [
    {
      "package": {
        "name": "org.apache.inlong:manager-workflow",
        "ecosystem": "Maven",
        "purl": "pkg:maven/org.apache.inlong/manager-workflow"
      },
      "ranges": [
        {
          "type": "ECOSYSTEM",
          "events": [
            {
              "introduced": "1.2.0"
            },
            {
              "fixed": "1.7.0"
            }
          ]
        }
      ],
      "versions": [
        "1.2.0-incubating",
        "1.3.0",
        "1.4.0",
        "1.5.0",
        "1.6.0"
      ],
      "database_specific": {
        "source": "https://github.com/github/advisory-database/blob/main/advisories/github-reviewed/2023/07/GHSA-3p9p-59qf-mqwh/GHSA-3p9p-59qf-mqwh.json"
      }
    }
  ],
  "schema_version": "1.4.0",
  "severity": [
    {
      "type": "CVSS_V3",
      "score": "CVSS:3.1/AV:N/AC:L/PR:N/UI:N/S:U/C:N/I:H/A:N"
    }
  ]
}