{
  "id": "GHSA-2v9x-gpq4-8gg2",
  "summary": "CSRF vulnerability in Jenkins Shared Objects Plugin",
  "details": "A cross-site request forgery (CSRF) vulnerability in Jenkins Shared Objects Plugin 0.44 and earlier allows attackers to configure shared objects.",
  "aliases": [
    "CVE-2020-2296"
  ],
  "modified": "2023-04-11T01:37:08.088881Z",
  "published": "2022-05-24T17:30:18Z",
  "database_specific": {
    "nvd_published_at": "2020-10-08T13:15:00Z",
    "github_reviewed_at": "2022-12-21T18:51:18Z",
    "severity": "MODERATE",
    "github_reviewed": true,
    "cwe_ids": [
      "CWE-352"
    ]
  },
  "references": [
    {
      "type": "ADVISORY",
      "url": "https://nvd.nist.gov/vuln/detail/CVE-2020-2296"
    },
    {
      "type": "PACKAGE",
      "url": "https://github.com/jenkinsci/shared-objects-plugin"
    },
    {
      "type": "WEB",
      "url": "https://www.jenkins.io/security/advisory/2020-10-08/#SECURITY-2052"
    },
    {
      "type": "WEB",
      "url": "http://www.openwall.com/lists/oss-security/2020/10/08/5"
    }
  ],
  "affected": [
    {
      "package": {
        "name": "org.jenkins-ci.plugins:shared-objects",
        "ecosystem": "Maven",
        "purl": "pkg:maven/org.jenkins-ci.plugins/shared-objects"
      },
      "ranges": [
        {
          "type": "ECOSYSTEM",
          "events": [
            {
              "introduced": "0"
            },
            {
              "last_affected": "0.44"
            }
          ]
        }
      ],
      "versions": [
        "0.1",
        "0.10",
        "0.11",
        "0.12",
        "0.13",
        "0.14",
        "0.15",
        "0.16",
        "0.17",
        "0.18",
        "0.19",
        "0.2",
        "0.20",
        "0.21",
        "0.22",
        "0.23",
        "0.24",
        "0.25",
        "0.26",
        "0.27",
        "0.28",
        "0.29",
        "0.3",
        "0.30",
        "0.31",
        "0.32",
        "0.33",
        "0.34",
        "0.35",
        "0.36",
        "0.37",
        "0.38",
        "0.39",
        "0.4",
        "0.40",
        "0.41",
        "0.42",
        "0.43",
        "0.44",
        "0.5",
        "0.6",
        "0.7",
        "0.8",
        "0.9"
      ],
      "database_specific": {
        "source": "https://github.com/github/advisory-database/blob/main/advisories/github-reviewed/2022/05/GHSA-2v9x-gpq4-8gg2/GHSA-2v9x-gpq4-8gg2.json"
      }
    }
  ],
  "schema_version": "1.4.0",
  "severity": [
    {
      "type": "CVSS_V3",
      "score": "CVSS:3.1/AV:N/AC:L/PR:N/UI:R/S:U/C:N/I:L/A:N"
    }
  ]
}