{
  "id": "GHSA-3448-vfvv-xp9g",
  "summary": "Moderate severity vulnerability that affects org.apache.tika:tika-core",
  "details": "A carefully crafted or corrupt sqlite file can cause an infinite loop in Apache Tika's SQLite3Parser in versions 1.8-1.19.1 of Apache Tika.",
  "aliases": [
    "CVE-2018-17197"
  ],
  "modified": "2023-04-11T01:45:31.808468Z",
  "published": "2018-12-26T17:45:07Z",
  "database_specific": {
    "nvd_published_at": null,
    "github_reviewed_at": "2020-06-16T20:53:58Z",
    "severity": "MODERATE",
    "github_reviewed": true,
    "cwe_ids": [
      "CWE-835"
    ]
  },
  "references": [
    {
      "type": "ADVISORY",
      "url": "https://nvd.nist.gov/vuln/detail/CVE-2018-17197"
    },
    {
      "type": "ADVISORY",
      "url": "https://github.com/advisories/GHSA-3448-vfvv-xp9g"
    },
    {
      "type": "WEB",
      "url": "https://lists.apache.org/thread.html/7c021a4ea2037e52e74628e17e8e0e2acab1f447160edc8be0eae6d3@%3Cdev.tika.apache.org%3E"
    },
    {
      "type": "WEB",
      "url": "https://lists.apache.org/thread.html/r204ba2a9ea750f38d789d2bb429cc0925ad6133deea7cbc3001d96b5@%3Csolr-user.lucene.apache.org%3E"
    },
    {
      "type": "WEB",
      "url": "https://www.oracle.com/security-alerts/cpuapr2020.html"
    },
    {
      "type": "WEB",
      "url": "https://www.oracle.com/technetwork/security-advisory/cpujul2019-5072835.html"
    },
    {
      "type": "WEB",
      "url": "http://www.securityfocus.com/bid/106293"
    }
  ],
  "affected": [
    {
      "package": {
        "name": "org.apache.tika:tika-core",
        "ecosystem": "Maven",
        "purl": "pkg:maven/org.apache.tika/tika-core"
      },
      "ranges": [
        {
          "type": "ECOSYSTEM",
          "events": [
            {
              "introduced": "1.10"
            },
            {
              "fixed": "1.20"
            }
          ]
        }
      ],
      "versions": [
        "1.10",
        "1.11",
        "1.12",
        "1.13",
        "1.14",
        "1.15",
        "1.16",
        "1.17",
        "1.18",
        "1.19",
        "1.19.1"
      ],
      "database_specific": {
        "source": "https://github.com/github/advisory-database/blob/main/advisories/github-reviewed/2018/12/GHSA-3448-vfvv-xp9g/GHSA-3448-vfvv-xp9g.json"
      }
    }
  ],
  "schema_version": "1.4.0",
  "severity": [
    {
      "type": "CVSS_V3",
      "score": "CVSS:3.0/AV:N/AC:L/PR:N/UI:R/S:U/C:N/I:N/A:H"
    }
  ]
}