{
  "id": "GHSA-2474-2566-3qxp",
  "summary": "Apache Batik information disclosure vulnerability",
  "details": "Server-Side Request Forgery (SSRF) vulnerability in Apache Software Foundation Apache XML Graphics Batik.This issue affects Apache XML Graphics Batik: 1.16.\n\nA malicious SVG can probe user profile / data and send it directly as parameter to a URL.\n\n",
  "aliases": [
    "CVE-2022-44730"
  ],
  "modified": "2023-09-01T02:30:47.355090Z",
  "published": "2023-08-22T21:30:26Z",
  "database_specific": {
    "nvd_published_at": null,
    "cwe_ids": [
      "CWE-918"
    ],
    "severity": "MODERATE",
    "github_reviewed": true,
    "github_reviewed_at": "2023-08-23T17:51:53Z"
  },
  "references": [
    {
      "type": "ADVISORY",
      "url": "https://nvd.nist.gov/vuln/detail/CVE-2022-44730"
    },
    {
      "type": "WEB",
      "url": "https://github.com/apache/xmlgraphics-batik/commit/64658ccda90deaf6bf5f5b4d4a2ec365fe648bfa"
    },
    {
      "type": "WEB",
      "url": "https://github.com/apache/xmlgraphics-batik/commit/f9ae69233eadfbd392a4a08a55618f97343b467c"
    },
    {
      "type": "PACKAGE",
      "url": "https://github.com/apache/xmlgraphics-batik"
    },
    {
      "type": "WEB",
      "url": "https://issues.apache.org/jira/browse/BATIK-1347"
    },
    {
      "type": "WEB",
      "url": "https://lists.apache.org/thread/58m5817jr059f4v1zogh0fngj9pwjyj0"
    },
    {
      "type": "WEB",
      "url": "https://xmlgraphics.apache.org/security.html"
    },
    {
      "type": "WEB",
      "url": "http://www.openwall.com/lists/oss-security/2023/08/22/3"
    },
    {
      "type": "WEB",
      "url": "http://www.openwall.com/lists/oss-security/2023/08/22/5"
    }
  ],
  "affected": [
    {
      "package": {
        "name": "org.apache.xmlgraphics:batik-script",
        "ecosystem": "Maven",
        "purl": "pkg:maven/org.apache.xmlgraphics/batik-script"
      },
      "ranges": [
        {
          "type": "ECOSYSTEM",
          "events": [
            {
              "introduced": "1.0"
            },
            {
              "fixed": "1.17"
            }
          ]
        }
      ],
      "versions": [
        "1.10",
        "1.11",
        "1.12",
        "1.13",
        "1.14",
        "1.15",
        "1.16",
        "1.6.1",
        "1.7",
        "1.8",
        "1.9",
        "1.9.1"
      ],
      "ecosystem_specific": {
        "affected_functions": [
          ""
        ]
      },
      "database_specific": {
        "source": "https://github.com/github/advisory-database/blob/main/advisories/github-reviewed/2023/08/GHSA-2474-2566-3qxp/GHSA-2474-2566-3qxp.json"
      }
    }
  ],
  "schema_version": "1.4.0",
  "severity": [
    {
      "type": "CVSS_V3",
      "score": "CVSS:3.1/AV:L/AC:L/PR:N/UI:R/S:U/C:L/I:L/A:N"
    }
  ]
}