{
  "id": "GHSA-4f48-qpch-4ppx",
  "summary": "Insecure Permissions issue in jeecg-boot",
  "details": "An Insecure Permissions issue in jeecg-boot 2.4.5 and earlier allows remote attackers to gain escalated privilege and view sensitive information via api uri: /sys/user/querySysUser?username=admin.",
  "aliases": [
    "CVE-2021-37305"
  ],
  "modified": "2023-02-10T00:04:36Z",
  "published": "2023-02-03T18:30:27Z",
  "database_specific": {
    "nvd_published_at": "2023-02-03T18:15:00Z",
    "github_reviewed_at": "2023-02-04T00:30:23Z",
    "severity": "HIGH",
    "github_reviewed": true,
    "cwe_ids": [
      "CWE-732"
    ]
  },
  "references": [
    {
      "type": "ADVISORY",
      "url": "https://nvd.nist.gov/vuln/detail/CVE-2021-37305"
    },
    {
      "type": "WEB",
      "url": "https://github.com/jeecgboot/jeecg-boot/issues/2794"
    },
    {
      "type": "PACKAGE",
      "url": "https://github.com/jeecgboot/jeecg-boot"
    }
  ],
  "affected": [
    {
      "package": {
        "name": "org.jeecgframework.boot:jeecg-boot-base",
        "ecosystem": "Maven",
        "purl": "pkg:maven/org.jeecgframework.boot/jeecg-boot-base"
      },
      "ranges": [
        {
          "type": "ECOSYSTEM",
          "events": [
            {
              "introduced": "0"
            },
            {
              "last_affected": "2.4.5"
            }
          ]
        }
      ],
      "database_specific": {
        "source": "https://github.com/github/advisory-database/blob/main/advisories/github-reviewed/2023/02/GHSA-4f48-qpch-4ppx/GHSA-4f48-qpch-4ppx.json"
      },
      "versions": []
    }
  ],
  "schema_version": "1.4.0",
  "severity": [
    {
      "type": "CVSS_V3",
      "score": "CVSS:3.1/AV:N/AC:L/PR:N/UI:N/S:U/C:H/I:N/A:N"
    }
  ]
}