{
  "id": "GHSA-293v-5329-36wp",
  "summary": "MCMS vulnerable to arbitrary code execution via crafted thumbnail",
  "details": "File upload vulnerability in MCMS 5.0 allows attackers to execute arbitrary code via a crafted thumbnail. A different vulnerability than CVE-2022-31943.",
  "aliases": [
    "CVE-2020-22755"
  ],
  "modified": "2023-05-15T13:46:24.507343Z",
  "published": "2023-05-08T15:30:18Z",
  "database_specific": {
    "nvd_published_at": null,
    "cwe_ids": [
      "CWE-434"
    ],
    "severity": "HIGH",
    "github_reviewed": true,
    "github_reviewed_at": "2023-05-11T20:34:22Z"
  },
  "references": [
    {
      "type": "ADVISORY",
      "url": "https://nvd.nist.gov/vuln/detail/CVE-2020-22755"
    },
    {
      "type": "WEB",
      "url": "https://github.com/ming-soft/MCMS/issues/42"
    },
    {
      "type": "PACKAGE",
      "url": "https://github.com/ming-soft/MCMS"
    }
  ],
  "affected": [
    {
      "package": {
        "name": "net.mingsoft:ms-mcms",
        "ecosystem": "Maven",
        "purl": "pkg:maven/net.mingsoft/ms-mcms"
      },
      "ranges": [
        {
          "type": "ECOSYSTEM",
          "events": [
            {
              "introduced": "0"
            },
            {
              "last_affected": "5.0.0"
            }
          ]
        }
      ],
      "versions": [
        "4.6.3-SNAPSHOTS",
        "4.6.5",
        "4.7.1",
        "4.7.2",
        "5.0.0"
      ],
      "database_specific": {
        "source": "https://github.com/github/advisory-database/blob/main/advisories/github-reviewed/2023/05/GHSA-293v-5329-36wp/GHSA-293v-5329-36wp.json"
      }
    }
  ],
  "schema_version": "1.4.0",
  "severity": [
    {
      "type": "CVSS_V3",
      "score": "CVSS:3.1/AV:N/AC:L/PR:L/UI:N/S:U/C:H/I:H/A:H"
    }
  ]
}