{
  "id": "GHSA-3g9q-cmgv-g4p6",
  "summary": "Arbitrary file read vulnerability in Jenkins Pipeline Utility Steps Plugin",
  "details": "Pipeline Utility Steps Plugin implements a `readProperties` Pipeline step that supports interpolation of variables using the Apache Commons Configuration library.\n\nPipeline Utility Steps Plugin 2.13.1 and earlier does not restrict the set of enabled prefix interpolators and bundles versions of this library that enable the `file:` prefix interpolator by default.\n\nThis allows attackers able to configure Pipelines to read arbitrary files from the Jenkins controller file system.\n\nPipeline Utility Steps Plugin 2.13.2 restricts the set of prefix interpolators enabled by default to `base64Decoder:`, `base64Encoder:`, `date:`, `urlDecoder:`, and `urlEncoder:`.\n\nAdministrators can set the [Java system property](https://www.jenkins.io/doc/book/managing/system-properties/) `org.jenkinsci.plugins.pipeline.utility.steps.conf.ReadPropertiesStepExecution.CUSTOM_PREFIX_INTERPOLATOR_LOOKUPS` to customize which prefix interpolators are enabled.",
  "aliases": [
    "CVE-2022-45381"
  ],
  "modified": "2023-04-11T01:38:05.358333Z",
  "published": "2022-11-16T12:00:22Z",
  "database_specific": {
    "nvd_published_at": "2022-11-15T20:15:00Z",
    "github_reviewed_at": "2022-11-21T22:21:17Z",
    "severity": "HIGH",
    "github_reviewed": true,
    "cwe_ids": [
      "CWE-22"
    ]
  },
  "references": [
    {
      "type": "ADVISORY",
      "url": "https://nvd.nist.gov/vuln/detail/CVE-2022-45381"
    },
    {
      "type": "PACKAGE",
      "url": "https://github.com/jenkinsci/pipeline-utility-steps-plugin"
    },
    {
      "type": "WEB",
      "url": "https://www.jenkins.io/security/advisory/2022-11-15/#SECURITY-2949"
    }
  ],
  "affected": [
    {
      "package": {
        "name": "org.jenkins-ci.plugins:pipeline-utility-steps",
        "ecosystem": "Maven",
        "purl": "pkg:maven/org.jenkins-ci.plugins/pipeline-utility-steps"
      },
      "ranges": [
        {
          "type": "ECOSYSTEM",
          "events": [
            {
              "introduced": "0"
            },
            {
              "fixed": "2.13.2"
            }
          ]
        }
      ],
      "versions": [
        "1.0",
        "1.1",
        "1.1.1",
        "1.1.2",
        "1.1.3",
        "1.1.4",
        "1.1.5",
        "1.1.6",
        "1.2.0",
        "1.2.1",
        "1.2.2",
        "1.3.0",
        "1.4.0",
        "1.4.1",
        "1.5.0",
        "1.5.1",
        "2.0",
        "2.0.1",
        "2.0.2",
        "2.1.0",
        "2.10.0",
        "2.11.0",
        "2.12.0",
        "2.12.1",
        "2.12.2",
        "2.13.0",
        "2.13.1",
        "2.2.0",
        "2.3.0",
        "2.3.1",
        "2.4.0",
        "2.5.0",
        "2.6.0",
        "2.6.1",
        "2.7.0",
        "2.7.1",
        "2.8.0",
        "2.9.0"
      ],
      "database_specific": {
        "last_known_affected_version_range": "<= 2.13.1",
        "source": "https://github.com/github/advisory-database/blob/main/advisories/github-reviewed/2022/11/GHSA-3g9q-cmgv-g4p6/GHSA-3g9q-cmgv-g4p6.json"
      }
    }
  ],
  "schema_version": "1.4.0",
  "severity": [
    {
      "type": "CVSS_V3",
      "score": "CVSS:3.1/AV:N/AC:L/PR:N/UI:N/S:U/C:H/I:N/A:N"
    }
  ]
}