{
  "id": "GHSA-2m9w-9xh2-wxc3",
  "summary": "Link Following in Jenkins Pipeline Multibranch Plugin",
  "details": "Jenkins Pipeline: Multibranch Plugin prior to 2.23.1, 2.26.1, 696.698.v9b4218eea50f, and 707.v71c3f0a_6ccdb_ follows symbolic links to locations outside of the checkout directory for the configured SCM when reading files using the readTrusted step, allowing attackers able to configure Pipelines permission to read arbitrary files on the Jenkins controller file system.",
  "aliases": [
    "CVE-2022-25179"
  ],
  "modified": "2023-05-24T15:05:52.941240Z",
  "published": "2022-02-16T00:01:33Z",
  "database_specific": {
    "nvd_published_at": "2022-02-15T17:15:00Z",
    "cwe_ids": [
      "CWE-59"
    ],
    "severity": "MODERATE",
    "github_reviewed": true,
    "github_reviewed_at": "2022-02-25T20:40:40Z"
  },
  "references": [
    {
      "type": "ADVISORY",
      "url": "https://nvd.nist.gov/vuln/detail/CVE-2022-25179"
    },
    {
      "type": "WEB",
      "url": "https://github.com/CVEProject/cvelist/blob/00bfb5abeecc9f553a2f42954ee540e493498ee9/2022/25xxx/CVE-2022-25179.json"
    },
    {
      "type": "WEB",
      "url": "https://www.jenkins.io/security/advisory/2022-02-15/#SECURITY-2613"
    }
  ],
  "affected": [
    {
      "package": {
        "name": "org.jenkins-ci.plugins.workflow:workflow-multibranch",
        "ecosystem": "Maven",
        "purl": "pkg:maven/org.jenkins-ci.plugins.workflow/workflow-multibranch"
      },
      "ranges": [
        {
          "type": "ECOSYSTEM",
          "events": [
            {
              "introduced": "2.24"
            },
            {
              "fixed": "2.26.1"
            }
          ]
        }
      ],
      "versions": [
        "2.24",
        "2.25",
        "2.26"
      ],
      "database_specific": {
        "source": "https://github.com/github/advisory-database/blob/main/advisories/github-reviewed/2022/02/GHSA-2m9w-9xh2-wxc3/GHSA-2m9w-9xh2-wxc3.json"
      }
    },
    {
      "package": {
        "name": "org.jenkins-ci.plugins.workflow:workflow-multibranch",
        "ecosystem": "Maven",
        "purl": "pkg:maven/org.jenkins-ci.plugins.workflow/workflow-multibranch"
      },
      "ranges": [
        {
          "type": "ECOSYSTEM",
          "events": [
            {
              "introduced": "0"
            },
            {
              "fixed": "2.23.1"
            }
          ]
        }
      ],
      "versions": [
        "1.11",
        "1.11-beta-1",
        "1.11-beta-2",
        "1.11-beta-3",
        "1.12",
        "1.12-beta-1",
        "1.12-beta-2",
        "1.12-beta-3",
        "1.13",
        "1.14",
        "1.14-beta-1",
        "1.14.1",
        "1.14.1-beta-1",
        "1.14.2",
        "1.15",
        "1.15-beta-1",
        "1.9-beta-1",
        "1.9-beta-2",
        "2.0",
        "2.1",
        "2.10",
        "2.10-beta-1",
        "2.11",
        "2.11-beta-1",
        "2.12",
        "2.13",
        "2.14",
        "2.15",
        "2.16",
        "2.17",
        "2.17-durability-beta-1",
        "2.17-durability-beta-2",
        "2.18",
        "2.19",
        "2.2",
        "2.20",
        "2.21",
        "2.22",
        "2.23",
        "2.3",
        "2.4",
        "2.5",
        "2.6",
        "2.7",
        "2.8",
        "2.9",
        "2.9.1",
        "2.9.2"
      ],
      "database_specific": {
        "source": "https://github.com/github/advisory-database/blob/main/advisories/github-reviewed/2022/02/GHSA-2m9w-9xh2-wxc3/GHSA-2m9w-9xh2-wxc3.json"
      }
    },
    {
      "package": {
        "name": "org.jenkins-ci.plugins.workflow:workflow-multibranch",
        "ecosystem": "Maven",
        "purl": "pkg:maven/org.jenkins-ci.plugins.workflow/workflow-multibranch"
      },
      "ranges": [
        {
          "type": "ECOSYSTEM",
          "events": [
            {
              "introduced": "696.v52535c46f4c9"
            },
            {
              "fixed": "696.698.v9b4218eea50f"
            }
          ]
        }
      ],
      "versions": [
        "696.v52535c46f4c9"
      ],
      "database_specific": {
        "source": "https://github.com/github/advisory-database/blob/main/advisories/github-reviewed/2022/02/GHSA-2m9w-9xh2-wxc3/GHSA-2m9w-9xh2-wxc3.json"
      }
    },
    {
      "package": {
        "name": "org.jenkins-ci.plugins.workflow:workflow-multibranch",
        "ecosystem": "Maven",
        "purl": "pkg:maven/org.jenkins-ci.plugins.workflow/workflow-multibranch"
      },
      "ranges": [
        {
          "type": "ECOSYSTEM",
          "events": [
            {
              "introduced": "706.vd43c65dec013"
            },
            {
              "fixed": "707.v71c3f0a"
            }
          ]
        }
      ],
      "versions": [
        "706.vd43c65dec013"
      ],
      "database_specific": {
        "source": "https://github.com/github/advisory-database/blob/main/advisories/github-reviewed/2022/02/GHSA-2m9w-9xh2-wxc3/GHSA-2m9w-9xh2-wxc3.json"
      }
    }
  ],
  "schema_version": "1.4.0",
  "severity": [
    {
      "type": "CVSS_V3",
      "score": "CVSS:3.1/AV:N/AC:L/PR:L/UI:N/S:U/C:H/I:N/A:N"
    }
  ]
}