{
  "id": "GHSA-29ph-fjf3-c5cm",
  "summary": "Apache NiFi XSS issue in context path handling",
  "details": "A malicious `X-ProxyContextPath` or `X-Forwarded-Context` header containing external resources or embedded code could cause remote code execution. The fix to properly handle these headers was applied on the Apache NiFi 1.5.0 release. Users running a prior 1.x release should upgrade to the appropriate release.",
  "aliases": [
    "CVE-2017-15697"
  ],
  "modified": "2023-04-11T01:47:36.195339Z",
  "published": "2022-05-14T03:45:22Z",
  "database_specific": {
    "nvd_published_at": "2018-01-23T22:29:00Z",
    "github_reviewed_at": "2022-11-01T22:11:54Z",
    "severity": "CRITICAL",
    "github_reviewed": true,
    "cwe_ids": [
      "CWE-20"
    ]
  },
  "references": [
    {
      "type": "ADVISORY",
      "url": "https://nvd.nist.gov/vuln/detail/CVE-2017-15697"
    },
    {
      "type": "WEB",
      "url": "https://nifi.apache.org/security.html#CVE-2017-15697"
    }
  ],
  "affected": [
    {
      "package": {
        "name": "org.apache.nifi:nifi",
        "ecosystem": "Maven",
        "purl": "pkg:maven/org.apache.nifi/nifi"
      },
      "ranges": [
        {
          "type": "ECOSYSTEM",
          "events": [
            {
              "introduced": "1.0.0"
            },
            {
              "fixed": "1.5.0"
            }
          ]
        }
      ],
      "versions": [
        "1.0.0",
        "1.0.1",
        "1.1.0",
        "1.1.1",
        "1.1.2",
        "1.2.0",
        "1.3.0",
        "1.4.0"
      ],
      "database_specific": {
        "source": "https://github.com/github/advisory-database/blob/main/advisories/github-reviewed/2022/05/GHSA-29ph-fjf3-c5cm/GHSA-29ph-fjf3-c5cm.json"
      }
    }
  ],
  "schema_version": "1.4.0",
  "severity": [
    {
      "type": "CVSS_V3",
      "score": "CVSS:3.0/AV:N/AC:L/PR:N/UI:N/S:U/C:H/I:H/A:H"
    }
  ]
}