{
  "id": "GHSA-2qp9-wg27-9pcv",
  "summary": "Nimbus JOSE+JWT missing overflow check",
  "details": "In Nimbus JOSE+JWT before 4.39, there is no integer-overflow check when converting length values from bytes to bits, which allows attackers to conduct HMAC bypass attacks by shifting Additional Authenticated Data (AAD) and ciphertext so that different plaintext is obtained for the same HMAC.",
  "aliases": [
    "CVE-2017-12972"
  ],
  "modified": "2023-04-11T01:43:51.555133Z",
  "published": "2022-05-13T01:30:32Z",
  "database_specific": {
    "nvd_published_at": "2017-08-20T16:29:00Z",
    "github_reviewed_at": "2022-11-08T22:28:09Z",
    "severity": "HIGH",
    "github_reviewed": true,
    "cwe_ids": [
      "CWE-345"
    ]
  },
  "references": [
    {
      "type": "ADVISORY",
      "url": "https://nvd.nist.gov/vuln/detail/CVE-2017-12972"
    },
    {
      "type": "WEB",
      "url": "https://bitbucket.org/connect2id/nimbus-jose-jwt/commits/0d2bd649ea386539220d4facfe1f65eb1dadb86c"
    },
    {
      "type": "WEB",
      "url": "https://bitbucket.org/connect2id/nimbus-jose-jwt/issues/224/byte-to-bit-overflow-in-cbc"
    },
    {
      "type": "WEB",
      "url": "https://bitbucket.org/connect2id/nimbus-jose-jwt/src/master/CHANGELOG.txt"
    },
    {
      "type": "WEB",
      "url": "https://lists.apache.org/thread.html/9317fd092b257a0815434b116a8af8daea6e920b6673f4fd5583d5fe@%3Ccommits.druid.apache.org%3E"
    }
  ],
  "affected": [
    {
      "package": {
        "name": "com.nimbusds:nimbus-jose-jwt",
        "ecosystem": "Maven",
        "purl": "pkg:maven/com.nimbusds/nimbus-jose-jwt"
      },
      "ranges": [
        {
          "type": "ECOSYSTEM",
          "events": [
            {
              "introduced": "0"
            },
            {
              "fixed": "4.39"
            }
          ]
        }
      ],
      "versions": [
        "2.10",
        "2.10.1",
        "2.11.0",
        "2.12.0",
        "2.13.0",
        "2.13.1",
        "2.14.0",
        "2.15.0",
        "2.15.1",
        "2.15.2",
        "2.16",
        "2.17",
        "2.17.1",
        "2.17.2",
        "2.18",
        "2.18.1",
        "2.18.2",
        "2.19",
        "2.19.1",
        "2.20",
        "2.21",
        "2.22",
        "2.22.1",
        "2.23",
        "2.24",
        "2.25",
        "2.26",
        "2.26.1",
        "2.9",
        "3.0",
        "3.1",
        "3.1.1",
        "3.1.2",
        "3.10",
        "3.2",
        "3.2.1",
        "3.2.2",
        "3.3",
        "3.4",
        "3.5",
        "3.6",
        "3.7",
        "3.8",
        "3.8.1",
        "3.8.2",
        "3.9",
        "3.9.1",
        "3.9.2",
        "4.0",
        "4.0-rc1",
        "4.0-rc2",
        "4.0-rc3",
        "4.0-rc4",
        "4.0.1",
        "4.1",
        "4.1.1",
        "4.10",
        "4.11",
        "4.11.1",
        "4.11.2",
        "4.12",
        "4.13",
        "4.13.1",
        "4.14",
        "4.15",
        "4.15.1",
        "4.16",
        "4.16.1",
        "4.16.2",
        "4.17",
        "4.18",
        "4.19",
        "4.2",
        "4.20",
        "4.21",
        "4.22",
        "4.23",
        "4.24",
        "4.25",
        "4.26",
        "4.26.1",
        "4.27",
        "4.27.1",
        "4.28",
        "4.29",
        "4.3",
        "4.3.1",
        "4.30",
        "4.31.1",
        "4.32",
        "4.33",
        "4.34",
        "4.34.1",
        "4.34.2",
        "4.35",
        "4.36",
        "4.36.1",
        "4.37",
        "4.37.1",
        "4.38",
        "4.4",
        "4.5",
        "4.6",
        "4.7",
        "4.8",
        "4.9"
      ],
      "database_specific": {
        "source": "https://github.com/github/advisory-database/blob/main/advisories/github-reviewed/2022/05/GHSA-2qp9-wg27-9pcv/GHSA-2qp9-wg27-9pcv.json"
      }
    }
  ],
  "schema_version": "1.4.0",
  "severity": [
    {
      "type": "CVSS_V3",
      "score": "CVSS:3.0/AV:N/AC:L/PR:N/UI:N/S:U/C:N/I:H/A:N"
    }
  ]
}