{
  "id": "GHSA-2rr8-9c6g-8j5c",
  "summary": "Missing Authorization in Crafter CMS",
  "details": "In Crafter CMS Crafter Studio 3.0 prior to 3.0.1 an IDOR vulnerability exists which allows unauthenticated attackers to view and modify administrative data.",
  "aliases": [
    "CVE-2017-15680"
  ],
  "modified": "2023-04-11T01:44:19.896420Z",
  "published": "2022-05-24T17:34:59Z",
  "database_specific": {
    "nvd_published_at": "2020-11-27T18:15:00Z",
    "github_reviewed_at": "2022-06-03T15:51:33Z",
    "severity": "MODERATE",
    "github_reviewed": true,
    "cwe_ids": [
      "CWE-862"
    ]
  },
  "references": [
    {
      "type": "ADVISORY",
      "url": "https://nvd.nist.gov/vuln/detail/CVE-2017-15680"
    },
    {
      "type": "WEB",
      "url": "https://docs.craftercms.org/en/3.0/security/advisory.html"
    }
  ],
  "affected": [
    {
      "package": {
        "name": "org.craftercms:crafter-core",
        "ecosystem": "Maven",
        "purl": "pkg:maven/org.craftercms/crafter-core"
      },
      "ranges": [
        {
          "type": "ECOSYSTEM",
          "events": [
            {
              "introduced": "3.0.0"
            },
            {
              "fixed": "3.0.1"
            }
          ]
        }
      ],
      "versions": [
        "3.0.0"
      ],
      "database_specific": {
        "source": "https://github.com/github/advisory-database/blob/main/advisories/github-reviewed/2022/05/GHSA-2rr8-9c6g-8j5c/GHSA-2rr8-9c6g-8j5c.json"
      }
    }
  ],
  "schema_version": "1.4.0",
  "severity": [
    {
      "type": "CVSS_V3",
      "score": "CVSS:3.1/AV:N/AC:L/PR:N/UI:N/S:U/C:L/I:L/A:N"
    }
  ]
}