{
  "id": "GHSA-49f2-j3pp-22jm",
  "summary": "Jenkins Tag Profiler Plugin vulnerable to Cross-Site Request Forgery",
  "details": "Jenkins Tag Profiler Plugin 0.2 and earlier does not perform a permission check in an HTTP endpoint.\n\nThis allows attackers with Overall/Read permission to reset profiler statistics.\n\nAdditionally, this HTTP endpoint does not require POST requests, resulting in a cross-site request forgery (CSRF) vulnerability.\n\nAs of publication of this advisory, there is no fix.",
  "aliases": [
    "CVE-2023-33003"
  ],
  "modified": "2023-05-25T21:45:56.799906Z",
  "published": "2023-05-16T18:30:16Z",
  "database_specific": {
    "nvd_published_at": null,
    "cwe_ids": [
      "CWE-352"
    ],
    "severity": "MODERATE",
    "github_reviewed": true,
    "github_reviewed_at": "2023-05-17T03:47:59Z"
  },
  "references": [
    {
      "type": "ADVISORY",
      "url": "https://nvd.nist.gov/vuln/detail/CVE-2023-33003"
    },
    {
      "type": "WEB",
      "url": "https://www.jenkins.io/security/advisory/2023-05-16/#SECURITY-3083"
    }
  ],
  "affected": [
    {
      "package": {
        "name": "org.jenkins-ci.plugins:tag-profiler",
        "ecosystem": "Maven",
        "purl": "pkg:maven/org.jenkins-ci.plugins/tag-profiler"
      },
      "ranges": [
        {
          "type": "ECOSYSTEM",
          "events": [
            {
              "introduced": "0"
            },
            {
              "last_affected": "0.2"
            }
          ]
        }
      ],
      "versions": [
        "0.1",
        "0.2"
      ],
      "database_specific": {
        "source": "https://github.com/github/advisory-database/blob/main/advisories/github-reviewed/2023/05/GHSA-49f2-j3pp-22jm/GHSA-49f2-j3pp-22jm.json"
      }
    }
  ],
  "schema_version": "1.4.0",
  "severity": [
    {
      "type": "CVSS_V3",
      "score": "CVSS:3.1/AV:N/AC:L/PR:L/UI:N/S:U/C:N/I:L/A:N"
    }
  ]
}