{
  "id": "GHSA-2g56-7jv7-wxxq",
  "summary": "Missing Cryptographic Step in OWASP Enterprise Security API for Java",
  "details": "The authenticated-encryption feature in the symmetric-encryption implementation in the OWASP Enterprise Security API (ESAPI) for Java 2.x before 2.1.0.1 does not properly resist tampering with serialized ciphertext, which makes it easier for remote attackers to bypass intended cryptographic protection mechanisms via an attack against the intended cipher mode in a non-default configuration, a different vulnerability than CVE-2013-5679.",
  "aliases": [
    "CVE-2013-5960"
  ],
  "modified": "2023-04-11T01:43:04.369026Z",
  "published": "2022-05-14T01:37:06Z",
  "database_specific": {
    "nvd_published_at": "2013-09-30T17:09:00Z",
    "github_reviewed_at": "2022-07-08T19:39:44Z",
    "severity": "MODERATE",
    "github_reviewed": true,
    "cwe_ids": [
      "CWE-325"
    ]
  },
  "references": [
    {
      "type": "ADVISORY",
      "url": "https://nvd.nist.gov/vuln/detail/CVE-2013-5960"
    },
    {
      "type": "WEB",
      "url": "https://github.com/ESAPI/esapi-java-legacy/issues/359"
    },
    {
      "type": "WEB",
      "url": "https://github.com/esapi/esapi-java-legacy/issues/306"
    },
    {
      "type": "WEB",
      "url": "https://github.com/ESAPI/esapi-java-legacy/blob/master/documentation/esapi4java-core-2.1.0.1-release-notes.txt"
    },
    {
      "type": "WEB",
      "url": "http://code.google.com/p/owasp-esapi-java/issues/detail?id=306"
    },
    {
      "type": "WEB",
      "url": "http://lists.owasp.org/pipermail/esapi-dev/2013-August/002285.html"
    },
    {
      "type": "WEB",
      "url": "http://owasp-esapi-java.googlecode.com/svn/trunk/documentation/ESAPI-security-bulletin1.pdf"
    }
  ],
  "affected": [
    {
      "package": {
        "name": "org.owasp.esapi:esapi",
        "ecosystem": "Maven",
        "purl": "pkg:maven/org.owasp.esapi/esapi"
      },
      "ranges": [
        {
          "type": "ECOSYSTEM",
          "events": [
            {
              "introduced": "2.0.0.0"
            },
            {
              "fixed": "2.1.0.1"
            }
          ]
        }
      ],
      "versions": [
        "2.0.1",
        "2.0GA",
        "2.0_rc10",
        "2.0_rc11",
        "2.0_rc9",
        "2.1.0"
      ],
      "database_specific": {
        "last_known_affected_version_range": "<= 2.1.0.0",
        "source": "https://github.com/github/advisory-database/blob/main/advisories/github-reviewed/2022/05/GHSA-2g56-7jv7-wxxq/GHSA-2g56-7jv7-wxxq.json"
      }
    }
  ],
  "schema_version": "1.4.0"
}