{
  "id": "GHSA-384c-gg34-g96h",
  "summary": "Incorrect Authorization in Getahead Direct Web Remoting",
  "details": "Getahead Direct Web Remoting (DWR) before 1.1.4 allows attackers to obtain unauthorized access to public methods via a crafted request that bypasses the include/exclude checks.",
  "aliases": [
    "CVE-2007-0184"
  ],
  "modified": "2022-07-06T19:51:48Z",
  "published": "2022-05-01T17:42:17Z",
  "database_specific": {
    "nvd_published_at": "2007-01-12T05:04:00Z",
    "github_reviewed_at": "2022-07-06T19:51:48Z",
    "severity": "HIGH",
    "github_reviewed": true,
    "cwe_ids": [
      "CWE-863"
    ]
  },
  "references": [
    {
      "type": "ADVISORY",
      "url": "https://nvd.nist.gov/vuln/detail/CVE-2007-0184"
    },
    {
      "type": "WEB",
      "url": "https://exchange.xforce.ibmcloud.com/vulnerabilities/31377"
    },
    {
      "type": "WEB",
      "url": "http://lists.opensuse.org/opensuse-security-announce/2009-02/msg00002.html"
    }
  ],
  "affected": [
    {
      "package": {
        "name": "org.directwebremoting:dwr",
        "ecosystem": "Maven",
        "purl": "pkg:maven/org.directwebremoting/dwr"
      },
      "ranges": [
        {
          "type": "ECOSYSTEM",
          "events": [
            {
              "introduced": "0"
            },
            {
              "fixed": "1.1.4"
            }
          ]
        }
      ],
      "database_specific": {
        "source": "https://github.com/github/advisory-database/blob/main/advisories/github-reviewed/2022/05/GHSA-384c-gg34-g96h/GHSA-384c-gg34-g96h.json"
      },
      "versions": []
    }
  ],
  "schema_version": "1.4.0",
  "severity": [
    {
      "type": "CVSS_V3",
      "score": "CVSS:3.1/AV:N/AC:L/PR:N/UI:N/S:U/C:L/I:L/A:L"
    }
  ]
}