{
  "id": "GHSA-322x-jv5h-cvjh",
  "summary": "Jenkins Ansible Plugin man in the middle vulnerability",
  "details": "A man in the middle vulnerability exists in Jenkins Ansible Plugin 0.8 and older in `AbstractAnsibleInvocation.java`, `AnsibleAdHocCommandBuilder.java`, `AnsibleAdHocCommandInvocationTest.java`, `AnsibleContext.java`, `AnsibleJobDslExtension.java`, `AnsiblePlaybookBuilder.java`, `AnsiblePlaybookStep.java` that disables host key verification by default. Ansible Plugin 1.0 now enables host key verification by default, adding options allowing users to opt out.",
  "aliases": [
    "CVE-2018-1000149"
  ],
  "modified": "2023-04-11T01:49:23.083607Z",
  "published": "2022-05-13T01:18:44Z",
  "database_specific": {
    "nvd_published_at": "2018-04-05T13:29:00Z",
    "github_reviewed_at": "2022-12-06T21:53:17Z",
    "severity": "MODERATE",
    "github_reviewed": true,
    "cwe_ids": []
  },
  "references": [
    {
      "type": "ADVISORY",
      "url": "https://nvd.nist.gov/vuln/detail/CVE-2018-1000149"
    },
    {
      "type": "WEB",
      "url": "https://jenkins.io/security/advisory/2018-03-26/#SECURITY-630"
    }
  ],
  "affected": [
    {
      "package": {
        "name": "org.jenkins-ci.plugins:ansible",
        "ecosystem": "Maven",
        "purl": "pkg:maven/org.jenkins-ci.plugins/ansible"
      },
      "ranges": [
        {
          "type": "ECOSYSTEM",
          "events": [
            {
              "introduced": "0"
            },
            {
              "fixed": "1.0"
            }
          ]
        }
      ],
      "versions": [
        "0.1",
        "0.2",
        "0.3",
        "0.3.1",
        "0.4",
        "0.5",
        "0.6.1",
        "0.6.2",
        "0.8"
      ],
      "database_specific": {
        "last_known_affected_version_range": "<= 0.8",
        "source": "https://github.com/github/advisory-database/blob/main/advisories/github-reviewed/2022/05/GHSA-322x-jv5h-cvjh/GHSA-322x-jv5h-cvjh.json"
      }
    }
  ],
  "schema_version": "1.4.0",
  "severity": [
    {
      "type": "CVSS_V3",
      "score": "CVSS:3.0/AV:N/AC:H/PR:N/UI:N/S:U/C:L/I:L/A:L"
    }
  ]
}