{
  "id": "GHSA-23vv-v25h-qwqw",
  "summary": "Improper Input Validation in Apache Axis2",
  "details": "Apache Axis2 before 1.5.2, as used in IBM WebSphere Application Server (WAS) 7.0 through 7.0.0.12, IBM Feature Pack for Web Services 6.1.0.9 through 6.1.0.32, IBM Feature Pack for Web 2.0 1.0.1.0, Apache Synapse, Apache ODE, Apache Tuscany, Apache Geronimo, and other products, does not properly reject DTDs in SOAP messages, which allows remote attackers to read arbitrary files, send HTTP requests to intranet servers, or cause a denial of service (CPU and memory consumption) via a crafted DTD, as demonstrated by an entity declaration in a request to the Synapse SimpleStockQuoteService.",
  "aliases": [
    "CVE-2010-1632"
  ],
  "modified": "2022-07-08T18:56:43Z",
  "published": "2022-05-17T02:22:43Z",
  "database_specific": {
    "nvd_published_at": "2010-06-22T20:30:00Z",
    "github_reviewed_at": "2022-07-08T18:56:43Z",
    "severity": "HIGH",
    "github_reviewed": true,
    "cwe_ids": [
      "CWE-20"
    ]
  },
  "references": [
    {
      "type": "ADVISORY",
      "url": "https://nvd.nist.gov/vuln/detail/CVE-2010-1632"
    },
    {
      "type": "WEB",
      "url": "https://h20566.www2.hpe.com/portal/site/hpsc/public/kb/docDisplay?docId=emr_na-c05289984"
    },
    {
      "type": "WEB",
      "url": "https://issues.apache.org/jira/browse/AXIS2-4450"
    },
    {
      "type": "WEB",
      "url": "https://issues.apache.org/jira/browse/GERONIMO-5383"
    },
    {
      "type": "WEB",
      "url": "https://svn.apache.org/repos/asf/axis/axis2/java/core/security/CVE-2010-1632.pdf"
    },
    {
      "type": "WEB",
      "url": "http://geronimo.apache.org/2010/07/21/apache-geronimo-v216-released.html"
    },
    {
      "type": "WEB",
      "url": "http://geronimo.apache.org/21x-security-report.html"
    },
    {
      "type": "WEB",
      "url": "http://geronimo.apache.org/22x-security-report.html"
    },
    {
      "type": "WEB",
      "url": "http://markmail.org/message/e4yiij7lfexastvl"
    }
  ],
  "affected": [
    {
      "package": {
        "name": "org.apache.axis2.wso2:axis2",
        "ecosystem": "Maven",
        "purl": "pkg:maven/org.apache.axis2.wso2/axis2"
      },
      "ranges": [
        {
          "type": "ECOSYSTEM",
          "events": [
            {
              "introduced": "0"
            },
            {
              "fixed": "1.5.2"
            }
          ]
        }
      ],
      "database_specific": {
        "source": "https://github.com/github/advisory-database/blob/main/advisories/github-reviewed/2022/05/GHSA-23vv-v25h-qwqw/GHSA-23vv-v25h-qwqw.json"
      },
      "versions": []
    }
  ],
  "schema_version": "1.4.0"
}