{
  "id": "GHSA-3533-rvpc-6x56",
  "summary": "Exposure of Sensitive Information to an Unauthorized Actor in Spring Security",
  "details": "DaoAuthenticationProvider in VMware SpringSource Spring Security before 2.0.8, 3.0.x before 3.0.8, and 3.1.x before 3.1.3 does not check the password if the user is not found, which makes the response delay shorter and might allow remote attackers to enumerate valid usernames via a series of login requests.",
  "aliases": [
    "CVE-2012-5055"
  ],
  "modified": "2023-04-11T01:26:21.297114Z",
  "published": "2022-05-17T05:17:30Z",
  "database_specific": {
    "nvd_published_at": "2012-12-05T17:55:00Z",
    "github_reviewed_at": "2022-07-13T15:36:12Z",
    "severity": "MODERATE",
    "github_reviewed": true,
    "cwe_ids": [
      "CWE-200"
    ]
  },
  "references": [
    {
      "type": "ADVISORY",
      "url": "https://nvd.nist.gov/vuln/detail/CVE-2012-5055"
    },
    {
      "type": "WEB",
      "url": "http://support.springsource.com/security/CVE-2012-5055"
    }
  ],
  "affected": [
    {
      "package": {
        "name": "org.springframework.security:spring-security-core",
        "ecosystem": "Maven",
        "purl": "pkg:maven/org.springframework.security/spring-security-core"
      },
      "ranges": [
        {
          "type": "ECOSYSTEM",
          "events": [
            {
              "introduced": "0"
            },
            {
              "fixed": "2.0.8"
            }
          ]
        }
      ],
      "versions": [
        "2.0.0",
        "2.0.1",
        "2.0.2",
        "2.0.3",
        "2.0.4",
        "2.0.5.RELEASE",
        "2.0.6.RELEASE",
        "2.0.7.RELEASE"
      ],
      "database_specific": {
        "source": "https://github.com/github/advisory-database/blob/main/advisories/github-reviewed/2022/05/GHSA-3533-rvpc-6x56/GHSA-3533-rvpc-6x56.json"
      }
    },
    {
      "package": {
        "name": "org.springframework.security:spring-security-core",
        "ecosystem": "Maven",
        "purl": "pkg:maven/org.springframework.security/spring-security-core"
      },
      "ranges": [
        {
          "type": "ECOSYSTEM",
          "events": [
            {
              "introduced": "3.0.0"
            },
            {
              "fixed": "3.0.8"
            }
          ]
        }
      ],
      "versions": [
        "3.0.0.RELEASE",
        "3.0.1.RELEASE",
        "3.0.2.RELEASE",
        "3.0.3.RELEASE",
        "3.0.4.RELEASE",
        "3.0.5.RELEASE",
        "3.0.6.RELEASE",
        "3.0.7.RELEASE"
      ],
      "database_specific": {
        "source": "https://github.com/github/advisory-database/blob/main/advisories/github-reviewed/2022/05/GHSA-3533-rvpc-6x56/GHSA-3533-rvpc-6x56.json"
      }
    },
    {
      "package": {
        "name": "org.springframework.security:spring-security-core",
        "ecosystem": "Maven",
        "purl": "pkg:maven/org.springframework.security/spring-security-core"
      },
      "ranges": [
        {
          "type": "ECOSYSTEM",
          "events": [
            {
              "introduced": "3.1.0"
            },
            {
              "fixed": "3.1.3"
            }
          ]
        }
      ],
      "versions": [
        "3.1.0.RELEASE",
        "3.1.1.RELEASE",
        "3.1.2.RELEASE"
      ],
      "database_specific": {
        "source": "https://github.com/github/advisory-database/blob/main/advisories/github-reviewed/2022/05/GHSA-3533-rvpc-6x56/GHSA-3533-rvpc-6x56.json"
      }
    }
  ],
  "schema_version": "1.4.0"
}