{
  "id": "GHSA-38w4-q97c-xh4x",
  "summary": "Cross-site Scripting in Jenkins Random String Parameter Plugin",
  "details": "Jenkins Random String Parameter Plugin 1.0 and earlier does not escape the name and description of Random String parameters on views displaying parameters, resulting in a stored cross-site scripting (XSS) vulnerability exploitable by attackers with Item/Configure permission.",
  "aliases": [
    "CVE-2022-30966"
  ],
  "modified": "2023-06-30T20:34:43.524422Z",
  "published": "2022-05-18T00:00:41Z",
  "database_specific": {
    "nvd_published_at": "2022-05-17T15:15:00Z",
    "cwe_ids": [
      "CWE-116",
      "CWE-79"
    ],
    "severity": "MODERATE",
    "github_reviewed": true,
    "github_reviewed_at": "2022-06-01T21:14:21Z"
  },
  "references": [
    {
      "type": "ADVISORY",
      "url": "https://nvd.nist.gov/vuln/detail/CVE-2022-30966"
    },
    {
      "type": "PACKAGE",
      "url": "https://github.com/jenkinsci/random-string-parameter-plugin"
    },
    {
      "type": "WEB",
      "url": "https://www.jenkins.io/security/advisory/2022-05-17/#SECURITY-2717"
    }
  ],
  "affected": [
    {
      "package": {
        "name": "org.jenkins-ci.plugins:random-string-parameter",
        "ecosystem": "Maven",
        "purl": "pkg:maven/org.jenkins-ci.plugins/random-string-parameter"
      },
      "ranges": [
        {
          "type": "ECOSYSTEM",
          "events": [
            {
              "introduced": "0"
            },
            {
              "last_affected": "1.0"
            }
          ]
        }
      ],
      "versions": [
        "1.0"
      ],
      "database_specific": {
        "source": "https://github.com/github/advisory-database/blob/main/advisories/github-reviewed/2022/05/GHSA-38w4-q97c-xh4x/GHSA-38w4-q97c-xh4x.json"
      }
    }
  ],
  "schema_version": "1.4.0",
  "severity": [
    {
      "type": "CVSS_V3",
      "score": "CVSS:3.1/AV:N/AC:L/PR:L/UI:R/S:C/C:L/I:L/A:N"
    }
  ]
}