{
  "id": "GHSA-23qf-3jf9-h3q9",
  "summary": "Apache NiFi Insufficient Property Validation vulnerability",
  "details": "Apache NiFi 1.21.0 through 1.23.0 support JDBC and JNDI JMS access in several Processors and Controller Services with connection URL validation that does not provide sufficient protection against crafted inputs. An authenticated and authorized user can bypass connection URL validation using custom input formatting. The resolution enhances connection URL validation and introduces validation for additional related properties. Upgrading to Apache NiFi 1.23.1 is the recommended mitigation.\n",
  "aliases": [
    "CVE-2023-40037"
  ],
  "modified": "2023-08-23T20:16:10.990964Z",
  "published": "2023-08-19T00:30:29Z",
  "database_specific": {
    "nvd_published_at": null,
    "cwe_ids": [
      "CWE-184",
      "CWE-697"
    ],
    "severity": "MODERATE",
    "github_reviewed": true,
    "github_reviewed_at": "2023-08-21T20:16:05Z"
  },
  "references": [
    {
      "type": "ADVISORY",
      "url": "https://nvd.nist.gov/vuln/detail/CVE-2023-40037"
    },
    {
      "type": "WEB",
      "url": "https://github.com/apache/nifi/pull/7586"
    },
    {
      "type": "WEB",
      "url": "https://github.com/apache/nifi/commit/064550aacc189f39d7ddd2c0446068adf250f1bf"
    },
    {
      "type": "PACKAGE",
      "url": "https://github.com/apache/nifi"
    },
    {
      "type": "WEB",
      "url": "https://issues.apache.org/jira/browse/NIFI-11920"
    },
    {
      "type": "WEB",
      "url": "https://lists.apache.org/thread/bqbjlrs2p5ghh8sbk5nsxb8xpf9l687q"
    },
    {
      "type": "WEB",
      "url": "https://nifi.apache.org/security.html#CVE-2023-40037"
    },
    {
      "type": "WEB",
      "url": "http://www.openwall.com/lists/oss-security/2023/08/18/2"
    }
  ],
  "affected": [
    {
      "package": {
        "name": "org.apache.nifi:nifi-dbcp-base",
        "ecosystem": "Maven",
        "purl": "pkg:maven/org.apache.nifi/nifi-dbcp-base"
      },
      "ranges": [
        {
          "type": "ECOSYSTEM",
          "events": [
            {
              "introduced": "1.21.0"
            },
            {
              "fixed": "1.23.1"
            }
          ]
        }
      ],
      "versions": [
        "1.21.0",
        "1.22.0",
        "1.23.0"
      ],
      "ecosystem_specific": {
        "affected_functions": [
          ""
        ]
      },
      "database_specific": {
        "source": "https://github.com/github/advisory-database/blob/main/advisories/github-reviewed/2023/08/GHSA-23qf-3jf9-h3q9/GHSA-23qf-3jf9-h3q9.json"
      }
    },
    {
      "package": {
        "name": "org.apache.nifi:nifi-jms-processors",
        "ecosystem": "Maven",
        "purl": "pkg:maven/org.apache.nifi/nifi-jms-processors"
      },
      "ranges": [
        {
          "type": "ECOSYSTEM",
          "events": [
            {
              "introduced": "1.21.0"
            },
            {
              "fixed": "1.23.1"
            }
          ]
        }
      ],
      "versions": [
        "1.21.0",
        "1.22.0",
        "1.23.0"
      ],
      "ecosystem_specific": {
        "affected_functions": [
          ""
        ]
      },
      "database_specific": {
        "source": "https://github.com/github/advisory-database/blob/main/advisories/github-reviewed/2023/08/GHSA-23qf-3jf9-h3q9/GHSA-23qf-3jf9-h3q9.json"
      }
    },
    {
      "package": {
        "name": "org.apache.nifi:nifi-dbcp-service-api",
        "ecosystem": "Maven",
        "purl": "pkg:maven/org.apache.nifi/nifi-dbcp-service-api"
      },
      "ranges": [
        {
          "type": "ECOSYSTEM",
          "events": [
            {
              "introduced": "1.21.0"
            },
            {
              "fixed": "1.23.1"
            }
          ]
        }
      ],
      "versions": [
        "1.21.0",
        "1.22.0",
        "1.23.0"
      ],
      "ecosystem_specific": {
        "affected_functions": [
          ""
        ]
      },
      "database_specific": {
        "source": "https://github.com/github/advisory-database/blob/main/advisories/github-reviewed/2023/08/GHSA-23qf-3jf9-h3q9/GHSA-23qf-3jf9-h3q9.json"
      }
    },
    {
      "package": {
        "name": "org.apache.nifi:nifi-dbcp-service-bundle",
        "ecosystem": "Maven",
        "purl": "pkg:maven/org.apache.nifi/nifi-dbcp-service-bundle"
      },
      "ranges": [
        {
          "type": "ECOSYSTEM",
          "events": [
            {
              "introduced": "1.21.0"
            },
            {
              "fixed": "1.23.1"
            }
          ]
        }
      ],
      "versions": [
        "1.21.0",
        "1.22.0",
        "1.23.0"
      ],
      "ecosystem_specific": {
        "affected_functions": [
          ""
        ]
      },
      "database_specific": {
        "source": "https://github.com/github/advisory-database/blob/main/advisories/github-reviewed/2023/08/GHSA-23qf-3jf9-h3q9/GHSA-23qf-3jf9-h3q9.json"
      }
    }
  ],
  "schema_version": "1.4.0",
  "severity": [
    {
      "type": "CVSS_V3",
      "score": "CVSS:3.1/AV:N/AC:L/PR:L/UI:N/S:U/C:N/I:H/A:N"
    }
  ]
}