{
  "id": "GHSA-3g8j-jj54-3vjg",
  "summary": "Apache Struts is vulnerable to Cross-site Scripting",
  "details": "Multiple cross-site scripting (XSS) vulnerabilities in Apache Struts 2.3.15.3 allow remote attackers to inject arbitrary web script or HTML via the namespace parameter to (1) actionNames.action and (2) showConfig.action in `config-browser/`.",
  "aliases": [
    "CVE-2013-6348"
  ],
  "modified": "2023-08-15T19:19:20.464729Z",
  "published": "2022-05-17T04:57:18Z",
  "database_specific": {
    "nvd_published_at": "2013-11-02T21:55:00Z",
    "cwe_ids": [
      "CWE-79"
    ],
    "severity": "MODERATE",
    "github_reviewed": true,
    "github_reviewed_at": "2022-11-03T20:32:19Z"
  },
  "references": [
    {
      "type": "ADVISORY",
      "url": "https://nvd.nist.gov/vuln/detail/CVE-2013-6348"
    },
    {
      "type": "PACKAGE",
      "url": "https://github.com/apache/struts"
    },
    {
      "type": "WEB",
      "url": "https://issues.apache.org/jira/browse/WW-4213"
    },
    {
      "type": "WEB",
      "url": "https://security-tracker.debian.org/tracker/CVE-2013-6348"
    },
    {
      "type": "WEB",
      "url": "https://svn.apache.org/viewvc?view=revision&revision=1533354"
    },
    {
      "type": "WEB",
      "url": "https://ubuntu.com/security/CVE-2013-6348"
    },
    {
      "type": "WEB",
      "url": "http://packetstormsecurity.com/files/123805/Struts-2.3.15.3-Cross-Site-Scripting.html"
    },
    {
      "type": "WEB",
      "url": "http://seclists.org/fulldisclosure/2013/Oct/244"
    }
  ],
  "affected": [
    {
      "package": {
        "name": "org.apache.struts:struts2-core",
        "ecosystem": "Maven",
        "purl": "pkg:maven/org.apache.struts/struts2-core"
      },
      "ranges": [
        {
          "type": "ECOSYSTEM",
          "events": [
            {
              "introduced": "0"
            },
            {
              "fixed": "2.3.16"
            }
          ]
        }
      ],
      "versions": [
        "2.0.11",
        "2.0.11.1",
        "2.0.11.2",
        "2.0.12",
        "2.0.14",
        "2.0.5",
        "2.0.6",
        "2.0.8",
        "2.0.9",
        "2.1.2",
        "2.1.6",
        "2.1.8",
        "2.1.8.1",
        "2.2.1",
        "2.2.1.1",
        "2.2.3",
        "2.2.3.1",
        "2.3.1",
        "2.3.1.1",
        "2.3.1.2",
        "2.3.12",
        "2.3.14",
        "2.3.14.1",
        "2.3.14.2",
        "2.3.14.3",
        "2.3.15",
        "2.3.15.1",
        "2.3.15.2",
        "2.3.15.3",
        "2.3.3",
        "2.3.4",
        "2.3.4.1",
        "2.3.7",
        "2.3.8"
      ],
      "ecosystem_specific": {
        "affected_functions": [
          ""
        ]
      },
      "database_specific": {
        "source": "https://github.com/github/advisory-database/blob/main/advisories/github-reviewed/2022/05/GHSA-3g8j-jj54-3vjg/GHSA-3g8j-jj54-3vjg.json"
      }
    }
  ],
  "schema_version": "1.4.0"
}