{
  "id": "GHSA-298m-hvgh-x9cw",
  "summary": "Alluxio Cross Site Scripting vulnerability",
  "details": "Cross Site Scripting vulnerability in Alluxio v.1.8.1 allows a remote attacker to executea arbitrary code via the path parameter in the browse board component.",
  "aliases": [
    "CVE-2020-21485"
  ],
  "modified": "2023-06-27T22:29:03.642951Z",
  "published": "2023-06-20T15:31:09Z",
  "database_specific": {
    "nvd_published_at": null,
    "cwe_ids": [
      "CWE-79"
    ],
    "severity": "MODERATE",
    "github_reviewed": true,
    "github_reviewed_at": "2023-06-21T22:09:49Z"
  },
  "references": [
    {
      "type": "ADVISORY",
      "url": "https://nvd.nist.gov/vuln/detail/CVE-2020-21485"
    },
    {
      "type": "WEB",
      "url": "https://github.com/Alluxio/alluxio/issues/10552"
    },
    {
      "type": "PACKAGE",
      "url": "https://github.com/Alluxio/alluxio"
    }
  ],
  "affected": [
    {
      "package": {
        "name": "org.alluxio:alluxio-parent",
        "ecosystem": "Maven",
        "purl": "pkg:maven/org.alluxio/alluxio-parent"
      },
      "ranges": [
        {
          "type": "ECOSYSTEM",
          "events": [
            {
              "introduced": "0"
            },
            {
              "last_affected": "1.8.1"
            }
          ]
        }
      ],
      "versions": [
        "1.0.0",
        "1.0.1",
        "1.1.0",
        "1.1.1",
        "1.2.0",
        "1.3.0",
        "1.4.0",
        "1.5.0",
        "1.6.0",
        "1.6.1",
        "1.7.0",
        "1.7.1",
        "1.8.0",
        "1.8.1"
      ],
      "database_specific": {
        "source": "https://github.com/github/advisory-database/blob/main/advisories/github-reviewed/2023/06/GHSA-298m-hvgh-x9cw/GHSA-298m-hvgh-x9cw.json"
      }
    }
  ],
  "schema_version": "1.4.0",
  "severity": [
    {
      "type": "CVSS_V3",
      "score": "CVSS:3.1/AV:N/AC:L/PR:N/UI:R/S:C/C:L/I:L/A:N"
    }
  ]
}