{
  "id": "GHSA-4644-hg35-55m9",
  "summary": "Concurrent Execution using Shared Resource with Improper Synchronization in Spring Security",
  "details": "Race condition in the RunAsManager mechanism in VMware SpringSource Spring Security before 2.0.7 and 3.0.x before 3.0.6 stores the Authentication object in the shared security context, which allows attackers to gain privileges via a crafted thread.",
  "aliases": [
    "CVE-2011-2731"
  ],
  "modified": "2023-04-11T01:47:37.876705Z",
  "published": "2022-05-17T04:59:50Z",
  "database_specific": {
    "nvd_published_at": "2012-12-05T17:55:00Z",
    "github_reviewed_at": "2022-07-13T17:46:37Z",
    "severity": "MODERATE",
    "github_reviewed": true,
    "cwe_ids": [
      "CWE-362"
    ]
  },
  "references": [
    {
      "type": "ADVISORY",
      "url": "https://nvd.nist.gov/vuln/detail/CVE-2011-2731"
    },
    {
      "type": "PACKAGE",
      "url": "https://github.com/spring-projects/spring-security"
    },
    {
      "type": "WEB",
      "url": "http://bugs.debian.org/cgi-bin/bugreport.cgi?bug=677814"
    },
    {
      "type": "WEB",
      "url": "http://support.springsource.com/security/cve-2011-2731"
    }
  ],
  "affected": [
    {
      "package": {
        "name": "org.springframework.security:spring-security-core",
        "ecosystem": "Maven",
        "purl": "pkg:maven/org.springframework.security/spring-security-core"
      },
      "ranges": [
        {
          "type": "ECOSYSTEM",
          "events": [
            {
              "introduced": "0"
            },
            {
              "fixed": "2.0.7"
            }
          ]
        }
      ],
      "versions": [
        "2.0.0",
        "2.0.1",
        "2.0.2",
        "2.0.3",
        "2.0.4",
        "2.0.5.RELEASE",
        "2.0.6.RELEASE"
      ],
      "database_specific": {
        "source": "https://github.com/github/advisory-database/blob/main/advisories/github-reviewed/2022/05/GHSA-4644-hg35-55m9/GHSA-4644-hg35-55m9.json"
      }
    },
    {
      "package": {
        "name": "org.springframework.security:spring-security-core",
        "ecosystem": "Maven",
        "purl": "pkg:maven/org.springframework.security/spring-security-core"
      },
      "ranges": [
        {
          "type": "ECOSYSTEM",
          "events": [
            {
              "introduced": "3.0.0"
            },
            {
              "fixed": "3.0.6"
            }
          ]
        }
      ],
      "versions": [
        "3.0.0.RELEASE",
        "3.0.1.RELEASE",
        "3.0.2.RELEASE",
        "3.0.3.RELEASE",
        "3.0.4.RELEASE",
        "3.0.5.RELEASE"
      ],
      "database_specific": {
        "source": "https://github.com/github/advisory-database/blob/main/advisories/github-reviewed/2022/05/GHSA-4644-hg35-55m9/GHSA-4644-hg35-55m9.json"
      }
    }
  ],
  "schema_version": "1.4.0"
}