{
  "id": "GHSA-22c6-3h88-26m3",
  "summary": "Ignite Realtime Openfire allows Cross-site Scripting",
  "details": "Ignite Realtime Openfire 4.4.1 allows XSS via the setup/setup-datasource-standard.jsp serverURL parameter. This issue was fixed in version 4.4.2.",
  "aliases": [
    "CVE-2019-20527"
  ],
  "modified": "2023-04-11T01:33:31.147335Z",
  "published": "2022-05-24T17:11:57Z",
  "database_specific": {
    "nvd_published_at": "2020-03-19T14:15:00Z",
    "github_reviewed_at": "2022-11-22T19:20:28Z",
    "severity": "MODERATE",
    "github_reviewed": true,
    "cwe_ids": [
      "CWE-79"
    ]
  },
  "references": [
    {
      "type": "ADVISORY",
      "url": "https://nvd.nist.gov/vuln/detail/CVE-2019-20527"
    },
    {
      "type": "WEB",
      "url": "https://www.netsparker.com/web-applications-advisories/ns-19-015-reflected-cross-site-scripting-in-openfire/"
    }
  ],
  "affected": [
    {
      "package": {
        "name": "org.igniterealtime.openfire:parent",
        "ecosystem": "Maven",
        "purl": "pkg:maven/org.igniterealtime.openfire/parent"
      },
      "ranges": [
        {
          "type": "ECOSYSTEM",
          "events": [
            {
              "introduced": "0"
            },
            {
              "fixed": "4.4.2"
            }
          ]
        }
      ],
      "versions": [
        "4.2.0"
      ],
      "database_specific": {
        "source": "https://github.com/github/advisory-database/blob/main/advisories/github-reviewed/2022/05/GHSA-22c6-3h88-26m3/GHSA-22c6-3h88-26m3.json"
      }
    }
  ],
  "schema_version": "1.4.0",
  "severity": [
    {
      "type": "CVSS_V3",
      "score": "CVSS:3.1/AV:N/AC:L/PR:N/UI:R/S:C/C:L/I:L/A:N"
    }
  ]
}