{
  "id": "GHSA-2j4q-9fff-236j",
  "summary": "Apache Struts XSS Vulnerability",
  "details": "Apache Struts 2.x before 2.3.25 does not sanitize text in the Locale object constructed by I18NInterceptor, which might allow remote attackers to conduct cross-site scripting (XSS) attacks via unspecified vectors involving language display.",
  "aliases": [
    "CVE-2016-2162"
  ],
  "modified": "2023-07-31T22:46:20Z",
  "published": "2022-05-17T03:42:59Z",
  "database_specific": {
    "nvd_published_at": "2016-04-12T16:59:00Z",
    "cwe_ids": [
      "CWE-79"
    ],
    "severity": "MODERATE",
    "github_reviewed": true,
    "github_reviewed_at": "2023-07-31T22:46:20Z"
  },
  "references": [
    {
      "type": "ADVISORY",
      "url": "https://nvd.nist.gov/vuln/detail/CVE-2016-2162"
    },
    {
      "type": "WEB",
      "url": "https://web.archive.org/web/20210123095722/http://www.securityfocus.com/bid/85070"
    },
    {
      "type": "WEB",
      "url": "https://web.archive.org/web/20210801130539/http://www.securitytracker.com/id/1035272"
    },
    {
      "type": "WEB",
      "url": "http://struts.apache.org/docs/s2-030.html"
    }
  ],
  "affected": [
    {
      "package": {
        "name": "org.apache.struts:struts-master",
        "ecosystem": "Maven",
        "purl": "pkg:maven/org.apache.struts/struts-master"
      },
      "ranges": [
        {
          "type": "ECOSYSTEM",
          "events": [
            {
              "introduced": "2.0"
            },
            {
              "fixed": "2.3.25"
            }
          ]
        }
      ],
      "database_specific": {
        "source": "https://github.com/github/advisory-database/blob/main/advisories/github-reviewed/2022/05/GHSA-2j4q-9fff-236j/GHSA-2j4q-9fff-236j.json"
      },
      "versions": []
    }
  ],
  "schema_version": "1.4.0",
  "severity": [
    {
      "type": "CVSS_V3",
      "score": "CVSS:3.0/AV:N/AC:L/PR:N/UI:R/S:C/C:L/I:L/A:N"
    }
  ]
}