{
  "id": "GHSA-26f8-x7cc-wqpc",
  "summary": "Apache Kafka Connect vulnerable to Deserialization of Untrusted Data",
  "details": "A possible security vulnerability has been identified in Apache Kafka Connect API. This requires access to a Kafka Connect worker, and the ability to create/modify connectors on it with an arbitrary Kafka client SASL JAAS config and a SASL-based security protocol, which has been possible on Kafka Connect clusters since Apache Kafka Connect 2.3.0. When configuring the connector via the Kafka Connect REST API, an authenticated operator can set the `sasl.jaas.config` property for any of the connector's Kafka clients to \"com.sun.security.auth.module.JndiLoginModule\", which can be done via the `producer.override.sasl.jaas.config`, `consumer.override.sasl.jaas.config`, or `admin.override.sasl.jaas.config` properties. This will allow the server to connect to the attacker's LDAP server and deserialize the LDAP response, which the attacker can use to execute java deserialization gadget chains on the Kafka connect server. Attacker can cause unrestricted deserialization of untrusted data (or) RCE vulnerability when there are gadgets in the classpath. Since Apache Kafka 3.0.0, users are allowed to specify these properties in connector configurations for Kafka Connect clusters running with out-of-the-box configurations. Before Apache Kafka 3.0.0, users may not specify these properties unless the Kafka Connect cluster has been reconfigured with a connector client override policy that permits them. Since Apache Kafka 3.4.0, we have added a system property (\"-Dorg.apache.kafka.disallowed.login.modules\") to disable the problematic login modules usage in SASL JAAS configuration. Also by default \"com.sun.security.auth.module.JndiLoginModule\" is disabled in Apache Kafka Connect 3.4.0. We advise the Kafka Connect users to validate connector configurations and only allow trusted JNDI configurations. Also examine connector dependencies for vulnerable versions and either upgrade their connectors, upgrading that specific dependency, or removing the connectors as options for remediation. Finally, in addition to leveraging the \"org.apache.kafka.disallowed.login.modules\" system property, Kafka Connect users can also implement their own connector client config override policy, which can be used to control which Kafka client properties can be overridden directly in a connector config and which cannot.",
  "aliases": [
    "CVE-2023-25194"
  ],
  "modified": "2023-07-21T18:29:35.440218Z",
  "published": "2023-02-07T21:30:23Z",
  "database_specific": {
    "nvd_published_at": "2023-02-07T20:15:00Z",
    "cwe_ids": [
      "CWE-502"
    ],
    "severity": "HIGH",
    "github_reviewed": true,
    "github_reviewed_at": "2023-02-08T22:18:02Z"
  },
  "references": [
    {
      "type": "ADVISORY",
      "url": "https://nvd.nist.gov/vuln/detail/CVE-2023-25194"
    },
    {
      "type": "WEB",
      "url": "https://hackerone.com/reports/1529790"
    },
    {
      "type": "WEB",
      "url": "https://kafka.apache.org/cve-list"
    },
    {
      "type": "WEB",
      "url": "https://lists.apache.org/thread/vy1c7fqcdqvq5grcqp6q5jyyb302khyz"
    },
    {
      "type": "WEB",
      "url": "http://packetstormsecurity.com/files/173151/Apache-Druid-JNDI-Injection-Remote-Code-Execution.html"
    }
  ],
  "affected": [
    {
      "package": {
        "name": "org.apache.kafka:connect",
        "ecosystem": "Maven",
        "purl": "pkg:maven/org.apache.kafka/connect"
      },
      "ranges": [
        {
          "type": "ECOSYSTEM",
          "events": [
            {
              "introduced": "2.3.0"
            },
            {
              "fixed": "3.4.0"
            }
          ]
        }
      ],
      "versions": [
        "2.6.0",
        "2.6.1",
        "2.6.2",
        "2.6.3",
        "2.7.0",
        "2.7.1",
        "2.7.2",
        "2.8.0",
        "2.8.1",
        "2.8.2",
        "3.0.0",
        "3.0.1",
        "3.0.2",
        "3.1.0",
        "3.1.1",
        "3.1.2",
        "3.2.0",
        "3.2.1",
        "3.2.2",
        "3.2.3",
        "3.3.0",
        "3.3.1",
        "3.3.2"
      ],
      "database_specific": {
        "source": "https://github.com/github/advisory-database/blob/main/advisories/github-reviewed/2023/02/GHSA-26f8-x7cc-wqpc/GHSA-26f8-x7cc-wqpc.json"
      }
    }
  ],
  "schema_version": "1.4.0",
  "severity": [
    {
      "type": "CVSS_V3",
      "score": "CVSS:3.1/AV:N/AC:L/PR:L/UI:N/S:U/C:H/I:H/A:H"
    }
  ]
}