{
  "id": "GHSA-362p-56c9-q273",
  "summary": "Jenkins iceScrum Plugin stores credentials in Cleartext",
  "details": "Jenkins iceScrum Plugin 1.1.4 and earlier stored credentials unencrypted in job config.xml files on the Jenkins master where they could be viewed by users with Extended Read permission, or access to the master file system.",
  "aliases": [
    "CVE-2019-10443"
  ],
  "modified": "2023-04-11T01:20:30.207939Z",
  "published": "2022-05-24T16:58:49Z",
  "database_specific": {
    "nvd_published_at": "2019-10-16T14:15:00Z",
    "github_reviewed_at": "2022-12-06T21:51:03Z",
    "severity": "HIGH",
    "github_reviewed": true,
    "cwe_ids": [
      "CWE-312"
    ]
  },
  "references": [
    {
      "type": "ADVISORY",
      "url": "https://nvd.nist.gov/vuln/detail/CVE-2019-10443"
    },
    {
      "type": "PACKAGE",
      "url": "https://github.com/jenkinsci/icescrum-plugin"
    },
    {
      "type": "WEB",
      "url": "https://jenkins.io/security/advisory/2019-10-16/#SECURITY-1436"
    },
    {
      "type": "WEB",
      "url": "https://www.zerodayinitiative.com/advisories/ZDI-19-933/"
    },
    {
      "type": "WEB",
      "url": "http://www.openwall.com/lists/oss-security/2019/10/16/6"
    }
  ],
  "affected": [
    {
      "package": {
        "name": "org.jenkins-ci.plugins:icescrum",
        "ecosystem": "Maven",
        "purl": "pkg:maven/org.jenkins-ci.plugins/icescrum"
      },
      "ranges": [
        {
          "type": "ECOSYSTEM",
          "events": [
            {
              "introduced": "0"
            },
            {
              "fixed": "1.1.5"
            }
          ]
        }
      ],
      "versions": [
        "1.0",
        "1.0.1",
        "1.0.2",
        "1.0.3",
        "1.0.5.10",
        "1.0.5.7",
        "1.0.5.8",
        "1.0.5.9",
        "1.1",
        "1.1.1",
        "1.1.2",
        "1.1.3",
        "1.1.4"
      ],
      "database_specific": {
        "source": "https://github.com/github/advisory-database/blob/main/advisories/github-reviewed/2022/05/GHSA-362p-56c9-q273/GHSA-362p-56c9-q273.json"
      }
    }
  ],
  "schema_version": "1.4.0",
  "severity": [
    {
      "type": "CVSS_V3",
      "score": "CVSS:3.1/AV:N/AC:L/PR:L/UI:N/S:U/C:H/I:H/A:H"
    }
  ]
}