{
  "id": "GHSA-2qh6-hhvv-m2ww",
  "summary": "Jenkins HTTP Request Plugin stores HTTP Request passwords unencrypted",
  "details": "HTTP Request Plugin 1.15 and earlier stores HTTP Request passwords unencrypted in its global configuration file `jenkins.plugins.http_request.HttpRequest.xml` on the Jenkins controller as part of its configuration when using (deprecated) Basic/Digest Authentication. These passwords can be viewed by users with access to the Jenkins controller file system.",
  "aliases": [
    "CVE-2022-36901"
  ],
  "modified": "2023-04-11T01:50:25.369282Z",
  "published": "2022-07-28T00:00:42Z",
  "database_specific": {
    "nvd_published_at": "2022-07-27T15:15:00Z",
    "github_reviewed_at": "2022-08-10T18:30:41Z",
    "severity": "LOW",
    "github_reviewed": true,
    "cwe_ids": [
      "CWE-256",
      "CWE-668"
    ]
  },
  "references": [
    {
      "type": "ADVISORY",
      "url": "https://nvd.nist.gov/vuln/detail/CVE-2022-36901"
    },
    {
      "type": "PACKAGE",
      "url": "https://github.com/jenkinsci/http-request-plugin"
    },
    {
      "type": "WEB",
      "url": "https://www.jenkins.io/security/advisory/2022-07-27/#SECURITY-2053"
    },
    {
      "type": "WEB",
      "url": "http://www.openwall.com/lists/oss-security/2022/07/27/1"
    }
  ],
  "affected": [
    {
      "package": {
        "name": "org.jenkins-ci.plugins:http_request",
        "ecosystem": "Maven",
        "purl": "pkg:maven/org.jenkins-ci.plugins/http_request"
      },
      "ranges": [
        {
          "type": "ECOSYSTEM",
          "events": [
            {
              "introduced": "0"
            },
            {
              "fixed": "1.16"
            }
          ]
        }
      ],
      "versions": [
        "1.1",
        "1.10",
        "1.11",
        "1.12",
        "1.13",
        "1.14",
        "1.15",
        "1.2",
        "1.3",
        "1.4",
        "1.5",
        "1.6",
        "1.7",
        "1.8",
        "1.8.1",
        "1.8.10",
        "1.8.11",
        "1.8.12",
        "1.8.13",
        "1.8.14",
        "1.8.15",
        "1.8.16",
        "1.8.17",
        "1.8.18",
        "1.8.19",
        "1.8.2",
        "1.8.20",
        "1.8.21",
        "1.8.22",
        "1.8.23",
        "1.8.24",
        "1.8.25",
        "1.8.26",
        "1.8.27",
        "1.8.3",
        "1.8.4",
        "1.8.5",
        "1.8.6",
        "1.8.7",
        "1.8.8",
        "1.8.9",
        "1.9.0"
      ],
      "database_specific": {
        "source": "https://github.com/github/advisory-database/blob/main/advisories/github-reviewed/2022/07/GHSA-2qh6-hhvv-m2ww/GHSA-2qh6-hhvv-m2ww.json"
      }
    }
  ],
  "schema_version": "1.4.0",
  "severity": [
    {
      "type": "CVSS_V3",
      "score": "CVSS:3.1/AV:L/AC:L/PR:L/UI:N/S:U/C:L/I:N/A:N"
    }
  ]
}