{
  "id": "GHSA-3m3r-82gc-53mj",
  "summary": "Improper Neutralization of Input During Web Page Generation in Mojarra",
  "details": "Oracle Mojarra 2.2.x before 2.2.6 and 2.1.x before 2.1.28 does not perform appropriate encoding when a (1) <h:outputText> tag or (2) EL expression is used after a scriptor style block, which allows remote attackers to conduct cross-site scripting (XSS) attacks via application-specific vectors.",
  "aliases": [
    "CVE-2013-5855"
  ],
  "modified": "2023-04-11T01:46:39.194146Z",
  "published": "2022-05-14T02:54:24Z",
  "database_specific": {
    "nvd_published_at": "2014-07-17T05:10:00Z",
    "github_reviewed_at": "2022-07-07T23:30:20Z",
    "severity": "MODERATE",
    "github_reviewed": true,
    "cwe_ids": [
      "CWE-79"
    ]
  },
  "references": [
    {
      "type": "ADVISORY",
      "url": "https://nvd.nist.gov/vuln/detail/CVE-2013-5855"
    },
    {
      "type": "WEB",
      "url": "https://java.net/jira/browse/JAVASERVERFACES-3150"
    },
    {
      "type": "WEB",
      "url": "https://java.net/jira/browse/JAVASERVERFACES_SPEC_PUBLIC-1258"
    },
    {
      "type": "WEB",
      "url": "http://h30499.www3.hp.com/t5/HP-Security-Research-Blog/JSF-outputText-tag-the-good-the-bad-and-the-ugly/ba-p/6368011#.U8ccVPlXZHU"
    },
    {
      "type": "WEB",
      "url": "http://rhn.redhat.com/errata/RHSA-2015-0675.html"
    },
    {
      "type": "WEB",
      "url": "http://rhn.redhat.com/errata/RHSA-2015-0720.html"
    },
    {
      "type": "WEB",
      "url": "http://rhn.redhat.com/errata/RHSA-2015-0765.html"
    },
    {
      "type": "WEB",
      "url": "http://seclists.org/fulldisclosure/2014/Dec/23"
    },
    {
      "type": "WEB",
      "url": "http://www.oracle.com/technetwork/topics/security/cpujan2016-2367955.html"
    },
    {
      "type": "WEB",
      "url": "http://www.oracle.com/technetwork/topics/security/cpujul2014-1972956.html"
    },
    {
      "type": "WEB",
      "url": "http://www.vmware.com/security/advisories/VMSA-2014-0012.html"
    }
  ],
  "affected": [
    {
      "package": {
        "name": "org.glassfish:javax.faces",
        "ecosystem": "Maven",
        "purl": "pkg:maven/org.glassfish/javax.faces"
      },
      "ranges": [
        {
          "type": "ECOSYSTEM",
          "events": [
            {
              "introduced": "2.2.0"
            },
            {
              "fixed": "2.2.6"
            }
          ]
        }
      ],
      "versions": [
        "2.2.0",
        "2.2.1",
        "2.2.2",
        "2.2.3",
        "2.2.4",
        "2.2.5"
      ],
      "database_specific": {
        "source": "https://github.com/github/advisory-database/blob/main/advisories/github-reviewed/2022/05/GHSA-3m3r-82gc-53mj/GHSA-3m3r-82gc-53mj.json"
      }
    },
    {
      "package": {
        "name": "org.glassfish:javax.faces",
        "ecosystem": "Maven",
        "purl": "pkg:maven/org.glassfish/javax.faces"
      },
      "ranges": [
        {
          "type": "ECOSYSTEM",
          "events": [
            {
              "introduced": "2.1.0"
            },
            {
              "fixed": "2.1.28"
            }
          ]
        }
      ],
      "versions": [
        "2.1.10",
        "2.1.11",
        "2.1.12",
        "2.1.13",
        "2.1.14",
        "2.1.15",
        "2.1.16",
        "2.1.17",
        "2.1.18",
        "2.1.19",
        "2.1.2",
        "2.1.20",
        "2.1.20-02",
        "2.1.20-03",
        "2.1.20-04",
        "2.1.20-05",
        "2.1.20-06",
        "2.1.20-07",
        "2.1.20-08",
        "2.1.20-09",
        "2.1.20-10",
        "2.1.20-11",
        "2.1.20-12",
        "2.1.20-13",
        "2.1.20-14",
        "2.1.20-15",
        "2.1.20-16",
        "2.1.21",
        "2.1.22",
        "2.1.23",
        "2.1.24",
        "2.1.25",
        "2.1.26",
        "2.1.27",
        "2.1.3",
        "2.1.4",
        "2.1.5",
        "2.1.5-02",
        "2.1.5-04",
        "2.1.6",
        "2.1.7",
        "2.1.7-01",
        "2.1.7-02",
        "2.1.7-03",
        "2.1.7-04",
        "2.1.7-05",
        "2.1.7-06",
        "2.1.7-07",
        "2.1.7-08",
        "2.1.7-09",
        "2.1.7-10",
        "2.1.8",
        "2.1.9"
      ],
      "database_specific": {
        "source": "https://github.com/github/advisory-database/blob/main/advisories/github-reviewed/2022/05/GHSA-3m3r-82gc-53mj/GHSA-3m3r-82gc-53mj.json"
      }
    }
  ],
  "schema_version": "1.4.0"
}