{
  "id": "GHSA-3xpj-jgv5-q4vv",
  "summary": "Access restriction bypass in Apache Tomcat",
  "details": "Apache Tomcat 7.0.12 and 7.0.13 processes the first request to a servlet without following security constraints that have been configured through annotations, which allows remote attackers to bypass intended access restrictions via HTTP requests.  NOTE: this vulnerability exists because of an incomplete fix for CVE-2011-1088, CVE-2011-1183, and CVE-2011-1419.",
  "aliases": [
    "CVE-2011-1582"
  ],
  "modified": "2023-02-14T01:01:49Z",
  "published": "2022-05-14T02:55:47Z",
  "database_specific": {
    "nvd_published_at": "2011-05-20T22:55:00Z",
    "github_reviewed_at": "2023-02-14T01:01:49Z",
    "severity": "MODERATE",
    "github_reviewed": true,
    "cwe_ids": []
  },
  "references": [
    {
      "type": "ADVISORY",
      "url": "https://nvd.nist.gov/vuln/detail/CVE-2011-1582"
    },
    {
      "type": "WEB",
      "url": "https://exchange.xforce.ibmcloud.com/vulnerabilities/67515"
    },
    {
      "type": "PACKAGE",
      "url": "https://github.com/apache/tomcat"
    },
    {
      "type": "WEB",
      "url": "http://mail-archives.apache.org/mod_mbox/www-announce/201105.mbox/%3C4DD26E30.2060103%40apache.org%3E"
    },
    {
      "type": "WEB",
      "url": "http://mail-archives.apache.org/mod_mbox/www-announce/201105.mbox/%3C4DD26E30.2060103@apache.org%3E"
    },
    {
      "type": "WEB",
      "url": "http://securityreason.com/securityalert/8256"
    },
    {
      "type": "WEB",
      "url": "http://svn.apache.org/viewvc?view=revision&revision=1100832"
    },
    {
      "type": "WEB",
      "url": "http://tomcat.apache.org/security-7.html#Fixed_in_Apache_Tomcat_7.0.14_%28released_12_May_2011%29"
    },
    {
      "type": "WEB",
      "url": "http://www.securityfocus.com/archive/1/518032/100/0/threaded"
    },
    {
      "type": "WEB",
      "url": "http://www.securityfocus.com/bid/47886"
    },
    {
      "type": "WEB",
      "url": "http://www.vupen.com/english/advisories/2011/1255"
    }
  ],
  "affected": [
    {
      "package": {
        "name": "org.apache.tomcat:tomcat",
        "ecosystem": "Maven",
        "purl": "pkg:maven/org.apache.tomcat/tomcat"
      },
      "ranges": [
        {
          "type": "ECOSYSTEM",
          "events": [
            {
              "introduced": "7.0.12"
            },
            {
              "fixed": "7.0.14"
            }
          ]
        }
      ],
      "database_specific": {
        "source": "https://github.com/github/advisory-database/blob/main/advisories/github-reviewed/2022/05/GHSA-3xpj-jgv5-q4vv/GHSA-3xpj-jgv5-q4vv.json"
      },
      "versions": []
    }
  ],
  "schema_version": "1.4.0"
}