{
  "id": "GHSA-2q65-xxg6-3qh5",
  "summary": "Apache OpenMeetings vulnerable to parameter manipulation attacks",
  "details": "Apache OpenMeetings 3.2.0 is vulnerable to parameter manipulation attacks, as a result attacker has access to restricted areas.",
  "aliases": [
    "CVE-2017-7682"
  ],
  "modified": "2023-04-11T01:46:19.077456Z",
  "published": "2022-05-13T01:47:04Z",
  "database_specific": {
    "nvd_published_at": "2017-07-17T13:18:00Z",
    "github_reviewed_at": "2022-11-22T18:57:24Z",
    "severity": "HIGH",
    "github_reviewed": true,
    "cwe_ids": []
  },
  "references": [
    {
      "type": "ADVISORY",
      "url": "https://nvd.nist.gov/vuln/detail/CVE-2017-7682"
    },
    {
      "type": "PACKAGE",
      "url": "https://github.com/apache/openmeetings"
    },
    {
      "type": "WEB",
      "url": "http://markmail.org/message/dbrbvf5k343ulivf"
    }
  ],
  "affected": [
    {
      "package": {
        "name": "org.apache.openmeetings:openmeetings-parent",
        "ecosystem": "Maven",
        "purl": "pkg:maven/org.apache.openmeetings/openmeetings-parent"
      },
      "ranges": [
        {
          "type": "ECOSYSTEM",
          "events": [
            {
              "introduced": "3.2.0"
            },
            {
              "fixed": "3.3.0"
            }
          ]
        }
      ],
      "versions": [
        "3.2.0",
        "3.2.1"
      ],
      "database_specific": {
        "source": "https://github.com/github/advisory-database/blob/main/advisories/github-reviewed/2022/05/GHSA-2q65-xxg6-3qh5/GHSA-2q65-xxg6-3qh5.json"
      }
    }
  ],
  "schema_version": "1.4.0",
  "severity": [
    {
      "type": "CVSS_V3",
      "score": "CVSS:3.0/AV:N/AC:L/PR:N/UI:N/S:U/C:L/I:H/A:N"
    }
  ]
}