{
  "id": "GHSA-38w8-h222-wrpp",
  "summary": "Improper Restriction of XML External Entity Reference in Jenkins Chef Sinatra",
  "details": "Chef Sinatra Plugin 1.20 and earlier does not perform a permission check in a method implementing form validation.\n\nAs the plugin does not configure its XML parser to prevent XML external entity (XXE) attacks, attackers can have Jenkins parse a crafted XML response that uses external entities for extraction of secrets from the Jenkins controller or server-side request forgery.",
  "aliases": [
    "CVE-2022-25209"
  ],
  "modified": "2023-04-11T01:33:35.559229Z",
  "published": "2022-02-16T00:01:14Z",
  "database_specific": {
    "nvd_published_at": "2022-02-15T17:15:00Z",
    "github_reviewed_at": "2022-02-16T22:45:12Z",
    "severity": "HIGH",
    "github_reviewed": true,
    "cwe_ids": [
      "CWE-611"
    ]
  },
  "references": [
    {
      "type": "ADVISORY",
      "url": "https://nvd.nist.gov/vuln/detail/CVE-2022-25209"
    },
    {
      "type": "WEB",
      "url": "https://www.jenkins.io/security/advisory/2022-02-15/#SECURITY-1377"
    }
  ],
  "affected": [
    {
      "package": {
        "name": "org.jenkins-ci.plugins:sinatra-chef-builder",
        "ecosystem": "Maven",
        "purl": "pkg:maven/org.jenkins-ci.plugins/sinatra-chef-builder"
      },
      "ranges": [
        {
          "type": "ECOSYSTEM",
          "events": [
            {
              "introduced": "0"
            },
            {
              "last_affected": "1.20"
            }
          ]
        }
      ],
      "versions": [
        "1.14",
        "1.15",
        "1.20",
        "1.3"
      ],
      "database_specific": {
        "source": "https://github.com/github/advisory-database/blob/main/advisories/github-reviewed/2022/02/GHSA-38w8-h222-wrpp/GHSA-38w8-h222-wrpp.json"
      }
    }
  ],
  "schema_version": "1.4.0",
  "severity": [
    {
      "type": "CVSS_V3",
      "score": "CVSS:3.1/AV:N/AC:L/PR:L/UI:N/S:U/C:H/I:L/A:N"
    }
  ]
}