{
  "id": "GHSA-2x49-wj38-78q9",
  "summary": "Agent-to-controller security bypass vulnerability in Jenkins Compuware Topaz Utilities Plugin",
  "details": "Compuware Topaz Utilities Plugin 1.0.8 and earlier implements an agent/controller message that does not limit where it can be executed.\n\nIt allows attackers able to control agent processes to obtain the values of Java system properties from the Jenkins controller process.\n\nThis vulnerability is only exploitable in Jenkins 2.318 and earlier, LTS 2.303.2 and earlier. See the [LTS upgrade guide](https://www.jenkins.io/doc/upgrade-guide/2.303/#upgrading-to-jenkins-lts-2-303-3).\n\nCompuware Topaz Utilities Plugin 1.0.9 restricts execution of the agent/controller message to agents.",
  "aliases": [
    "CVE-2022-43422"
  ],
  "modified": "2023-04-11T01:46:06.948420Z",
  "published": "2022-10-19T19:00:18Z",
  "database_specific": {
    "nvd_published_at": "2022-10-19T16:15:00Z",
    "github_reviewed_at": "2022-10-19T21:23:12Z",
    "severity": "MODERATE",
    "github_reviewed": true,
    "cwe_ids": [
      "CWE-693"
    ]
  },
  "references": [
    {
      "type": "ADVISORY",
      "url": "https://nvd.nist.gov/vuln/detail/CVE-2022-43422"
    },
    {
      "type": "PACKAGE",
      "url": "https://github.com/jenkinsci/compuware-topaz-utilities-plugin"
    },
    {
      "type": "WEB",
      "url": "https://www.jenkins.io/security/advisory/2022-10-19/#SECURITY-2620"
    },
    {
      "type": "WEB",
      "url": "http://www.openwall.com/lists/oss-security/2022/10/19/3"
    }
  ],
  "affected": [
    {
      "package": {
        "name": "com.compuware.jenkins:compuware-topaz-utilities",
        "ecosystem": "Maven",
        "purl": "pkg:maven/com.compuware.jenkins/compuware-topaz-utilities"
      },
      "ranges": [
        {
          "type": "ECOSYSTEM",
          "events": [
            {
              "introduced": "0"
            },
            {
              "fixed": "1.0.9"
            }
          ]
        }
      ],
      "versions": [
        "1.0.2",
        "1.0.3",
        "1.0.4",
        "1.0.5",
        "1.0.6",
        "1.0.7",
        "1.0.8"
      ],
      "database_specific": {
        "source": "https://github.com/github/advisory-database/blob/main/advisories/github-reviewed/2022/10/GHSA-2x49-wj38-78q9/GHSA-2x49-wj38-78q9.json"
      }
    }
  ],
  "schema_version": "1.4.0",
  "severity": [
    {
      "type": "CVSS_V3",
      "score": "CVSS:3.1/AV:N/AC:L/PR:L/UI:N/S:U/C:L/I:N/A:N"
    }
  ]
}