{
  "id": "GHSA-3gp6-hhfw-4gqx",
  "summary": "Padding oracle attacks",
  "details": "It was found that all OWASP ESAPI for Java up to version 2.0 RC2 are vulnerable to padding oracle attacks.",
  "aliases": [
    "CVE-2010-3300"
  ],
  "modified": "2021-06-28T19:05:25Z",
  "published": "2021-08-13T15:22:24Z",
  "database_specific": {
    "nvd_published_at": "2021-06-22T12:15:00Z",
    "github_reviewed_at": "2021-06-24T20:07:33Z",
    "severity": "MODERATE",
    "github_reviewed": true,
    "cwe_ids": [
      "CWE-649"
    ]
  },
  "references": [
    {
      "type": "ADVISORY",
      "url": "https://nvd.nist.gov/vuln/detail/CVE-2010-3300"
    },
    {
      "type": "WEB",
      "url": "https://seclists.org/oss-sec/2010/q3/357"
    },
    {
      "type": "WEB",
      "url": "https://www.usenix.org/legacy/events/woot10/tech/full_papers/Rizzo.pdf"
    }
  ],
  "affected": [
    {
      "package": {
        "name": "org.owasp.esapi:esapi",
        "ecosystem": "Maven",
        "purl": "pkg:maven/org.owasp.esapi/esapi"
      },
      "ranges": [
        {
          "type": "ECOSYSTEM",
          "events": [
            {
              "introduced": "0"
            },
            {
              "fixed": "2.0GA"
            }
          ]
        }
      ],
      "database_specific": {
        "source": "https://github.com/github/advisory-database/blob/main/advisories/github-reviewed/2021/08/GHSA-3gp6-hhfw-4gqx/GHSA-3gp6-hhfw-4gqx.json"
      },
      "versions": []
    }
  ],
  "schema_version": "1.4.0",
  "severity": [
    {
      "type": "CVSS_V3",
      "score": "CVSS:3.1/AV:N/AC:H/PR:N/UI:N/S:U/C:H/I:N/A:N"
    }
  ]
}