{
  "id": "GHSA-38hf-xjmx-jrh8",
  "summary": "Cross-site Scripting in Graylog Server",
  "details": "In Graylog before 2.4.6, XSS was possible in typeahead components, related to components/common/TypeAheadInput.jsx and components/search/QueryInput.ts.",
  "aliases": [
    "CVE-2018-14380"
  ],
  "modified": "2023-04-11T01:28:45.707257Z",
  "published": "2022-05-14T02:59:36Z",
  "database_specific": {
    "nvd_published_at": "2018-07-18T15:29:00Z",
    "github_reviewed_at": "2022-11-04T22:46:06Z",
    "severity": "MODERATE",
    "github_reviewed": true,
    "cwe_ids": [
      "CWE-79"
    ]
  },
  "references": [
    {
      "type": "ADVISORY",
      "url": "https://nvd.nist.gov/vuln/detail/CVE-2018-14380"
    },
    {
      "type": "WEB",
      "url": "https://github.com/Graylog2/graylog2-server/pull/4904"
    },
    {
      "type": "PACKAGE",
      "url": "https://github.com/Graylog2/graylog2-server"
    },
    {
      "type": "WEB",
      "url": "https://www.graylog.org/post/announcing-the-release-of-graylog-2-4-6"
    }
  ],
  "affected": [
    {
      "package": {
        "name": "org.graylog2:graylog2-server",
        "ecosystem": "Maven",
        "purl": "pkg:maven/org.graylog2/graylog2-server"
      },
      "ranges": [
        {
          "type": "ECOSYSTEM",
          "events": [
            {
              "introduced": "0"
            },
            {
              "fixed": "2.4.6"
            }
          ]
        }
      ],
      "versions": [
        "0.20.0-rc.1-1",
        "0.21.0-beta2",
        "0.21.0-beta3",
        "0.21.0-beta4",
        "0.21.0-rc.1",
        "0.90.0",
        "0.90.1",
        "0.90.3",
        "0.91.0-rc.1",
        "0.91.1",
        "0.91.3",
        "0.92.0",
        "0.92.0-beta.1",
        "0.92.0-rc.1",
        "0.92.1",
        "0.92.1-rc.1",
        "0.92.2",
        "0.92.3",
        "0.92.4",
        "1.0.0",
        "1.0.0-beta.1",
        "1.0.0-beta.2",
        "1.0.0-beta.3",
        "1.0.0-rc.1",
        "1.0.0-rc.2",
        "1.0.0-rc.3",
        "1.0.0-rc.4",
        "1.0.1",
        "1.0.2",
        "1.1.0",
        "1.1.0-beta.1",
        "1.1.0-beta.2",
        "1.1.0-beta.3",
        "1.1.0-rc.1",
        "1.1.0-rc.2",
        "1.1.0-rc.3",
        "1.1.1",
        "1.1.2",
        "1.1.3",
        "1.1.4",
        "1.1.5",
        "1.1.6",
        "1.2.0",
        "1.2.0-rc.1",
        "1.2.0-rc.2",
        "1.2.0-rc.3",
        "1.2.0-rc.4",
        "1.2.1",
        "1.2.2",
        "1.3.0",
        "1.3.0-beta.1",
        "1.3.0-beta.2",
        "1.3.1",
        "1.3.2",
        "1.3.3",
        "1.3.4",
        "2.0.0",
        "2.0.0-alpha.1",
        "2.0.0-alpha.2",
        "2.0.0-alpha.3",
        "2.0.0-alpha.4",
        "2.0.0-alpha.5",
        "2.0.0-beta.1",
        "2.0.0-beta.2",
        "2.0.0-beta.3",
        "2.0.0-rc.1",
        "2.0.1",
        "2.0.2",
        "2.0.3",
        "2.1.0",
        "2.1.0-alpha.1",
        "2.1.0-alpha.2",
        "2.1.0-beta.1",
        "2.1.0-beta.2",
        "2.1.0-beta.3",
        "2.1.0-beta.4",
        "2.1.0-rc.1",
        "2.1.1",
        "2.1.2",
        "2.1.3",
        "2.2.0",
        "2.2.0-alpha.1",
        "2.2.0-alpha.2",
        "2.2.0-alpha.3",
        "2.2.0-alpha.4",
        "2.2.0-beta.1",
        "2.2.0-beta.2",
        "2.2.0-beta.3",
        "2.2.0-beta.4",
        "2.2.0-beta.5",
        "2.2.0-beta.6",
        "2.2.0-rc.1",
        "2.2.1",
        "2.2.2",
        "2.2.3",
        "2.3.0",
        "2.3.0-alpha.1",
        "2.3.0-alpha.2",
        "2.3.0-alpha.3",
        "2.3.0-beta.1",
        "2.3.0-rc.1",
        "2.3.0-rc.2",
        "2.3.1",
        "2.3.2",
        "2.4.0",
        "2.4.0-alpha.1",
        "2.4.0-alpha.2",
        "2.4.0-alpha.3",
        "2.4.0-beta.1",
        "2.4.0-beta.2",
        "2.4.0-beta.3",
        "2.4.0-beta.4",
        "2.4.0-rc.1",
        "2.4.0-rc.2",
        "2.4.1",
        "2.4.2",
        "2.4.3",
        "2.4.4",
        "2.4.5"
      ],
      "database_specific": {
        "source": "https://github.com/github/advisory-database/blob/main/advisories/github-reviewed/2022/05/GHSA-38hf-xjmx-jrh8/GHSA-38hf-xjmx-jrh8.json"
      }
    }
  ],
  "schema_version": "1.4.0",
  "severity": [
    {
      "type": "CVSS_V3",
      "score": "CVSS:3.0/AV:N/AC:L/PR:N/UI:R/S:C/C:L/I:L/A:N"
    }
  ]
}