{
  "id": "GHSA-4344-frcp-j22q",
  "summary": "Remote code execution due to insecure deserialization",
  "details": "A flaw was found in the way JBoss RichFaces handled deserialization. A remote attacker could use this flaw to trigger the execution of the deserialization methods in any serializable class deployed on the server. This could lead to a variety of security impacts depending on the deserialization logic of these classes.",
  "aliases": [
    "CVE-2013-2165"
  ],
  "modified": "2023-11-08T03:57:18.035442Z",
  "published": "2022-05-13T01:27:59Z",
  "database_specific": {
    "nvd_published_at": "2013-07-23T11:03:00Z",
    "github_reviewed_at": "2022-11-03T22:44:02Z",
    "severity": "HIGH",
    "github_reviewed": true,
    "cwe_ids": []
  },
  "references": [
    {
      "type": "ADVISORY",
      "url": "https://nvd.nist.gov/vuln/detail/CVE-2013-2165"
    },
    {
      "type": "WEB",
      "url": "https://access.redhat.com/security/cve/CVE-2013-2165"
    },
    {
      "type": "WEB",
      "url": "https://bugzilla.redhat.com/show_bug.cgi?id=973570"
    },
    {
      "type": "WEB",
      "url": "http://jvn.jp/en/jp/JVN38787103/index.html"
    },
    {
      "type": "WEB",
      "url": "http://jvndb.jvn.jp/jvndb/JVNDB-2013-000072"
    },
    {
      "type": "WEB",
      "url": "http://packetstormsecurity.com/files/156663/Richsploit-RichFaces-Exploitation-Toolkit.html"
    },
    {
      "type": "WEB",
      "url": "http://seclists.org/fulldisclosure/2020/Mar/21"
    }
  ],
  "affected": [
    {
      "package": {
        "name": "org.richfaces:richfaces",
        "ecosystem": "Maven",
        "purl": "pkg:maven/org.richfaces/richfaces"
      },
      "ranges": [
        {
          "type": "ECOSYSTEM",
          "events": [
            {
              "introduced": "3.1.0"
            },
            {
              "fixed": "3.3.3"
            }
          ]
        }
      ],
      "database_specific": {
        "source": "https://github.com/github/advisory-database/blob/main/advisories/github-reviewed/2022/05/GHSA-4344-frcp-j22q/GHSA-4344-frcp-j22q.json"
      },
      "versions": []
    },
    {
      "package": {
        "name": "org.richfaces:richfaces",
        "ecosystem": "Maven",
        "purl": "pkg:maven/org.richfaces/richfaces"
      },
      "ranges": [
        {
          "type": "ECOSYSTEM",
          "events": [
            {
              "introduced": "4.0.0"
            },
            {
              "fixed": "4.3.2"
            }
          ]
        }
      ],
      "database_specific": {
        "source": "https://github.com/github/advisory-database/blob/main/advisories/github-reviewed/2022/05/GHSA-4344-frcp-j22q/GHSA-4344-frcp-j22q.json"
      },
      "versions": []
    }
  ],
  "schema_version": "1.6.0"
}