{
  "id": "GHSA-373r-9mg8-3jc4",
  "summary": "Apache Geode vulnerable to Cross-Site Scripting",
  "details": "Apache Geode versions up to 1.15.0 are vulnerable to a Cross-Site Scripting (XSS) via data injection when using Pulse web application to view Region entries.",
  "aliases": [
    "CVE-2022-34870"
  ],
  "modified": "2023-04-11T01:48:23.704285Z",
  "published": "2022-10-25T19:00:27Z",
  "database_specific": {
    "nvd_published_at": "2022-10-25T17:15:00Z",
    "github_reviewed_at": "2022-10-25T22:40:48Z",
    "severity": "MODERATE",
    "github_reviewed": true,
    "cwe_ids": [
      "CWE-79"
    ]
  },
  "references": [
    {
      "type": "ADVISORY",
      "url": "https://nvd.nist.gov/vuln/detail/CVE-2022-34870"
    },
    {
      "type": "PACKAGE",
      "url": "https://github.com/apache/geode"
    },
    {
      "type": "WEB",
      "url": "https://lists.apache.org/thread/zltlr7f2ymr2m6jj54k4z0c4foos5fwx"
    },
    {
      "type": "WEB",
      "url": "http://www.openwall.com/lists/oss-security/2022/10/24/3"
    }
  ],
  "affected": [
    {
      "package": {
        "name": "org.apache.geode:geode-core",
        "ecosystem": "Maven",
        "purl": "pkg:maven/org.apache.geode/geode-core"
      },
      "ranges": [
        {
          "type": "ECOSYSTEM",
          "events": [
            {
              "introduced": "0"
            },
            {
              "fixed": "1.15.1"
            }
          ]
        }
      ],
      "versions": [
        "1.0.0-incubating",
        "1.0.0-incubating.M2",
        "1.0.0-incubating.M3",
        "1.1.0",
        "1.1.1",
        "1.10.0",
        "1.11.0",
        "1.12.0",
        "1.12.1",
        "1.12.2",
        "1.12.3",
        "1.12.4",
        "1.12.5",
        "1.12.6",
        "1.12.7",
        "1.12.8",
        "1.12.9",
        "1.13.0",
        "1.13.1",
        "1.13.2",
        "1.13.3",
        "1.13.4",
        "1.13.5",
        "1.13.6",
        "1.13.7",
        "1.13.8",
        "1.14.0",
        "1.14.1",
        "1.14.2",
        "1.14.3",
        "1.14.4",
        "1.15.0",
        "1.2.0",
        "1.2.1",
        "1.3.0",
        "1.4.0",
        "1.5.0",
        "1.6.0",
        "1.7.0",
        "1.8.0",
        "1.9.0",
        "1.9.1",
        "1.9.2"
      ],
      "database_specific": {
        "source": "https://github.com/github/advisory-database/blob/main/advisories/github-reviewed/2022/10/GHSA-373r-9mg8-3jc4/GHSA-373r-9mg8-3jc4.json"
      }
    }
  ],
  "schema_version": "1.4.0",
  "severity": [
    {
      "type": "CVSS_V3",
      "score": "CVSS:3.1/AV:N/AC:L/PR:L/UI:R/S:C/C:L/I:L/A:N"
    }
  ]
}