{
  "id": "GHSA-2wvv-phhw-qvmc",
  "summary": "Jenkins Pipeline: Job Plugin vulnerable to stored Cross-site Scripting",
  "details": "Jenkins Pipeline: Job Plugin 1292.v27d8cc3e2602 and earlier does not escape the display name of the build that caused an earlier build to be aborted, when \"Do not allow concurrent builds\" is set.\n\nThis results in a stored cross-site scripting (XSS) vulnerability exploitable by attackers able to set build display names immediately.\n\nThe Jenkins security team is not aware of any plugins that allow the exploitation of this vulnerability, as the build name must be set before the build starts.\nPipeline: Job Plugin 1295.v395eb_7400005 escapes the display name of the build that caused an earlier build to be aborted.",
  "aliases": [
    "CVE-2023-32977"
  ],
  "modified": "2023-05-17T03:01:31.617617Z",
  "published": "2023-05-16T18:30:16Z",
  "database_specific": {
    "nvd_published_at": null,
    "cwe_ids": [
      "CWE-79"
    ],
    "severity": "HIGH",
    "github_reviewed": true,
    "github_reviewed_at": "2023-05-17T02:58:11Z"
  },
  "references": [
    {
      "type": "ADVISORY",
      "url": "https://nvd.nist.gov/vuln/detail/CVE-2023-32977"
    },
    {
      "type": "WEB",
      "url": "https://www.jenkins.io/security/advisory/2023-05-16/#SECURITY-3042"
    }
  ],
  "affected": [
    {
      "package": {
        "name": "org.jenkins-ci.plugins.workflow:workflow-job",
        "ecosystem": "Maven",
        "purl": "pkg:maven/org.jenkins-ci.plugins.workflow/workflow-job"
      },
      "ranges": [
        {
          "type": "ECOSYSTEM",
          "events": [
            {
              "introduced": "0"
            },
            {
              "fixed": "1295.v395eb"
            }
          ]
        }
      ],
      "versions": [
        "0.1-beta-1",
        "0.1-beta-2",
        "0.1-beta-3",
        "0.1-beta-4",
        "0.1-beta-5",
        "0.1-beta-6",
        "0.1-beta-7",
        "0.1-beta-8",
        "1.0",
        "1.0-beta-1",
        "1.1",
        "1.10",
        "1.10-beta-1",
        "1.10.1",
        "1.11",
        "1.11-beta-1",
        "1.11-beta-2",
        "1.11-beta-3",
        "1.11-beta-4",
        "1.12",
        "1.12-beta-1",
        "1.12-beta-2",
        "1.12-beta-3",
        "1.13",
        "1.14",
        "1.14-beta-1",
        "1.14.1",
        "1.14.1-beta-1",
        "1.14.2",
        "1.15",
        "1.15-beta-1",
        "1.2",
        "1.3",
        "1.4",
        "1.4.1",
        "1.4.2",
        "1.4.3",
        "1.4.3-beta-1",
        "1.5",
        "1.6",
        "1.6-alpha-1",
        "1.7",
        "1.7-alpha-1",
        "1.8",
        "1.9",
        "1.9-beta-1",
        "1145.v7f2433caa07f",
        "1156.v7539182e7b_d5",
        "1167.v8fe861b_09ef9",
        "1174.1176.va_29023983d67",
        "1174.vdcb_d054cf74a_",
        "1180.v04c4e75dce43",
        "1181.va_25d15548158",
        "1182.v60a_e6279b_579",
        "1186.v8def1a_5f3944",
        "1189.va_d37a_e9e4eda_",
        "1203.v7b_7023424efe",
        "1206.vc48d96b_930b_2",
        "1207.ve6191ff089f8",
        "1226.v44f718dcfe1f",
        "1229.vb_7c2419a_b_558",
        "1232.v5a_4c994312f1",
        "1236.vc3a_d1602f439",
        "1239.v71b_b_a_124a_725",
        "1246.v6110f5347f1f",
        "1249.v7d974144cc14",
        "1254.v3f64639b_11dd",
        "1268.v6eb_e2ee1a_85a",
        "1282.ve6d865025906",
        "1284.v2fe8ed4573d4",
        "1289.vd1c337fd5354",
        "1292.v27d8cc3e2602",
        "2.0",
        "2.1",
        "2.10",
        "2.11",
        "2.11.1",
        "2.11.2",
        "2.12",
        "2.12.1",
        "2.12.2",
        "2.13",
        "2.14",
        "2.14.1",
        "2.15",
        "2.16",
        "2.17",
        "2.17-durability-beta-1",
        "2.17-durability-beta-2",
        "2.18",
        "2.19",
        "2.2",
        "2.2-beta-1",
        "2.20",
        "2.21",
        "2.22",
        "2.23",
        "2.24",
        "2.25",
        "2.26",
        "2.26-beta-1",
        "2.27",
        "2.28",
        "2.29",
        "2.3",
        "2.30",
        "2.31",
        "2.32",
        "2.33",
        "2.34",
        "2.35",
        "2.36",
        "2.37",
        "2.38",
        "2.39",
        "2.4",
        "2.40",
        "2.41",
        "2.41.1",
        "2.42",
        "2.5",
        "2.6",
        "2.7",
        "2.8",
        "2.9"
      ],
      "database_specific": {
        "source": "https://github.com/github/advisory-database/blob/main/advisories/github-reviewed/2023/05/GHSA-2wvv-phhw-qvmc/GHSA-2wvv-phhw-qvmc.json"
      }
    }
  ],
  "schema_version": "1.4.0",
  "severity": [
    {
      "type": "CVSS_V3",
      "score": "CVSS:3.1/AV:N/AC:H/PR:L/UI:N/S:U/C:H/I:H/A:H"
    }
  ]
}