{
  "id": "GHSA-49j4-v37g-5gg2",
  "summary": "Missing Authorization in Jenkins EasyQA Plugin",
  "details": "A missing permission check in Jenkins EasyQA Plugin 1.0 and earlier allows attackers with Overall/Read permission to connect to an attacker-specified HTTP server.",
  "aliases": [
    "CVE-2022-34204"
  ],
  "modified": "2023-04-11T01:29:44.178230Z",
  "published": "2022-06-24T00:00:31Z",
  "database_specific": {
    "nvd_published_at": "2022-06-23T17:15:00Z",
    "github_reviewed_at": "2022-07-05T22:59:36Z",
    "severity": "MODERATE",
    "github_reviewed": true,
    "cwe_ids": [
      "CWE-862"
    ]
  },
  "references": [
    {
      "type": "ADVISORY",
      "url": "https://nvd.nist.gov/vuln/detail/CVE-2022-34204"
    },
    {
      "type": "PACKAGE",
      "url": "https://github.com/jenkinsci/easyqa-plugin"
    },
    {
      "type": "WEB",
      "url": "https://www.jenkins.io/security/advisory/2022-06-22/#SECURITY-2281"
    }
  ],
  "affected": [
    {
      "package": {
        "name": "com.geteasyqa:easyqa",
        "ecosystem": "Maven",
        "purl": "pkg:maven/com.geteasyqa/easyqa"
      },
      "ranges": [
        {
          "type": "ECOSYSTEM",
          "events": [
            {
              "introduced": "0"
            },
            {
              "last_affected": "1.0"
            }
          ]
        }
      ],
      "versions": [
        "1.0"
      ],
      "database_specific": {
        "source": "https://github.com/github/advisory-database/blob/main/advisories/github-reviewed/2022/06/GHSA-49j4-v37g-5gg2/GHSA-49j4-v37g-5gg2.json"
      }
    }
  ],
  "schema_version": "1.4.0",
  "severity": [
    {
      "type": "CVSS_V3",
      "score": "CVSS:3.1/AV:N/AC:L/PR:L/UI:N/S:U/C:N/I:L/A:N"
    }
  ]
}