{
  "id": "GHSA-3f3w-gmqf-4hj3",
  "summary": "Apache Linkis subject to Remote Code Execution via deserialization",
  "details": "In Apache Linkis <=1.2.0 when used with the MySQL Connector/J, a deserialization vulnerability with possible remote code execution impact exists when an attacker has write access to a database and configures a JDBC EC with a MySQL data source and malicious parameters. Therefore, the parameters in the jdbc url should be blacklisted. This issue is patched in version 1.3.0, and users are recommended to upgrade.",
  "aliases": [
    "CVE-2022-39944"
  ],
  "modified": "2023-04-11T01:44:11.522754Z",
  "published": "2022-10-26T19:00:38Z",
  "database_specific": {
    "nvd_published_at": "2022-10-26T16:15:00Z",
    "github_reviewed_at": "2022-10-27T18:40:10Z",
    "severity": "HIGH",
    "github_reviewed": true,
    "cwe_ids": [
      "CWE-502"
    ]
  },
  "references": [
    {
      "type": "ADVISORY",
      "url": "https://nvd.nist.gov/vuln/detail/CVE-2022-39944"
    },
    {
      "type": "PACKAGE",
      "url": "https://github.com/apache/incubator-linkis"
    },
    {
      "type": "WEB",
      "url": "https://lists.apache.org/thread/rxytj48q17304snonjtyt5lnlw64gccc"
    }
  ],
  "affected": [
    {
      "package": {
        "name": "org.apache.linkis:linkis",
        "ecosystem": "Maven",
        "purl": "pkg:maven/org.apache.linkis/linkis"
      },
      "ranges": [
        {
          "type": "ECOSYSTEM",
          "events": [
            {
              "introduced": "0"
            },
            {
              "fixed": "1.3.0"
            }
          ]
        }
      ],
      "versions": [
        "1.0.3",
        "1.1.0",
        "1.1.1",
        "1.1.2",
        "1.1.3",
        "1.2.0"
      ],
      "database_specific": {
        "source": "https://github.com/github/advisory-database/blob/main/advisories/github-reviewed/2022/10/GHSA-3f3w-gmqf-4hj3/GHSA-3f3w-gmqf-4hj3.json"
      }
    }
  ],
  "schema_version": "1.4.0",
  "severity": [
    {
      "type": "CVSS_V3",
      "score": "CVSS:3.1/AV:N/AC:L/PR:L/UI:N/S:U/C:H/I:H/A:H"
    }
  ]
}