{
  "id": "GHSA-4cmq-88f8-53r5",
  "summary": "Jenkins CRX Content Package Deployer Plugin subject to credentials enumeration via Missing Authorization",
  "details": "A missing permission check in Jenkins CRX Content Package Deployer Plugin prior to version 1.9 in various 'doFillCredentialsIdItems' methods allowed users with Overall/Read access to enumerate credentials ID of credentials stored in Jenkins. This issue is patched in version 1.9.",
  "aliases": [
    "CVE-2019-10439"
  ],
  "modified": "2023-04-11T01:33:12.526123Z",
  "published": "2022-05-24T16:58:49Z",
  "database_specific": {
    "nvd_published_at": "2019-10-16T14:15:00Z",
    "github_reviewed_at": "2022-12-06T21:25:47Z",
    "severity": "MODERATE",
    "github_reviewed": true,
    "cwe_ids": [
      "CWE-285",
      "CWE-862"
    ]
  },
  "references": [
    {
      "type": "ADVISORY",
      "url": "https://nvd.nist.gov/vuln/detail/CVE-2019-10439"
    },
    {
      "type": "WEB",
      "url": "https://github.com/jenkinsci/crx-content-package-deployer-plugin/commit/06cd0e7e1b3f2fb87b3fa332ee1da710ca94b8e1"
    },
    {
      "type": "PACKAGE",
      "url": "https://github.com/jenkinsci/crx-content-package-deployer-plugin/"
    },
    {
      "type": "WEB",
      "url": "https://jenkins.io/security/advisory/2019-10-16/#SECURITY-1006%20(2)"
    }
  ],
  "affected": [
    {
      "package": {
        "name": "org.jenkins-ci.plugins:crx-content-package-deployer",
        "ecosystem": "Maven",
        "purl": "pkg:maven/org.jenkins-ci.plugins/crx-content-package-deployer"
      },
      "ranges": [
        {
          "type": "ECOSYSTEM",
          "events": [
            {
              "introduced": "0"
            },
            {
              "fixed": "1.9"
            }
          ]
        }
      ],
      "versions": [
        "1.0",
        "1.1",
        "1.2",
        "1.2.1",
        "1.2.2",
        "1.3",
        "1.3.1",
        "1.3.2",
        "1.4",
        "1.5",
        "1.5.1",
        "1.5.2",
        "1.5.3",
        "1.5.4",
        "1.6",
        "1.6.1",
        "1.6.2",
        "1.6.3",
        "1.7",
        "1.7.1",
        "1.7.2",
        "1.8",
        "1.8.1"
      ],
      "database_specific": {
        "source": "https://github.com/github/advisory-database/blob/main/advisories/github-reviewed/2022/05/GHSA-4cmq-88f8-53r5/GHSA-4cmq-88f8-53r5.json"
      }
    }
  ],
  "schema_version": "1.4.0",
  "severity": [
    {
      "type": "CVSS_V3",
      "score": "CVSS:3.1/AV:N/AC:L/PR:L/UI:N/S:U/C:L/I:N/A:N"
    }
  ]
}