{
  "id": "GHSA-2gw6-73wc-x88f",
  "summary": "Apache Geode information disclosure vulnerability",
  "details": "Apache Geode before 1.1.1, when a cluster has enabled security by setting the security-manager property, allows remote authenticated users with CLUSTER:READ but not DATA:READ permission to access the data browser page in Pulse and consequently execute an OQL query that exposes data stored in the cluster.",
  "aliases": [
    "CVE-2017-5649"
  ],
  "modified": "2022-11-08T14:33:24Z",
  "published": "2022-05-17T02:50:39Z",
  "database_specific": {
    "nvd_published_at": "2017-04-04T18:59:00Z",
    "github_reviewed_at": "2022-11-08T14:33:24Z",
    "severity": "HIGH",
    "github_reviewed": true,
    "cwe_ids": [
      "CWE-200"
    ]
  },
  "references": [
    {
      "type": "ADVISORY",
      "url": "https://nvd.nist.gov/vuln/detail/CVE-2017-5649"
    },
    {
      "type": "WEB",
      "url": "http://mail-archives.apache.org/mod_mbox/geode-user/201704.mbox/%3cCAEwge-E4y=EVfhwpfRwsbnBH_hBS3Q-BJS+1BX5omYGW4dnR1w@mail.gmail.com%3e"
    }
  ],
  "affected": [
    {
      "package": {
        "name": "org.apache.geode:geode-core",
        "ecosystem": "Maven",
        "purl": "pkg:maven/org.apache.geode/geode-core"
      },
      "ranges": [
        {
          "type": "ECOSYSTEM",
          "events": [
            {
              "introduced": "1.1.0"
            },
            {
              "fixed": "1.1.1"
            }
          ]
        }
      ],
      "versions": [
        "1.1.0"
      ],
      "database_specific": {
        "source": "https://github.com/github/advisory-database/blob/main/advisories/github-reviewed/2022/05/GHSA-2gw6-73wc-x88f/GHSA-2gw6-73wc-x88f.json"
      }
    }
  ],
  "schema_version": "1.4.0",
  "severity": [
    {
      "type": "CVSS_V3",
      "score": "CVSS:3.0/AV:N/AC:L/PR:N/UI:N/S:U/C:H/I:N/A:N"
    }
  ]
}