{
  "id": "GHSA-2pc2-h97h-2mmw",
  "summary": "Jenkins iceScrum Plugin vulnerable to stored Cross-site Scripting",
  "details": "Jenkins iceScrum Plugin 1.1.6 and earlier does not sanitize iceScrum project URLs on build views, resulting in a stored cross-site scripting (XSS) vulnerability exploitable by attackers able to configure jobs.",
  "aliases": [
    "CVE-2024-28160"
  ],
  "modified": "2024-03-06T20:27:43.834375Z",
  "published": "2024-03-06T18:30:39Z",
  "database_specific": {
    "nvd_published_at": "2024-03-06T17:15:11Z",
    "cwe_ids": [
      "CWE-79"
    ],
    "severity": "HIGH",
    "github_reviewed": true,
    "github_reviewed_at": "2024-03-06T20:13:56Z"
  },
  "references": [
    {
      "type": "ADVISORY",
      "url": "https://nvd.nist.gov/vuln/detail/CVE-2024-28160"
    },
    {
      "type": "PACKAGE",
      "url": "https://github.com/jenkinsci/icescrum-plugin"
    },
    {
      "type": "WEB",
      "url": "https://www.jenkins.io/security/advisory/2024-03-06/#SECURITY-3248"
    }
  ],
  "affected": [
    {
      "package": {
        "name": "org.jenkins-ci.plugins:icescrum",
        "ecosystem": "Maven",
        "purl": "pkg:maven/org.jenkins-ci.plugins/icescrum"
      },
      "ranges": [
        {
          "type": "ECOSYSTEM",
          "events": [
            {
              "introduced": "0"
            },
            {
              "last_affected": "1.1.6"
            }
          ]
        }
      ],
      "versions": [
        "1.0",
        "1.0.1",
        "1.0.2",
        "1.0.3",
        "1.0.5.10",
        "1.0.5.7",
        "1.0.5.8",
        "1.0.5.9",
        "1.1",
        "1.1.1",
        "1.1.2",
        "1.1.3",
        "1.1.4",
        "1.1.5",
        "1.1.6"
      ],
      "database_specific": {
        "source": "https://github.com/github/advisory-database/blob/main/advisories/github-reviewed/2024/03/GHSA-2pc2-h97h-2mmw/GHSA-2pc2-h97h-2mmw.json"
      }
    }
  ],
  "schema_version": "1.6.0",
  "severity": [
    {
      "type": "CVSS_V3",
      "score": "CVSS:3.1/AV:N/AC:L/PR:L/UI:R/S:U/C:H/I:H/A:H"
    }
  ]
}