{
  "id": "GHSA-2v6r-jf2g-j5q5",
  "summary": "Cross-site Scripting in Jenkins Rich Text Publisher Plugin",
  "details": "Jenkins Rich Text Publisher Plugin 1.4 and earlier does not escape the HTML message set by its post-build step, resulting in a stored cross-site scripting (XSS) vulnerability exploitable by attackers able to configure jobs.",
  "aliases": [
    "CVE-2022-34786"
  ],
  "modified": "2023-04-11T01:25:11.042817Z",
  "published": "2022-07-01T00:01:07Z",
  "database_specific": {
    "nvd_published_at": "2022-06-30T18:15:00Z",
    "github_reviewed_at": "2022-07-12T18:24:49Z",
    "severity": "HIGH",
    "github_reviewed": true,
    "cwe_ids": [
      "CWE-79"
    ]
  },
  "references": [
    {
      "type": "ADVISORY",
      "url": "https://nvd.nist.gov/vuln/detail/CVE-2022-34786"
    },
    {
      "type": "PACKAGE",
      "url": "https://github.com/jenkinsci/rich-text-publisher-plugin"
    },
    {
      "type": "WEB",
      "url": "https://www.jenkins.io/security/advisory/2022-06-30/#SECURITY-2332"
    }
  ],
  "affected": [
    {
      "package": {
        "name": "org.jenkins-ci.plugins:rich-text-publisher-plugin",
        "ecosystem": "Maven",
        "purl": "pkg:maven/org.jenkins-ci.plugins/rich-text-publisher-plugin"
      },
      "ranges": [
        {
          "type": "ECOSYSTEM",
          "events": [
            {
              "introduced": "0"
            },
            {
              "last_affected": "1.4"
            }
          ]
        }
      ],
      "versions": [
        "1.0",
        "1.1",
        "1.2",
        "1.3",
        "1.4"
      ],
      "database_specific": {
        "source": "https://github.com/github/advisory-database/blob/main/advisories/github-reviewed/2022/07/GHSA-2v6r-jf2g-j5q5/GHSA-2v6r-jf2g-j5q5.json"
      }
    }
  ],
  "schema_version": "1.4.0",
  "severity": [
    {
      "type": "CVSS_V3",
      "score": "CVSS:3.1/AV:N/AC:L/PR:L/UI:R/S:U/C:H/I:H/A:H"
    }
  ]
}