{
  "id": "GHSA-29q6-p2cg-4v23",
  "summary": "Arbitrary file write vulnerability in Jenkins Pipeline: Input Step Plugin",
  "details": "Pipeline: Input Step Plugin 448.v37cea_9a_10a_70 and earlier allows Pipeline authors to specify `file` parameters for Pipeline `input` steps even though they are unsupported. Although the uploaded file is not copied to the workspace, Jenkins archives the file on the controller as part of build metadata using the parameter name without sanitization as a relative path inside a build-related directory.\n\nThis allows attackers able to configure Pipelines to create or replace arbitrary files on the Jenkins controller file system with attacker-specified content.\n\nPipeline: Input Step Plugin 449.v77f0e8b_845c4 prohibits use of `file` parameters for Pipeline `input` steps. Attempts to use them will fail Pipeline execution.",
  "aliases": [
    "CVE-2022-34177"
  ],
  "modified": "2023-04-11T01:36:43.210440Z",
  "published": "2022-06-24T00:00:31Z",
  "database_specific": {
    "nvd_published_at": "2022-06-23T17:15:00Z",
    "github_reviewed_at": "2022-07-05T22:56:27Z",
    "severity": "HIGH",
    "github_reviewed": true,
    "cwe_ids": [
      "CWE-22"
    ]
  },
  "references": [
    {
      "type": "ADVISORY",
      "url": "https://nvd.nist.gov/vuln/detail/CVE-2022-34177"
    },
    {
      "type": "WEB",
      "url": "https://github.com/jenkinsci/pipeline-input-step-plugin/commit/77f0e8b845c4ad429f6c717eab21cf4e7a69168e"
    },
    {
      "type": "PACKAGE",
      "url": "https://github.com/jenkinsci/pipeline-input-step-plugin"
    },
    {
      "type": "WEB",
      "url": "https://www.jenkins.io/security/advisory/2022-06-22/#SECURITY-2705"
    }
  ],
  "affected": [
    {
      "package": {
        "name": "org.jenkins-ci.plugins:pipeline-input-step",
        "ecosystem": "Maven",
        "purl": "pkg:maven/org.jenkins-ci.plugins/pipeline-input-step"
      },
      "ranges": [
        {
          "type": "ECOSYSTEM",
          "events": [
            {
              "introduced": "0"
            },
            {
              "fixed": "449.v77f0e8b"
            }
          ]
        }
      ],
      "versions": [
        "2.0",
        "2.1",
        "2.10",
        "2.11",
        "2.12",
        "2.12.1",
        "2.12.2",
        "2.2",
        "2.3",
        "2.4",
        "2.5",
        "2.6",
        "2.7",
        "2.8",
        "2.9",
        "427.va6441fa17010",
        "446.vf27b_0b_83500e",
        "447.449.v193fd29f6021",
        "447.v95e5a_6e3502a_",
        "448.v37cea_9a_10a_70"
      ],
      "database_specific": {
        "source": "https://github.com/github/advisory-database/blob/main/advisories/github-reviewed/2022/06/GHSA-29q6-p2cg-4v23/GHSA-29q6-p2cg-4v23.json"
      }
    }
  ],
  "schema_version": "1.4.0",
  "severity": [
    {
      "type": "CVSS_V3",
      "score": "CVSS:3.1/AV:N/AC:L/PR:L/UI:N/S:U/C:H/I:H/A:H"
    }
  ]
}