{
  "id": "GHSA-24ww-mc5x-xc43",
  "summary": "Man-in-the-middle attack in Apache Cassandra",
  "details": "In Apache Cassandra, all versions prior to 2.1.22, 2.2.18, 3.0.22, 3.11.8 and 4.0-beta2, it is possible for a local attacker without access to the Apache Cassandra process or configuration files to manipulate the RMI registry to perform a man-in-the-middle attack and capture user names and passwords used to access the JMX interface. The attacker can then use these credentials to access the JMX interface and perform unauthorised operations. Users should also be aware of CVE-2019-2684, a JRE vulnerability that enables this issue to be exploited remotely.",
  "aliases": [
    "BIT-cassandra-2020-13946",
    "CVE-2020-13946"
  ],
  "modified": "2024-02-17T05:33:58.960995Z",
  "published": "2021-05-07T15:54:46Z",
  "database_specific": {
    "nvd_published_at": "2020-09-01T21:15:00Z",
    "cwe_ids": [
      "CWE-668"
    ],
    "severity": "MODERATE",
    "github_reviewed": true,
    "github_reviewed_at": "2021-05-05T19:22:12Z"
  },
  "references": [
    {
      "type": "ADVISORY",
      "url": "https://nvd.nist.gov/vuln/detail/CVE-2020-13946"
    },
    {
      "type": "WEB",
      "url": "https://lists.apache.org/thread.html/r1fd117082b992e7d43c1286e966c285f98aa362e685695d999ff42f7@%3Cuser.cassandra.apache.org%3E"
    },
    {
      "type": "WEB",
      "url": "https://lists.apache.org/thread.html/r718e01f61b35409a4f7a3ccbc1cb5136a1558a9f9c2cb8d4ca9be1ce@%3Cuser.cassandra.apache.org%3E"
    },
    {
      "type": "WEB",
      "url": "https://lists.apache.org/thread.html/rab8d90d28f944d84e4d7852f355a25c89451ae02c2decc4d355a9cfc@%3Cuser.cassandra.apache.org%3E"
    },
    {
      "type": "WEB",
      "url": "https://lists.apache.org/thread.html/rcd7544b24d8fc32b7950ec4c117052410b661babaa857fb1fc641152%40%3Cuser.cassandra.apache.org%3E"
    },
    {
      "type": "WEB",
      "url": "https://security.netapp.com/advisory/ntap-20210521-0005"
    }
  ],
  "affected": [
    {
      "package": {
        "name": "org.apache.cassandra:cassandra-all",
        "ecosystem": "Maven",
        "purl": "pkg:maven/org.apache.cassandra/cassandra-all"
      },
      "ranges": [
        {
          "type": "ECOSYSTEM",
          "events": [
            {
              "introduced": "2.1.0"
            },
            {
              "fixed": "2.1.12"
            }
          ]
        }
      ],
      "versions": [
        "2.1.0",
        "2.1.1",
        "2.1.10",
        "2.1.11",
        "2.1.2",
        "2.1.3",
        "2.1.4",
        "2.1.5",
        "2.1.6",
        "2.1.7",
        "2.1.8",
        "2.1.9"
      ],
      "database_specific": {
        "source": "https://github.com/github/advisory-database/blob/main/advisories/github-reviewed/2021/05/GHSA-24ww-mc5x-xc43/GHSA-24ww-mc5x-xc43.json"
      }
    },
    {
      "package": {
        "name": "org.apache.cassandra:cassandra-all",
        "ecosystem": "Maven",
        "purl": "pkg:maven/org.apache.cassandra/cassandra-all"
      },
      "ranges": [
        {
          "type": "ECOSYSTEM",
          "events": [
            {
              "introduced": "2.2.0"
            },
            {
              "fixed": "2.2.18"
            }
          ]
        }
      ],
      "versions": [
        "2.2.0",
        "2.2.1",
        "2.2.10",
        "2.2.11",
        "2.2.12",
        "2.2.13",
        "2.2.14",
        "2.2.15",
        "2.2.16",
        "2.2.17",
        "2.2.2",
        "2.2.3",
        "2.2.4",
        "2.2.5",
        "2.2.6",
        "2.2.7",
        "2.2.8",
        "2.2.9"
      ],
      "database_specific": {
        "source": "https://github.com/github/advisory-database/blob/main/advisories/github-reviewed/2021/05/GHSA-24ww-mc5x-xc43/GHSA-24ww-mc5x-xc43.json"
      }
    },
    {
      "package": {
        "name": "org.apache.cassandra:cassandra-all",
        "ecosystem": "Maven",
        "purl": "pkg:maven/org.apache.cassandra/cassandra-all"
      },
      "ranges": [
        {
          "type": "ECOSYSTEM",
          "events": [
            {
              "introduced": "3.0.0"
            },
            {
              "fixed": "3.0.22"
            }
          ]
        }
      ],
      "versions": [
        "3.0.0",
        "3.0.1",
        "3.0.10",
        "3.0.11",
        "3.0.12",
        "3.0.13",
        "3.0.14",
        "3.0.15",
        "3.0.16",
        "3.0.17",
        "3.0.18",
        "3.0.19",
        "3.0.2",
        "3.0.20",
        "3.0.21",
        "3.0.3",
        "3.0.4",
        "3.0.5",
        "3.0.6",
        "3.0.7",
        "3.0.8",
        "3.0.9"
      ],
      "database_specific": {
        "source": "https://github.com/github/advisory-database/blob/main/advisories/github-reviewed/2021/05/GHSA-24ww-mc5x-xc43/GHSA-24ww-mc5x-xc43.json"
      }
    },
    {
      "package": {
        "name": "org.apache.cassandra:cassandra-all",
        "ecosystem": "Maven",
        "purl": "pkg:maven/org.apache.cassandra/cassandra-all"
      },
      "ranges": [
        {
          "type": "ECOSYSTEM",
          "events": [
            {
              "introduced": "3.11.0"
            },
            {
              "fixed": "3.11.8"
            }
          ]
        }
      ],
      "versions": [
        "3.11.0",
        "3.11.1",
        "3.11.2",
        "3.11.3",
        "3.11.4",
        "3.11.5",
        "3.11.6",
        "3.11.7"
      ],
      "database_specific": {
        "source": "https://github.com/github/advisory-database/blob/main/advisories/github-reviewed/2021/05/GHSA-24ww-mc5x-xc43/GHSA-24ww-mc5x-xc43.json"
      }
    },
    {
      "package": {
        "name": "org.apache.cassandra:cassandra-all",
        "ecosystem": "Maven",
        "purl": "pkg:maven/org.apache.cassandra/cassandra-all"
      },
      "ranges": [
        {
          "type": "ECOSYSTEM",
          "events": [
            {
              "introduced": "4.0-beta1"
            },
            {
              "fixed": "4.0-beta2"
            }
          ]
        }
      ],
      "versions": [
        "4.0-beta1"
      ],
      "database_specific": {
        "source": "https://github.com/github/advisory-database/blob/main/advisories/github-reviewed/2021/05/GHSA-24ww-mc5x-xc43/GHSA-24ww-mc5x-xc43.json"
      }
    }
  ],
  "schema_version": "1.6.0",
  "severity": [
    {
      "type": "CVSS_V3",
      "score": "CVSS:3.1/AV:N/AC:H/PR:N/UI:N/S:U/C:H/I:N/A:N"
    }
  ]
}