{
  "id": "GHSA-2fxf-qj94-3f83",
  "summary": "Apache JSPWiki XSS due to crafted request on XHRHtml2Markup.jsp",
  "details": "A carefully crafted request on XHRHtml2Markup.jsp could trigger an XSS vulnerability on Apache JSPWiki up to and including 2.11.2, which could allow the attacker to execute javascript in the victim's browser and get some sensitive information about the victim. Version 2.11.3 contains a fix for the problem",
  "aliases": [
    "CVE-2022-27166"
  ],
  "modified": "2023-04-11T01:31:52.063365Z",
  "published": "2022-08-05T00:00:31Z",
  "database_specific": {
    "nvd_published_at": "2022-08-04T07:15:00Z",
    "github_reviewed_at": "2022-08-11T15:44:49Z",
    "severity": "MODERATE",
    "github_reviewed": true,
    "cwe_ids": [
      "CWE-79"
    ]
  },
  "references": [
    {
      "type": "ADVISORY",
      "url": "https://nvd.nist.gov/vuln/detail/CVE-2022-27166"
    },
    {
      "type": "PACKAGE",
      "url": "https://github.com/apache/jspwiki"
    },
    {
      "type": "WEB",
      "url": "https://jspwiki-wiki.apache.org/Wiki.jsp?page=CVE-2022-28732"
    }
  ],
  "affected": [
    {
      "package": {
        "name": "org.apache.jspwiki:jspwiki-main",
        "ecosystem": "Maven",
        "purl": "pkg:maven/org.apache.jspwiki/jspwiki-main"
      },
      "ranges": [
        {
          "type": "ECOSYSTEM",
          "events": [
            {
              "introduced": "0"
            },
            {
              "fixed": "2.11.3"
            }
          ]
        }
      ],
      "versions": [
        "2.11.0",
        "2.11.0.M1",
        "2.11.0.M2",
        "2.11.0.M3",
        "2.11.0.M4",
        "2.11.0.M5",
        "2.11.0.M6",
        "2.11.0.M7",
        "2.11.0.M8",
        "2.11.1",
        "2.11.2"
      ],
      "database_specific": {
        "last_known_affected_version_range": "<= 2.11.2",
        "source": "https://github.com/github/advisory-database/blob/main/advisories/github-reviewed/2022/08/GHSA-2fxf-qj94-3f83/GHSA-2fxf-qj94-3f83.json"
      }
    }
  ],
  "schema_version": "1.4.0",
  "severity": [
    {
      "type": "CVSS_V3",
      "score": "CVSS:3.1/AV:N/AC:L/PR:N/UI:R/S:C/C:L/I:L/A:N"
    }
  ]
}