{
  "id": "GHSA-4f6x-g5vh-8jm5",
  "summary": "Stored XSS vulnerability in Jenkins Active Choices Plugin",
  "details": "Active Choices Plugin 2.5.2 and earlier does not escape reference parameter values.\n\nThis results in a stored cross-site scripting (XSS) vulnerability exploitable by attackers with Job/Configure permission.\n\nActive Choices Plugin 2.5.3 escapes reference parameter values.",
  "aliases": [
    "CVE-2021-21616"
  ],
  "modified": "2023-04-11T01:45:33.138490Z",
  "published": "2022-05-24T17:43:01Z",
  "database_specific": {
    "nvd_published_at": "2021-02-24T16:15:00Z",
    "github_reviewed_at": "2022-12-13T18:54:35Z",
    "severity": "HIGH",
    "github_reviewed": true,
    "cwe_ids": [
      "CWE-79"
    ]
  },
  "references": [
    {
      "type": "ADVISORY",
      "url": "https://nvd.nist.gov/vuln/detail/CVE-2021-21616"
    },
    {
      "type": "PACKAGE",
      "url": "https://github.com/jenkinsci/active-choices-plugin"
    },
    {
      "type": "WEB",
      "url": "https://www.jenkins.io/security/advisory/2021-02-24/#SECURITY-2192"
    },
    {
      "type": "WEB",
      "url": "http://www.openwall.com/lists/oss-security/2021/02/24/3"
    }
  ],
  "affected": [
    {
      "package": {
        "name": "org.biouno:uno-choice",
        "ecosystem": "Maven",
        "purl": "pkg:maven/org.biouno/uno-choice"
      },
      "ranges": [
        {
          "type": "ECOSYSTEM",
          "events": [
            {
              "introduced": "0"
            },
            {
              "fixed": "2.5.3"
            }
          ]
        }
      ],
      "versions": [
        "1.0",
        "1.1",
        "1.2",
        "1.3",
        "1.4",
        "1.5-alpha-1",
        "1.5.0",
        "1.5.1",
        "1.5.2",
        "1.5.3",
        "1.5.3-alpha",
        "2.0",
        "2.1",
        "2.2",
        "2.2.1",
        "2.2.2",
        "2.3",
        "2.4",
        "2.5",
        "2.5.1",
        "2.5.2"
      ],
      "database_specific": {
        "last_known_affected_version_range": "<= 2.5.2",
        "source": "https://github.com/github/advisory-database/blob/main/advisories/github-reviewed/2022/05/GHSA-4f6x-g5vh-8jm5/GHSA-4f6x-g5vh-8jm5.json"
      }
    }
  ],
  "schema_version": "1.4.0",
  "severity": [
    {
      "type": "CVSS_V3",
      "score": "CVSS:3.1/AV:N/AC:L/PR:L/UI:R/S:U/C:H/I:H/A:H"
    }
  ]
}