{
  "id": "GHSA-32w9-2qpc-5f9v",
  "summary": "Docker image code execution with Apache Mesos",
  "details": "A specifically crafted Docker image running under the root user can overwrite the init helper binary of the container runtime and/or the command executor in Apache Mesos versions pre-1.4.x, 1.4.0 to 1.4.2, 1.5.0 to 1.5.2, 1.6.0 to 1.6.1, and 1.7.0 to 1.7.1. A malicious actor can therefore gain root-level code execution on the host.",
  "aliases": [
    "CVE-2019-0204"
  ],
  "modified": "2023-04-11T01:27:45.611363Z",
  "published": "2022-05-13T01:04:24Z",
  "database_specific": {
    "nvd_published_at": "2019-03-25T22:29:00Z",
    "github_reviewed_at": "2022-11-01T23:33:48Z",
    "severity": "HIGH",
    "github_reviewed": true,
    "cwe_ids": []
  },
  "references": [
    {
      "type": "ADVISORY",
      "url": "https://nvd.nist.gov/vuln/detail/CVE-2019-0204"
    },
    {
      "type": "WEB",
      "url": "https://access.redhat.com/errata/RHSA-2019:3892"
    },
    {
      "type": "WEB",
      "url": "https://lists.apache.org/thread.html/b162dd624dc088cd634292f0402282a1d1d0ce853baeae8205bc033c@%3Cdev.mesos.apache.org%3E"
    },
    {
      "type": "WEB",
      "url": "http://www.securityfocus.com/bid/107605"
    }
  ],
  "affected": [
    {
      "package": {
        "name": "org.apache.mesos:mesos",
        "ecosystem": "Maven",
        "purl": "pkg:maven/org.apache.mesos/mesos"
      },
      "ranges": [
        {
          "type": "ECOSYSTEM",
          "events": [
            {
              "introduced": "0"
            },
            {
              "fixed": "1.4.3"
            }
          ]
        }
      ],
      "versions": [
        "0.10.0-incubating",
        "0.11.0-incubating",
        "0.12.0-incubating",
        "0.12.1",
        "0.13.0",
        "0.14.0",
        "0.14.1",
        "0.14.2",
        "0.15.0",
        "0.15.0-rc3",
        "0.15.0-rc4",
        "0.16.0",
        "0.16.0-rc4",
        "0.16.0-rc5",
        "0.17.0",
        "0.17.0-rc1",
        "0.17.0-rc2",
        "0.18.0",
        "0.18.0-rc1",
        "0.18.0-rc2",
        "0.18.0-rc3",
        "0.18.0-rc4",
        "0.18.0-rc5",
        "0.18.0-rc6",
        "0.18.1",
        "0.18.1-rc1",
        "0.18.1-rc2",
        "0.18.2",
        "0.18.2-rc1",
        "0.19.0",
        "0.19.0-rc3",
        "0.19.1",
        "0.19.1-rc1",
        "0.20.0",
        "0.20.0-rc1",
        "0.20.0-rc2",
        "0.20.1",
        "0.20.1-rc1",
        "0.20.1-rc2",
        "0.20.1-rc3",
        "0.21.0",
        "0.21.0-rc1",
        "0.21.0-rc2",
        "0.21.0-rc3",
        "0.21.1",
        "0.21.1-rc1",
        "0.21.1-rc2",
        "0.21.2",
        "0.21.2-rc1",
        "0.22.0",
        "0.22.0-rc4",
        "0.22.1",
        "0.22.1-rc5",
        "0.22.1-rc6",
        "0.22.2",
        "0.22.2-rc1",
        "0.23.0",
        "0.23.0-rc1",
        "0.23.0-rc2",
        "0.23.0-rc3",
        "0.23.0-rc4",
        "0.23.1",
        "0.23.1-rc1",
        "0.24.0",
        "0.24.0-rc1",
        "0.24.0-rc2",
        "0.24.1",
        "0.24.1-rc1",
        "0.24.2",
        "0.24.2-rc1",
        "0.24.2-rc2",
        "0.24.2-rc3",
        "0.24.2-rc4",
        "0.24.2-rc5",
        "0.25.0",
        "0.25.0-rc1",
        "0.25.0-rc2",
        "0.25.0-rc3",
        "0.25.1",
        "0.25.1-rc1",
        "0.25.1-rc2",
        "0.25.1-rc3",
        "0.25.1-rc4",
        "0.26.0",
        "0.26.0-rc1",
        "0.26.0-rc2",
        "0.26.0-rc3",
        "0.26.0-rc4",
        "0.26.0-rc5",
        "0.26.1",
        "0.26.1-rc1",
        "0.26.1-rc2",
        "0.26.1-rc3",
        "0.26.1-rc4",
        "0.26.2",
        "0.26.2-rc1",
        "0.27.0",
        "0.27.0-rc1",
        "0.27.0-rc2",
        "0.27.1",
        "0.27.1-rc1",
        "0.27.2",
        "0.27.2-rc1",
        "0.27.3",
        "0.27.3-rc1",
        "0.28.0",
        "0.28.0-rc1",
        "0.28.0-rc2",
        "0.28.1",
        "0.28.1-rc1",
        "0.28.1-rc2",
        "0.28.2",
        "0.28.2-rc1",
        "0.28.3",
        "0.28.3-rc1",
        "0.9.0-incubating",
        "1.0.0",
        "1.0.0-rc1",
        "1.0.0-rc2",
        "1.0.0-rc3",
        "1.0.0-rc4",
        "1.0.1",
        "1.0.1-rc1",
        "1.0.2",
        "1.0.2-rc1",
        "1.0.2-rc2",
        "1.0.2-rc3",
        "1.0.3",
        "1.0.3-rc1",
        "1.0.3-rc2",
        "1.0.4",
        "1.0.4-rc1",
        "1.0.4-rc2",
        "1.1.0",
        "1.1.0-rc1",
        "1.1.0-rc2",
        "1.1.0-rc3",
        "1.1.1",
        "1.1.1-rc1",
        "1.1.1-rc2",
        "1.1.2",
        "1.1.2-rc1",
        "1.1.2-rc2",
        "1.1.3",
        "1.1.3-rc1",
        "1.1.3-rc2",
        "1.2.0",
        "1.2.0-rc1",
        "1.2.0-rc2",
        "1.2.1",
        "1.2.1-rc1",
        "1.2.2",
        "1.2.2-rc1",
        "1.2.3",
        "1.2.3-rc1",
        "1.3.0",
        "1.3.0-rc1",
        "1.3.0-rc2",
        "1.3.0-rc3",
        "1.3.1",
        "1.3.1-rc1",
        "1.3.2",
        "1.3.2-rc1",
        "1.3.3-rc1",
        "1.4.0",
        "1.4.0-rc1",
        "1.4.0-rc2",
        "1.4.0-rc3",
        "1.4.1",
        "1.4.2"
      ],
      "database_specific": {
        "source": "https://github.com/github/advisory-database/blob/main/advisories/github-reviewed/2022/05/GHSA-32w9-2qpc-5f9v/GHSA-32w9-2qpc-5f9v.json"
      }
    },
    {
      "package": {
        "name": "org.apache.mesos:mesos",
        "ecosystem": "Maven",
        "purl": "pkg:maven/org.apache.mesos/mesos"
      },
      "ranges": [
        {
          "type": "ECOSYSTEM",
          "events": [
            {
              "introduced": "1.5.0"
            },
            {
              "fixed": "1.5.3"
            }
          ]
        }
      ],
      "versions": [
        "1.5.0",
        "1.5.2"
      ],
      "database_specific": {
        "source": "https://github.com/github/advisory-database/blob/main/advisories/github-reviewed/2022/05/GHSA-32w9-2qpc-5f9v/GHSA-32w9-2qpc-5f9v.json"
      }
    },
    {
      "package": {
        "name": "org.apache.mesos:mesos",
        "ecosystem": "Maven",
        "purl": "pkg:maven/org.apache.mesos/mesos"
      },
      "ranges": [
        {
          "type": "ECOSYSTEM",
          "events": [
            {
              "introduced": "1.6.0"
            },
            {
              "fixed": "1.6.2"
            }
          ]
        }
      ],
      "versions": [
        "1.6.0",
        "1.6.1"
      ],
      "database_specific": {
        "source": "https://github.com/github/advisory-database/blob/main/advisories/github-reviewed/2022/05/GHSA-32w9-2qpc-5f9v/GHSA-32w9-2qpc-5f9v.json"
      }
    },
    {
      "package": {
        "name": "org.apache.mesos:mesos",
        "ecosystem": "Maven",
        "purl": "pkg:maven/org.apache.mesos/mesos"
      },
      "ranges": [
        {
          "type": "ECOSYSTEM",
          "events": [
            {
              "introduced": "1.7.0"
            },
            {
              "fixed": "1.7.2"
            }
          ]
        }
      ],
      "versions": [
        "1.7.0",
        "1.7.1",
        "1.7.1-rc1"
      ],
      "database_specific": {
        "source": "https://github.com/github/advisory-database/blob/main/advisories/github-reviewed/2022/05/GHSA-32w9-2qpc-5f9v/GHSA-32w9-2qpc-5f9v.json"
      }
    }
  ],
  "schema_version": "1.4.0",
  "severity": [
    {
      "type": "CVSS_V3",
      "score": "CVSS:3.1/AV:L/AC:L/PR:N/UI:R/S:U/C:H/I:H/A:H"
    }
  ]
}