{
  "id": "GHSA-458h-wv48-fq75",
  "summary": "Keycloak XSS Vulnerability",
  "details": "A flaw was found in Keycloak 3.4.3.Final, 4.0.0.Beta2, 4.3.0.Final. When using `response_mode=form_post` it is possible to inject arbitrary Javascript-Code via the 'state'-parameter in the authentication URL. This allows an XSS-Attack upon succesfully login.",
  "aliases": [
    "CVE-2018-14655"
  ],
  "modified": "2023-07-21T23:02:13.595831Z",
  "published": "2022-05-13T01:34:29Z",
  "database_specific": {
    "nvd_published_at": "2018-11-13T19:29:00Z",
    "cwe_ids": [
      "CWE-79"
    ],
    "severity": "MODERATE",
    "github_reviewed": true,
    "github_reviewed_at": "2023-07-21T22:47:11Z"
  },
  "references": [
    {
      "type": "ADVISORY",
      "url": "https://nvd.nist.gov/vuln/detail/CVE-2018-14655"
    },
    {
      "type": "WEB",
      "url": "https://access.redhat.com/errata/RHSA-2018:3592"
    },
    {
      "type": "WEB",
      "url": "https://access.redhat.com/errata/RHSA-2018:3593"
    },
    {
      "type": "WEB",
      "url": "https://access.redhat.com/errata/RHSA-2018:3595"
    },
    {
      "type": "WEB",
      "url": "https://bugzilla.redhat.com/show_bug.cgi?id=CVE-2018-14655"
    }
  ],
  "affected": [
    {
      "package": {
        "name": "org.keycloak:keycloak-core",
        "ecosystem": "Maven",
        "purl": "pkg:maven/org.keycloak/keycloak-core"
      },
      "ranges": [
        {
          "type": "ECOSYSTEM",
          "events": [
            {
              "introduced": "3.4.3.Final"
            },
            {
              "last_affected": "4.3.9.Final"
            }
          ]
        }
      ],
      "versions": [
        "3.4.3.Final",
        "4.0.0.Beta1",
        "4.0.0.Beta2",
        "4.0.0.Beta3",
        "4.0.0.Final",
        "4.1.0.Final",
        "4.2.0.Final",
        "4.2.1.Final",
        "4.3.0.Final"
      ],
      "database_specific": {
        "source": "https://github.com/github/advisory-database/blob/main/advisories/github-reviewed/2022/05/GHSA-458h-wv48-fq75/GHSA-458h-wv48-fq75.json"
      }
    }
  ],
  "schema_version": "1.4.0",
  "severity": [
    {
      "type": "CVSS_V3",
      "score": "CVSS:3.0/AV:N/AC:L/PR:L/UI:R/S:C/C:L/I:L/A:N"
    }
  ]
}