{
  "id": "GHSA-46f2-x6h2-x9hx",
  "summary": "Jenkins File Parameter Plugin arbitrary file write vulnerability",
  "details": "Jenkins File Parameter Plugin 285.v757c5b_67a_c25 and earlier does not restrict the name (and resulting uploaded file name) of Stashed File Parameters.\n\nThis allows attackers with Item/Configure permission to create or replace arbitrary files on the Jenkins controller file system with attacker-specified content.\n\nFile Parameter Plugin 285.287.v4b_7b_29d3469d restricts the name (and resulting uploaded file name) of Stashed File Parameters.",
  "aliases": [
    "CVE-2023-32986"
  ],
  "modified": "2023-05-25T17:05:15.031760Z",
  "published": "2023-05-16T18:30:16Z",
  "database_specific": {
    "nvd_published_at": null,
    "cwe_ids": [
      "CWE-732"
    ],
    "severity": "HIGH",
    "github_reviewed": true,
    "github_reviewed_at": "2023-05-17T03:07:51Z"
  },
  "references": [
    {
      "type": "ADVISORY",
      "url": "https://nvd.nist.gov/vuln/detail/CVE-2023-32986"
    },
    {
      "type": "WEB",
      "url": "https://www.jenkins.io/security/advisory/2023-05-16/#SECURITY-3123"
    }
  ],
  "affected": [
    {
      "package": {
        "name": "io.jenkins.plugins:file-parameters",
        "ecosystem": "Maven",
        "purl": "pkg:maven/io.jenkins.plugins/file-parameters"
      },
      "ranges": [
        {
          "type": "ECOSYSTEM",
          "events": [
            {
              "introduced": "0"
            },
            {
              "fixed": "285.287.v4b"
            }
          ]
        }
      ],
      "versions": [
        "110.vbe06c86f5235",
        "146.v7d35212829d0",
        "191.v35851c9e7a_5a_",
        "205.vf6ce13b_e5dee",
        "264.v1733d9b_2a_380",
        "285.v757c5b_67a_c25",
        "89.376eab01f493",
        "90.71fea1303c13",
        "91.096d3d7d175c",
        "92.9c5d5a9ffc54",
        "93.6ebaad75ae3b",
        "99.102.vbc6a133bcbbb",
        "99.fec41d2457a7"
      ],
      "database_specific": {
        "source": "https://github.com/github/advisory-database/blob/main/advisories/github-reviewed/2023/05/GHSA-46f2-x6h2-x9hx/GHSA-46f2-x6h2-x9hx.json"
      }
    }
  ],
  "schema_version": "1.4.0",
  "severity": [
    {
      "type": "CVSS_V3",
      "score": "CVSS:3.1/AV:N/AC:L/PR:L/UI:N/S:U/C:H/I:H/A:H"
    }
  ]
}