{
  "id": "GHSA-38j3-6fm8-pfgc",
  "summary": "Regular expression denial of service in Delight Nashorn Sandbox",
  "details": "An issue was discovered in Delight Nashorn Sandbox. There is an ReDoS vulnerability that can be exploited to launching a denial of service (DoS) attack.",
  "aliases": [
    "CVE-2021-40660"
  ],
  "modified": "2023-08-08T21:19:21.397750Z",
  "published": "2022-06-15T00:00:24Z",
  "database_specific": {
    "nvd_published_at": "2022-06-14T14:15:00Z",
    "cwe_ids": [
      "CWE-1333"
    ],
    "severity": "HIGH",
    "github_reviewed": true,
    "github_reviewed_at": "2022-06-17T01:14:44Z"
  },
  "references": [
    {
      "type": "ADVISORY",
      "url": "https://nvd.nist.gov/vuln/detail/CVE-2021-40660"
    },
    {
      "type": "WEB",
      "url": "https://github.com/javadelight/delight-nashorn-sandbox/issues/117"
    },
    {
      "type": "WEB",
      "url": "https://github.com/javadelight/delight-nashorn-sandbox/commit/9c8c3f3afca35e4dd176c959e1c2c5514c9d3131"
    },
    {
      "type": "PACKAGE",
      "url": "https://github.com/javadelight/delight-nashorn-sandbox"
    }
  ],
  "affected": [
    {
      "package": {
        "name": "org.javadelight:delight-nashorn-sandbox",
        "ecosystem": "Maven",
        "purl": "pkg:maven/org.javadelight/delight-nashorn-sandbox"
      },
      "ranges": [
        {
          "type": "ECOSYSTEM",
          "events": [
            {
              "introduced": "0"
            },
            {
              "last_affected": "0.2.5"
            }
          ]
        }
      ],
      "versions": [
        "0.0.10",
        "0.0.11",
        "0.0.12",
        "0.0.8",
        "0.0.9",
        "0.1.0",
        "0.1.1",
        "0.1.10",
        "0.1.11",
        "0.1.12",
        "0.1.13",
        "0.1.14",
        "0.1.15",
        "0.1.16",
        "0.1.17",
        "0.1.18",
        "0.1.19",
        "0.1.2",
        "0.1.20",
        "0.1.21",
        "0.1.22",
        "0.1.23",
        "0.1.24",
        "0.1.25",
        "0.1.26",
        "0.1.27",
        "0.1.28",
        "0.1.3",
        "0.1.30",
        "0.1.31",
        "0.1.4",
        "0.1.5",
        "0.1.6",
        "0.1.7",
        "0.1.8",
        "0.1.9",
        "0.2.0",
        "0.2.1",
        "0.2.3",
        "0.2.4",
        "0.2.5"
      ],
      "ecosystem_specific": {
        "affected_functions": [
          ""
        ]
      },
      "database_specific": {
        "source": "https://github.com/github/advisory-database/blob/main/advisories/github-reviewed/2022/06/GHSA-38j3-6fm8-pfgc/GHSA-38j3-6fm8-pfgc.json"
      }
    }
  ],
  "schema_version": "1.4.0",
  "severity": [
    {
      "type": "CVSS_V3",
      "score": "CVSS:3.1/AV:N/AC:L/PR:N/UI:N/S:U/C:N/I:N/A:H"
    }
  ]
}