{
  "id": "GHSA-26m4-qjp9-xmc6",
  "summary": "Apache InLong vulnerable to Deserialization of Untrusted Data",
  "details": "In versions of Apache InLong prior to 1.3.0, an attacker with sufficient privileges to specify MySQL JDBC connection URL parameters and to write arbitrary data to the MySQL database, could cause this data to be deserialized by Apache InLong, potentially leading to Remote Code Execution on the Apache InLong server. Users are advised to upgrade to Apache InLong 1.3.0 or newer.",
  "aliases": [
    "CVE-2022-40955"
  ],
  "modified": "2023-04-11T01:46:46.299119Z",
  "published": "2022-09-21T00:00:46Z",
  "database_specific": {
    "nvd_published_at": "2022-09-20T14:15:00Z",
    "github_reviewed_at": "2022-09-21T21:11:29Z",
    "severity": "HIGH",
    "github_reviewed": true,
    "cwe_ids": [
      "CWE-502"
    ]
  },
  "references": [
    {
      "type": "ADVISORY",
      "url": "https://nvd.nist.gov/vuln/detail/CVE-2022-40955"
    },
    {
      "type": "PACKAGE",
      "url": "https://github.com/apache/inlong"
    },
    {
      "type": "WEB",
      "url": "https://lists.apache.org/thread/r1r34y7bchrpmp9jhfdoohzdmk7pj1q1"
    },
    {
      "type": "WEB",
      "url": "http://www.openwall.com/lists/oss-security/2022/09/22/5"
    }
  ],
  "affected": [
    {
      "package": {
        "name": "org.apache.inlong:inlong-common",
        "ecosystem": "Maven",
        "purl": "pkg:maven/org.apache.inlong/inlong-common"
      },
      "ranges": [
        {
          "type": "ECOSYSTEM",
          "events": [
            {
              "introduced": "0"
            },
            {
              "fixed": "1.3.0"
            }
          ]
        }
      ],
      "versions": [
        "0.10.0-incubating",
        "0.11.0-incubating",
        "0.12.0-incubating",
        "0.9.0-incubating",
        "1.0.0-incubating",
        "1.1.0-incubating",
        "1.2.0-incubating"
      ],
      "database_specific": {
        "source": "https://github.com/github/advisory-database/blob/main/advisories/github-reviewed/2022/09/GHSA-26m4-qjp9-xmc6/GHSA-26m4-qjp9-xmc6.json"
      }
    }
  ],
  "schema_version": "1.4.0",
  "severity": [
    {
      "type": "CVSS_V3",
      "score": "CVSS:3.1/AV:N/AC:L/PR:L/UI:N/S:U/C:H/I:H/A:H"
    }
  ]
}