{
  "id": "GHSA-2c65-rq62-fqhq",
  "summary": "Path traversal in Gitblit",
  "details": "A Path Traversal vulnerability in Gitblit 1.9.3 can lead to reading website files via /resources//../ (e.g., followed by a WEB-INF or META-INF pathname).",
  "aliases": [
    "CVE-2022-31268"
  ],
  "modified": "2022-06-03T21:10:08Z",
  "published": "2022-05-22T00:00:32Z",
  "database_specific": {
    "nvd_published_at": "2022-05-21T21:15:00Z",
    "github_reviewed_at": "2022-05-25T22:33:35Z",
    "severity": "HIGH",
    "github_reviewed": true,
    "cwe_ids": [
      "CWE-22"
    ]
  },
  "references": [
    {
      "type": "ADVISORY",
      "url": "https://nvd.nist.gov/vuln/detail/CVE-2022-31268"
    },
    {
      "type": "PACKAGE",
      "url": "https://github.com/gitblit/gitblit"
    },
    {
      "type": "WEB",
      "url": "https://github.com/metaStor/Vuls/blob/main/gitblit/gitblit%20V1.9.3%20path%20traversal/gitblit%20V1.9.3%20path%20traversal.md"
    }
  ],
  "affected": [
    {
      "package": {
        "name": "com.gitblit:gitblit",
        "ecosystem": "Maven",
        "purl": "pkg:maven/com.gitblit/gitblit"
      },
      "ranges": [
        {
          "type": "ECOSYSTEM",
          "events": [
            {
              "introduced": "0"
            },
            {
              "last_affected": "1.9.3"
            }
          ]
        }
      ],
      "database_specific": {
        "source": "https://github.com/github/advisory-database/blob/main/advisories/github-reviewed/2022/05/GHSA-2c65-rq62-fqhq/GHSA-2c65-rq62-fqhq.json"
      },
      "versions": []
    }
  ],
  "schema_version": "1.4.0",
  "severity": [
    {
      "type": "CVSS_V3",
      "score": "CVSS:3.1/AV:N/AC:L/PR:N/UI:N/S:U/C:H/I:N/A:N"
    }
  ]
}