{
  "id": "GHSA-4f8g-fq6x-jqrr",
  "summary": "org.xwiki.platform:xwiki-platform-oldcore vulnerable to data leak through deleted documents ",
  "details": "### Impact\n\nRights added to a document are not taken into account for viewing it once it's deleted. Note that this vulnerability only impact deleted documents that where containing view rights: the view rights provided on a space of a deleted document are properly checked.\n\n### Patches\n\nThe problem has been patched in XWiki 14.10 by checking the rights of current user: only admin and deleter of the document are allowed to view it.\n\n### Workarounds\n\nThere is no workaround for this vulnerability other than upgrading.\n\n### References\n\n  * Jira ticket: https://jira.xwiki.org/browse/XWIKI-16285\n  * Commit: https://github.com/xwiki/xwiki-platform/commit/d9e947559077e947315bf700c5703dfc7dd8a8d7\n\n### For more information\nIf you have any questions or comments about this advisory:\n* Open an issue in [Jira](https://jira.xwiki.org)\n* Email us at [security ML](mailto:security@xwiki.org)\n",
  "aliases": [
    "CVE-2023-29208"
  ],
  "modified": "2023-04-16T07:16:53Z",
  "published": "2023-04-12T20:34:55Z",
  "database_specific": {
    "nvd_published_at": "2023-04-15T16:15:00Z",
    "github_reviewed_at": "2023-04-12T20:34:55Z",
    "severity": "HIGH",
    "github_reviewed": true,
    "cwe_ids": [
      "CWE-668"
    ]
  },
  "references": [
    {
      "type": "WEB",
      "url": "https://github.com/xwiki/xwiki-platform/security/advisories/GHSA-4f8g-fq6x-jqrr"
    },
    {
      "type": "ADVISORY",
      "url": "https://nvd.nist.gov/vuln/detail/CVE-2023-29208"
    },
    {
      "type": "WEB",
      "url": "https://github.com/xwiki/xwiki-platform/commit/d9e947559077e947315bf700c5703dfc7dd8a8d7"
    },
    {
      "type": "PACKAGE",
      "url": "https://github.com/xwiki/xwiki-platform"
    },
    {
      "type": "WEB",
      "url": "https://jira.xwiki.org/browse/XWIKI-16285"
    }
  ],
  "affected": [
    {
      "package": {
        "name": "org.xwiki.platform:xwiki-platform-oldcore",
        "ecosystem": "Maven",
        "purl": "pkg:maven/org.xwiki.platform/xwiki-platform-oldcore"
      },
      "ranges": [
        {
          "type": "ECOSYSTEM",
          "events": [
            {
              "introduced": "1.2-milestone-1"
            },
            {
              "fixed": "13.10.11"
            }
          ]
        }
      ],
      "database_specific": {
        "source": "https://github.com/github/advisory-database/blob/main/advisories/github-reviewed/2023/04/GHSA-4f8g-fq6x-jqrr/GHSA-4f8g-fq6x-jqrr.json"
      },
      "versions": []
    },
    {
      "package": {
        "name": "org.xwiki.platform:xwiki-platform-oldcore",
        "ecosystem": "Maven",
        "purl": "pkg:maven/org.xwiki.platform/xwiki-platform-oldcore"
      },
      "ranges": [
        {
          "type": "ECOSYSTEM",
          "events": [
            {
              "introduced": "14.0-rc-1"
            },
            {
              "fixed": "14.4.7"
            }
          ]
        }
      ],
      "database_specific": {
        "source": "https://github.com/github/advisory-database/blob/main/advisories/github-reviewed/2023/04/GHSA-4f8g-fq6x-jqrr/GHSA-4f8g-fq6x-jqrr.json"
      },
      "versions": []
    },
    {
      "package": {
        "name": "org.xwiki.platform:xwiki-platform-oldcore",
        "ecosystem": "Maven",
        "purl": "pkg:maven/org.xwiki.platform/xwiki-platform-oldcore"
      },
      "ranges": [
        {
          "type": "ECOSYSTEM",
          "events": [
            {
              "introduced": "14.5"
            },
            {
              "fixed": "14.10"
            }
          ]
        }
      ],
      "database_specific": {
        "source": "https://github.com/github/advisory-database/blob/main/advisories/github-reviewed/2023/04/GHSA-4f8g-fq6x-jqrr/GHSA-4f8g-fq6x-jqrr.json"
      },
      "versions": []
    }
  ],
  "schema_version": "1.4.0",
  "severity": [
    {
      "type": "CVSS_V3",
      "score": "CVSS:3.1/AV:N/AC:L/PR:N/UI:N/S:U/C:H/I:N/A:N"
    }
  ]
}