{
  "id": "GHSA-3g5w-6pw7-6hrp",
  "summary": "Path Traversal In Eclipse GlassFish",
  "details": "In Eclipse GlassFish versions 5.1.0 to 6.2.5, there is a vulnerability in relative path traversal because it does not filter request path starting with './'. Successful exploitation could allow an remote unauthenticated attacker to access critical data, such as configuration files and deployed application source code.",
  "aliases": [
    "CVE-2022-2712"
  ],
  "modified": "2023-04-11T01:29:36.127288Z",
  "published": "2023-01-27T12:30:29Z",
  "database_specific": {
    "nvd_published_at": "2023-01-27T10:15:00Z",
    "github_reviewed_at": "2023-01-28T01:19:43Z",
    "severity": "MODERATE",
    "github_reviewed": true,
    "cwe_ids": [
      "CWE-22"
    ]
  },
  "references": [
    {
      "type": "ADVISORY",
      "url": "https://nvd.nist.gov/vuln/detail/CVE-2022-2712"
    },
    {
      "type": "WEB",
      "url": "https://github.com/eclipse-ee4j/glassfish/pull/24077"
    },
    {
      "type": "WEB",
      "url": "https://bugs.eclipse.org/580502"
    }
  ],
  "affected": [
    {
      "package": {
        "name": "org.glassfish.main.web:web",
        "ecosystem": "Maven",
        "purl": "pkg:maven/org.glassfish.main.web/web"
      },
      "ranges": [
        {
          "type": "ECOSYSTEM",
          "events": [
            {
              "introduced": "5.1.0"
            },
            {
              "fixed": "7.0.0"
            }
          ]
        }
      ],
      "versions": [
        "5.1.0",
        "6.0.0",
        "6.0.0-M1",
        "6.0.0-RC1",
        "6.0.0-RC2",
        "6.0.0-RC3",
        "6.0.0-RC4",
        "6.1.0",
        "6.2.0",
        "6.2.1",
        "6.2.2",
        "6.2.3",
        "6.2.4",
        "6.2.5",
        "7.0.0-M1",
        "7.0.0-M10",
        "7.0.0-M2",
        "7.0.0-M3",
        "7.0.0-M4"
      ],
      "database_specific": {
        "source": "https://github.com/github/advisory-database/blob/main/advisories/github-reviewed/2023/01/GHSA-3g5w-6pw7-6hrp/GHSA-3g5w-6pw7-6hrp.json"
      }
    }
  ],
  "schema_version": "1.4.0",
  "severity": [
    {
      "type": "CVSS_V3",
      "score": "CVSS:3.1/AV:N/AC:L/PR:N/UI:R/S:U/C:H/I:N/A:N"
    }
  ]
}