{
  "id": "GHSA-3xjq-8j89-xrw9",
  "summary": "Jenkins Badge Plugin cross-site scripting vulnerability",
  "details": "A persisted cross-site scripting vulnerability exists in Jenkins Badge Plugin 1.4 and earlier in BadgeSummaryAction.java, HtmlBadgeAction.java that allows attackers able to control build badge content to define JavaScript that would be executed in another user's browser when that other user performs some UI actions. Badge Plugin 1.5 and newer sanitizes the provided HTML for display on the Jenkins web UI.",
  "aliases": [
    "CVE-2018-1000604"
  ],
  "modified": "2023-04-11T01:50:19.042471Z",
  "published": "2022-05-14T03:05:27Z",
  "database_specific": {
    "nvd_published_at": "2018-06-26T17:29:00Z",
    "github_reviewed_at": "2022-12-12T16:32:16Z",
    "severity": "MODERATE",
    "github_reviewed": true,
    "cwe_ids": [
      "CWE-79"
    ]
  },
  "references": [
    {
      "type": "ADVISORY",
      "url": "https://nvd.nist.gov/vuln/detail/CVE-2018-1000604"
    },
    {
      "type": "PACKAGE",
      "url": "https://github.com/jenkinsci/badge-plugin"
    },
    {
      "type": "WEB",
      "url": "https://jenkins.io/security/advisory/2018-06-25/#SECURITY-906"
    }
  ],
  "affected": [
    {
      "package": {
        "name": "org.jenkins-ci.plugins:badge",
        "ecosystem": "Maven",
        "purl": "pkg:maven/org.jenkins-ci.plugins/badge"
      },
      "ranges": [
        {
          "type": "ECOSYSTEM",
          "events": [
            {
              "introduced": "0"
            },
            {
              "fixed": "1.5"
            }
          ]
        }
      ],
      "versions": [
        "1.0",
        "1.1",
        "1.2",
        "1.3",
        "1.4"
      ],
      "database_specific": {
        "last_known_affected_version_range": "<= 1.4",
        "source": "https://github.com/github/advisory-database/blob/main/advisories/github-reviewed/2022/05/GHSA-3xjq-8j89-xrw9/GHSA-3xjq-8j89-xrw9.json"
      }
    }
  ],
  "schema_version": "1.4.0",
  "severity": [
    {
      "type": "CVSS_V3",
      "score": "CVSS:3.0/AV:N/AC:L/PR:L/UI:R/S:C/C:L/I:L/A:N"
    }
  ]
}