{
  "id": "GHSA-23cr-5hr4-rgwv",
  "summary": "Improper Input Validation in Apache ActiveMQ",
  "details": "The LDAPLoginModule implementation in the Java Authentication and Authorization Service (JAAS) in Apache ActiveMQ 5.x before 5.10.1 allows wildcard operators in usernames, which allows remote attackers to obtain credentials via a brute force attack. NOTE: this identifier was SPLIT from CVE-2014-3612 per ADT2 due to different vulnerability types.",
  "aliases": [
    "CVE-2015-6524"
  ],
  "modified": "2023-04-11T01:41:36.196404Z",
  "published": "2022-05-17T03:22:06Z",
  "database_specific": {
    "nvd_published_at": "2015-08-24T14:59:00Z",
    "github_reviewed_at": "2022-07-06T20:11:13Z",
    "severity": "MODERATE",
    "github_reviewed": true,
    "cwe_ids": [
      "CWE-20"
    ]
  },
  "references": [
    {
      "type": "ADVISORY",
      "url": "https://nvd.nist.gov/vuln/detail/CVE-2015-6524"
    },
    {
      "type": "WEB",
      "url": "http://activemq.apache.org/security-advisories.data/CVE-2014-3612-announcement.txt"
    },
    {
      "type": "WEB",
      "url": "http://lists.fedoraproject.org/pipermail/package-announce/2015-October/168094.html"
    },
    {
      "type": "WEB",
      "url": "http://lists.fedoraproject.org/pipermail/package-announce/2015-October/168651.html"
    }
  ],
  "affected": [
    {
      "package": {
        "name": "org.apache.activemq:activemq-client",
        "ecosystem": "Maven",
        "purl": "pkg:maven/org.apache.activemq/activemq-client"
      },
      "ranges": [
        {
          "type": "ECOSYSTEM",
          "events": [
            {
              "introduced": "5.0.0"
            },
            {
              "fixed": "5.10.2"
            }
          ]
        }
      ],
      "versions": [
        "5.10.0",
        "5.10.1",
        "5.8.0",
        "5.9.0",
        "5.9.1"
      ],
      "database_specific": {
        "last_known_affected_version_range": "<= 5.10.1",
        "source": "https://github.com/github/advisory-database/blob/main/advisories/github-reviewed/2022/05/GHSA-23cr-5hr4-rgwv/GHSA-23cr-5hr4-rgwv.json"
      }
    }
  ],
  "schema_version": "1.4.0"
}