{
  "id": "GHSA-2wr2-8qjq-gh55",
  "summary": "Exposure of Resource to Wrong Sphere in org.craftercms:crafter-search",
  "details": "Installations, where crafter-search is not protected, allow unauthenticated remote attackers to create, view, and delete search indexes.",
  "aliases": [
    "CVE-2021-23264"
  ],
  "modified": "2023-04-11T01:25:10.688498Z",
  "published": "2021-12-16T15:27:35Z",
  "database_specific": {
    "nvd_published_at": "2021-12-02T16:15:00Z",
    "github_reviewed_at": "2021-12-06T21:35:33Z",
    "severity": "CRITICAL",
    "github_reviewed": true,
    "cwe_ids": [
      "CWE-402",
      "CWE-668"
    ]
  },
  "references": [
    {
      "type": "ADVISORY",
      "url": "https://nvd.nist.gov/vuln/detail/CVE-2021-23264"
    },
    {
      "type": "WEB",
      "url": "https://github.com/craftercms/craftercms/commit/0e256ef0372c7be9d6e2fefc4652dd4fd94770a1"
    },
    {
      "type": "WEB",
      "url": "https://docs.craftercms.org/en/3.1/security/advisory.html#cv-2021120107"
    }
  ],
  "affected": [
    {
      "package": {
        "name": "org.craftercms:crafter-search",
        "ecosystem": "Maven",
        "purl": "pkg:maven/org.craftercms/crafter-search"
      },
      "ranges": [
        {
          "type": "ECOSYSTEM",
          "events": [
            {
              "introduced": "3.1.0"
            },
            {
              "fixed": "3.1.15"
            }
          ]
        }
      ],
      "versions": [
        "3.1.0",
        "3.1.1",
        "3.1.10",
        "3.1.10E",
        "3.1.11",
        "3.1.11E",
        "3.1.12",
        "3.1.12E",
        "3.1.13",
        "3.1.13E",
        "3.1.14",
        "3.1.14E",
        "3.1.2",
        "3.1.3",
        "3.1.4",
        "3.1.4E",
        "3.1.5",
        "3.1.5E",
        "3.1.6",
        "3.1.6E",
        "3.1.7",
        "3.1.7E",
        "3.1.8",
        "3.1.8E",
        "3.1.9",
        "3.1.9E"
      ],
      "database_specific": {
        "source": "https://github.com/github/advisory-database/blob/main/advisories/github-reviewed/2021/12/GHSA-2wr2-8qjq-gh55/GHSA-2wr2-8qjq-gh55.json"
      }
    }
  ],
  "schema_version": "1.4.0",
  "severity": [
    {
      "type": "CVSS_V3",
      "score": "CVSS:3.1/AV:N/AC:L/PR:N/UI:N/S:U/C:H/I:H/A:N"
    }
  ]
}