{
  "id": "GHSA-2482-gr3v-f3f3",
  "summary": "Jenkins Fogbugz Plugin has missing permissions check",
  "details": "Jenkins Fogbugz Plugin provides a webhook endpoint at `/fbTrigger/` that can be used to trigger builds of any jobs.\n\nIn Fogbugz Plugin 2.2.17 and earlier, this endpoint can be accessed by attackers with Item/Read permission, allowing them to trigger builds of jobs specified in a `jobname` request parameter.",
  "aliases": [
    "CVE-2023-30522"
  ],
  "modified": "2023-04-21T19:59:55.531072Z",
  "published": "2023-04-12T18:30:36Z",
  "database_specific": {
    "nvd_published_at": "2023-04-12T18:15:00Z",
    "github_reviewed_at": "2023-04-12T22:18:21Z",
    "severity": "MODERATE",
    "github_reviewed": true,
    "cwe_ids": [
      "CWE-862"
    ]
  },
  "references": [
    {
      "type": "ADVISORY",
      "url": "https://nvd.nist.gov/vuln/detail/CVE-2023-30522"
    },
    {
      "type": "WEB",
      "url": "https://www.jenkins.io/security/advisory/2023-04-12/#SECURITY-2873"
    },
    {
      "type": "WEB",
      "url": "http://www.openwall.com/lists/oss-security/2023/04/13/3"
    }
  ],
  "affected": [
    {
      "package": {
        "name": "org.jenkins-ci.plugins:fogbugz",
        "ecosystem": "Maven",
        "purl": "pkg:maven/org.jenkins-ci.plugins/fogbugz"
      },
      "ranges": [
        {
          "type": "ECOSYSTEM",
          "events": [
            {
              "introduced": "0"
            },
            {
              "last_affected": "2.2.17"
            }
          ]
        }
      ],
      "versions": [
        "1.0",
        "2.0",
        "2.0.2",
        "2.0.3",
        "2.0.4",
        "2.0.5",
        "2.0.6",
        "2.0.7",
        "2.1.1-beta",
        "2.1.3-beta",
        "2.1.5-beta",
        "2.1.7-beta",
        "2.1.9-beta",
        "2.2.0",
        "2.2.1",
        "2.2.10",
        "2.2.11",
        "2.2.13",
        "2.2.14",
        "2.2.15",
        "2.2.16",
        "2.2.17",
        "2.2.2",
        "2.2.3",
        "2.2.4",
        "2.2.5",
        "2.2.6",
        "2.2.7",
        "2.2.8",
        "2.2.9"
      ],
      "database_specific": {
        "source": "https://github.com/github/advisory-database/blob/main/advisories/github-reviewed/2023/04/GHSA-2482-gr3v-f3f3/GHSA-2482-gr3v-f3f3.json"
      }
    }
  ],
  "schema_version": "1.4.0",
  "severity": [
    {
      "type": "CVSS_V3",
      "score": "CVSS:3.1/AV:N/AC:L/PR:L/UI:N/S:U/C:N/I:L/A:N"
    }
  ]
}