{
  "id": "GHSA-3rrx-364r-6wf6",
  "summary": "Cross-site Scripting in Jenkins Spring Config Plugin",
  "details": "Jenkins Spring Config Plugin 2.0.0 and earlier does not escape build display names shown on the Spring Config view, resulting in a stored cross-site scripting (XSS) vulnerability exploitable by attackers able to change build display names. Spring Config Plugin 2.0.1 escapes build display names shown on the Spring Config view.",
  "aliases": [
    "CVE-2022-46687"
  ],
  "modified": "2023-04-11T01:45:13.194832Z",
  "published": "2022-12-12T09:30:35Z",
  "database_specific": {
    "nvd_published_at": "2022-12-12T09:15:00Z",
    "github_reviewed_at": "2022-12-12T22:10:36Z",
    "severity": "HIGH",
    "github_reviewed": true,
    "cwe_ids": [
      "CWE-79"
    ]
  },
  "references": [
    {
      "type": "ADVISORY",
      "url": "https://nvd.nist.gov/vuln/detail/CVE-2022-46687"
    },
    {
      "type": "WEB",
      "url": "https://github.com/jenkinsci/spring-config-plugin/commit/89fea88b24f92233ed31050b8e695eb9b502b8c0"
    },
    {
      "type": "PACKAGE",
      "url": "https://github.com/jenkinsci/spring-config-plugin"
    },
    {
      "type": "WEB",
      "url": "https://www.jenkins.io/security/advisory/2022-12-07/#SECURITY-2814"
    }
  ],
  "affected": [
    {
      "package": {
        "name": "io.jenkins.plugins:spring-config",
        "ecosystem": "Maven",
        "purl": "pkg:maven/io.jenkins.plugins/spring-config"
      },
      "ranges": [
        {
          "type": "ECOSYSTEM",
          "events": [
            {
              "introduced": "0"
            },
            {
              "fixed": "2.0.1"
            }
          ]
        }
      ],
      "versions": [
        "1.0.0",
        "1.0.1",
        "1.0.2",
        "1.0.3",
        "1.0.4",
        "2.0.0"
      ],
      "database_specific": {
        "source": "https://github.com/github/advisory-database/blob/main/advisories/github-reviewed/2022/12/GHSA-3rrx-364r-6wf6/GHSA-3rrx-364r-6wf6.json"
      }
    }
  ],
  "schema_version": "1.4.0",
  "severity": [
    {
      "type": "CVSS_V3",
      "score": "CVSS:3.1/AV:N/AC:L/PR:L/UI:R/S:U/C:H/I:H/A:H"
    }
  ]
}