{
  "id": "GHSA-48rh-qgjr-xfj6",
  "summary": "Improper Neutralization of Input During Web Page Generation in Jsoup",
  "details": "Cross-site scripting (XSS) vulnerability in jsoup before 1.8.3.",
  "aliases": [
    "CVE-2015-6748"
  ],
  "modified": "2023-04-11T01:28:35.011648Z",
  "published": "2022-05-13T01:28:44Z",
  "database_specific": {
    "nvd_published_at": "2017-09-25T17:29:00Z",
    "github_reviewed_at": "2022-07-06T20:10:33Z",
    "severity": "MODERATE",
    "github_reviewed": true,
    "cwe_ids": [
      "CWE-79"
    ]
  },
  "references": [
    {
      "type": "ADVISORY",
      "url": "https://nvd.nist.gov/vuln/detail/CVE-2015-6748"
    },
    {
      "type": "WEB",
      "url": "https://github.com/jhy/jsoup/pull/582"
    },
    {
      "type": "WEB",
      "url": "https://bugzilla.redhat.com/show_bug.cgi?id=1258310"
    },
    {
      "type": "WEB",
      "url": "https://hibernate.atlassian.net/browse/HV-1012"
    },
    {
      "type": "WEB",
      "url": "https://issues.jboss.org/browse/WFLY-5223?_sscc=t"
    },
    {
      "type": "WEB",
      "url": "https://lists.debian.org/debian-lts-announce/2020/01/msg00021.html"
    },
    {
      "type": "WEB",
      "url": "http://www.openwall.com/lists/oss-security/2015/08/28/5"
    }
  ],
  "affected": [
    {
      "package": {
        "name": "org.jsoup:jsoup",
        "ecosystem": "Maven",
        "purl": "pkg:maven/org.jsoup/jsoup"
      },
      "ranges": [
        {
          "type": "ECOSYSTEM",
          "events": [
            {
              "introduced": "0"
            },
            {
              "fixed": "1.8.3"
            }
          ]
        }
      ],
      "versions": [
        "0.2.1b",
        "0.2.2",
        "0.3.1",
        "1.1.1",
        "1.2.1",
        "1.2.2",
        "1.2.3",
        "1.3.1",
        "1.3.2",
        "1.3.3",
        "1.4.1",
        "1.5.1",
        "1.5.2",
        "1.6.0",
        "1.6.1",
        "1.6.2",
        "1.6.3",
        "1.7.1",
        "1.7.2",
        "1.7.3",
        "1.8.1",
        "1.8.2"
      ],
      "database_specific": {
        "last_known_affected_version_range": "<= 1.8.2",
        "source": "https://github.com/github/advisory-database/blob/main/advisories/github-reviewed/2022/05/GHSA-48rh-qgjr-xfj6/GHSA-48rh-qgjr-xfj6.json"
      }
    }
  ],
  "schema_version": "1.4.0",
  "severity": [
    {
      "type": "CVSS_V3",
      "score": "CVSS:3.0/AV:N/AC:L/PR:N/UI:R/S:C/C:L/I:L/A:N"
    }
  ]
}