{
  "id": "GHSA-27xj-rqx5-2255",
  "summary": "jackson-databind mishandles the interaction between serialization gadgets and typing",
  "details": "FasterXML jackson-databind 2.x before 2.9.10.4 mishandles the interaction between serialization gadgets and typing, related to org.springframework.aop.config.MethodLocatingFactoryBean (aka spring-aop).",
  "aliases": [
    "CVE-2020-11619"
  ],
  "modified": "2023-04-11T01:28:10.480698Z",
  "published": "2020-05-15T18:58:44Z",
  "database_specific": {
    "nvd_published_at": "2020-04-07T23:15:00Z",
    "github_reviewed_at": "2020-04-23T19:32:22Z",
    "severity": "HIGH",
    "github_reviewed": true,
    "cwe_ids": [
      "CWE-502"
    ]
  },
  "references": [
    {
      "type": "ADVISORY",
      "url": "https://nvd.nist.gov/vuln/detail/CVE-2020-11619"
    },
    {
      "type": "WEB",
      "url": "https://github.com/FasterXML/jackson-databind/issues/2680"
    },
    {
      "type": "PACKAGE",
      "url": "https://github.com/FasterXML/jackson-databind"
    },
    {
      "type": "WEB",
      "url": "https://lists.apache.org/thread.html/rf1bbc0ea4a9f014cf94df9a12a6477d24a27f52741dbc87f2fd52ff2@%3Cissues.geode.apache.org%3E"
    },
    {
      "type": "WEB",
      "url": "https://lists.debian.org/debian-lts-announce/2020/04/msg00012.html"
    },
    {
      "type": "WEB",
      "url": "https://medium.com/@cowtowncoder/on-jackson-cves-dont-panic-here-is-what-you-need-to-know-54cd0d6e8062"
    },
    {
      "type": "WEB",
      "url": "https://security.netapp.com/advisory/ntap-20200511-0004/"
    },
    {
      "type": "WEB",
      "url": "https://www.oracle.com/security-alerts/cpujan2021.html"
    },
    {
      "type": "WEB",
      "url": "https://www.oracle.com/security-alerts/cpujul2020.html"
    },
    {
      "type": "WEB",
      "url": "https://www.oracle.com/security-alerts/cpuoct2020.html"
    }
  ],
  "affected": [
    {
      "package": {
        "name": "com.fasterxml.jackson.core:jackson-databind",
        "ecosystem": "Maven",
        "purl": "pkg:maven/com.fasterxml.jackson.core/jackson-databind"
      },
      "ranges": [
        {
          "type": "ECOSYSTEM",
          "events": [
            {
              "introduced": "2.9.0"
            },
            {
              "fixed": "2.9.10.4"
            }
          ]
        }
      ],
      "versions": [
        "2.9.0",
        "2.9.0.pr1",
        "2.9.0.pr2",
        "2.9.0.pr3",
        "2.9.0.pr4",
        "2.9.1",
        "2.9.10",
        "2.9.10.1",
        "2.9.10.2",
        "2.9.10.3",
        "2.9.2",
        "2.9.3",
        "2.9.4",
        "2.9.5",
        "2.9.6",
        "2.9.7",
        "2.9.8",
        "2.9.9",
        "2.9.9.1",
        "2.9.9.2",
        "2.9.9.3"
      ],
      "database_specific": {
        "last_known_affected_version_range": "<= 2.9.10.3",
        "source": "https://github.com/github/advisory-database/blob/main/advisories/github-reviewed/2020/05/GHSA-27xj-rqx5-2255/GHSA-27xj-rqx5-2255.json"
      }
    }
  ],
  "schema_version": "1.4.0",
  "severity": [
    {
      "type": "CVSS_V3",
      "score": "CVSS:3.1/AV:N/AC:H/PR:N/UI:N/S:U/C:H/I:H/A:H"
    }
  ]
}