{
  "id": "GHSA-3cxh-xp3g-jxjm",
  "summary": "Apache ShardingSphere-Agent Deserialization of Untrusted Data vulnerability",
  "details": "Deserialization of Untrusted Data vulnerability in Apache ShardingSphere-Agent, which allows attackers to execute arbitrary code by constructing a special YAML configuration file.\n\nThe attacker needs to have permission to modify the ShardingSphere Agent YAML configuration file on the target machine, and the target machine can access the URL with the arbitrary code JAR.\nAn attacker can use SnakeYAML to deserialize java.net.URLClassLoader and make it load a JAR from a specified URL, and then deserialize javax.script.ScriptEngineManager to load code using that ClassLoader. When the ShardingSphere JVM process starts and uses the ShardingSphere-Agent, the arbitrary code specified by the attacker will be executed during the deserialization of the YAML configuration file by the Agent.\n\nThis issue affects ShardingSphere-Agent: through 5.3.2. This vulnerability is fixed in Apache ShardingSphere 5.4.0.",
  "aliases": [
    "CVE-2023-28754"
  ],
  "modified": "2023-07-28T21:45:53.839783Z",
  "published": "2023-07-19T09:30:54Z",
  "database_specific": {
    "nvd_published_at": null,
    "cwe_ids": [
      "CWE-502"
    ],
    "severity": "HIGH",
    "github_reviewed": true,
    "github_reviewed_at": "2023-07-20T10:10:02Z"
  },
  "references": [
    {
      "type": "ADVISORY",
      "url": "https://nvd.nist.gov/vuln/detail/CVE-2023-28754"
    },
    {
      "type": "PACKAGE",
      "url": "https://github.com/apache/shardingsphere"
    },
    {
      "type": "WEB",
      "url": "https://lists.apache.org/thread/p8onhqox5kkwow9lc6gs03z28wtyp1cg"
    },
    {
      "type": "WEB",
      "url": "http://www.openwall.com/lists/oss-security/2023/07/19/3"
    }
  ],
  "affected": [
    {
      "package": {
        "name": "org.apache.shardingsphere:shardingsphere",
        "ecosystem": "Maven",
        "purl": "pkg:maven/org.apache.shardingsphere/shardingsphere"
      },
      "ranges": [
        {
          "type": "ECOSYSTEM",
          "events": [
            {
              "introduced": "0"
            },
            {
              "fixed": "5.4.0"
            }
          ]
        }
      ],
      "versions": [
        "4.0.0",
        "4.0.0-RC1",
        "4.0.0-RC2",
        "4.0.0-RC3",
        "4.0.1",
        "4.1.0",
        "4.1.1",
        "5.0.0",
        "5.0.0-alpha",
        "5.0.0-beta",
        "5.1.0",
        "5.1.1",
        "5.1.2",
        "5.2.0",
        "5.2.1",
        "5.3.0",
        "5.3.1",
        "5.3.2"
      ],
      "database_specific": {
        "last_known_affected_version_range": "<= 5.3.2",
        "source": "https://github.com/github/advisory-database/blob/main/advisories/github-reviewed/2023/07/GHSA-3cxh-xp3g-jxjm/GHSA-3cxh-xp3g-jxjm.json"
      }
    }
  ],
  "schema_version": "1.4.0",
  "severity": [
    {
      "type": "CVSS_V3",
      "score": "CVSS:3.1/AV:N/AC:L/PR:L/UI:N/S:U/C:H/I:H/A:H"
    }
  ]
}