{
  "id": "GHSA-2587-w93g-63m2",
  "summary": "Agent-to-controller security bypass in Jenkins HashiCorp Vault Plugin allows reading arbitrary files",
  "details": "Jenkins HashiCorp Vault Plugin 336.v182c0fbaaeb7 and earlier implements functionality that allows agent processes to read arbitrary files on the Jenkins controller file system.\n\nThis allows attackers able to control agent processes to read arbitrary files on the Jenkins controller file system.\n\nThis vulnerability is only exploitable in Jenkins 2.318 and earlier, LTS 2.303.2 and earlier. See the [LTS upgrade guide](https://www.jenkins.io/doc/upgrade-guide/2.303/#upgrading-to-jenkins-lts-2-303-3).",
  "aliases": [
    "CVE-2022-25197"
  ],
  "modified": "2023-04-11T01:29:32.012364Z",
  "published": "2022-02-16T00:01:21Z",
  "database_specific": {
    "nvd_published_at": "2022-02-15T17:15:00Z",
    "github_reviewed_at": "2022-12-01T22:34:55Z",
    "severity": "MODERATE",
    "github_reviewed": true,
    "cwe_ids": [
      "CWE-693"
    ]
  },
  "references": [
    {
      "type": "ADVISORY",
      "url": "https://nvd.nist.gov/vuln/detail/CVE-2022-25197"
    },
    {
      "type": "PACKAGE",
      "url": "https://github.com/jenkinsci/hashicorp-vault-plugin"
    },
    {
      "type": "WEB",
      "url": "https://github.com/jenkinsci/hashicorp-vault-plugin/releases/tag/351.vdb_f83a_1c6a_9d"
    },
    {
      "type": "WEB",
      "url": "https://www.jenkins.io/security/advisory/2022-02-15/#SECURITY-2521"
    }
  ],
  "affected": [
    {
      "package": {
        "name": "com.datapipe.jenkins.plugins:hashicorp-vault-plugin",
        "ecosystem": "Maven",
        "purl": "pkg:maven/com.datapipe.jenkins.plugins/hashicorp-vault-plugin"
      },
      "ranges": [
        {
          "type": "ECOSYSTEM",
          "events": [
            {
              "introduced": "0"
            },
            {
              "fixed": "351.vdb_f83a_1c6a_9d"
            }
          ]
        }
      ],
      "versions": [
        "1.0",
        "1.1",
        "1.2",
        "1.3",
        "1.4",
        "2.0.0",
        "2.0.1",
        "2.1.0",
        "2.1.1",
        "2.2.0",
        "2.3.0",
        "2.3.1",
        "2.4.0",
        "2.5.0",
        "3.0.0",
        "3.1.0",
        "3.1.1",
        "3.2.0",
        "3.3.0",
        "3.4.0",
        "3.4.1",
        "3.5.0",
        "3.6.0",
        "3.6.1",
        "3.7.0",
        "3.8.0",
        "336.v182c0fbaaeb7"
      ],
      "database_specific": {
        "last_known_affected_version_range": "<= 336.v182c0fbaaeb7",
        "source": "https://github.com/github/advisory-database/blob/main/advisories/github-reviewed/2022/02/GHSA-2587-w93g-63m2/GHSA-2587-w93g-63m2.json"
      }
    }
  ],
  "schema_version": "1.4.0",
  "severity": [
    {
      "type": "CVSS_V3",
      "score": "CVSS:3.1/AV:N/AC:H/PR:L/UI:N/S:U/C:H/I:N/A:N"
    }
  ]
}