{
  "id": "GHSA-34j5-c4cv-mmg5",
  "summary": "XXE vulnerability in Jenkins URLTrigger Plugin",
  "details": "URLTrigger Plugin 0.48 and earlier does not configure its XML parser to prevent XML external entity (XXE) attacks.\n\nThis allows attackers with Job/Configure permission or otherwise able to control the contents of an URL to an XML document being examined for changes to have Jenkins parse a crafted XML document that uses external entities for extraction of secrets from the polling Jenkins controller or agent, server-side request forgery, or denial-of-service attacks.\n\nURLTrigger Plugin 0.49 disables external entity resolution for its XML parser.",
  "aliases": [
    "CVE-2021-21659"
  ],
  "modified": "2023-04-11T01:19:14.746978Z",
  "published": "2022-05-24T19:03:11Z",
  "database_specific": {
    "nvd_published_at": "2021-05-25T17:15:00Z",
    "github_reviewed_at": "2022-12-15T17:33:55Z",
    "severity": "HIGH",
    "github_reviewed": true,
    "cwe_ids": [
      "CWE-611"
    ]
  },
  "references": [
    {
      "type": "ADVISORY",
      "url": "https://nvd.nist.gov/vuln/detail/CVE-2021-21659"
    },
    {
      "type": "PACKAGE",
      "url": "https://github.com/jenkinsci/urltrigger-plugin"
    },
    {
      "type": "WEB",
      "url": "https://www.jenkins.io/security/advisory/2021-05-25/#SECURITY-2341"
    },
    {
      "type": "WEB",
      "url": "http://www.openwall.com/lists/oss-security/2021/05/25/3"
    }
  ],
  "affected": [
    {
      "package": {
        "name": "org.jenkins-ci.plugins:urltrigger",
        "ecosystem": "Maven",
        "purl": "pkg:maven/org.jenkins-ci.plugins/urltrigger"
      },
      "ranges": [
        {
          "type": "ECOSYSTEM",
          "events": [
            {
              "introduced": "0"
            },
            {
              "fixed": "0.49"
            }
          ]
        }
      ],
      "versions": [
        "0.1",
        "0.10",
        "0.11",
        "0.13",
        "0.14",
        "0.15",
        "0.16",
        "0.17",
        "0.18",
        "0.19",
        "0.2",
        "0.20",
        "0.21",
        "0.22",
        "0.23",
        "0.24",
        "0.25",
        "0.26",
        "0.27",
        "0.28",
        "0.29",
        "0.3",
        "0.30",
        "0.31",
        "0.32",
        "0.33",
        "0.34",
        "0.35",
        "0.36",
        "0.37",
        "0.38",
        "0.39",
        "0.4",
        "0.4.1",
        "0.4.2",
        "0.4.3",
        "0.40",
        "0.41",
        "0.43",
        "0.44",
        "0.45",
        "0.46",
        "0.47",
        "0.48",
        "0.5",
        "0.5.1",
        "0.6",
        "0.7",
        "0.8",
        "0.9"
      ],
      "database_specific": {
        "last_known_affected_version_range": "<= 0.48",
        "source": "https://github.com/github/advisory-database/blob/main/advisories/github-reviewed/2022/05/GHSA-34j5-c4cv-mmg5/GHSA-34j5-c4cv-mmg5.json"
      }
    }
  ],
  "schema_version": "1.4.0",
  "severity": [
    {
      "type": "CVSS_V3",
      "score": "CVSS:3.1/AV:N/AC:L/PR:L/UI:N/S:U/C:H/I:L/A:N"
    }
  ]
}