{
  "id": "GHSA-24g8-35x9-fv8r",
  "summary": "Stored XSS vulnerability in Jenkins FindBugs Plugin",
  "details": "Jenkins FindBugs Plugin 5.0.0 and earlier does not escape the annotation message in tooltips, resulting in a stored cross-site scripting (XSS) vulnerability exploitable by attackers able to provide report files to Jenkins FindBugs Plugin's post build step.",
  "aliases": [
    "CVE-2020-2317"
  ],
  "modified": "2023-04-11T01:37:02.307739Z",
  "published": "2022-05-24T17:33:09Z",
  "database_specific": {
    "nvd_published_at": "2020-11-04T15:15:00Z",
    "github_reviewed_at": "2022-12-22T13:48:15Z",
    "severity": "HIGH",
    "github_reviewed": true,
    "cwe_ids": [
      "CWE-79"
    ]
  },
  "references": [
    {
      "type": "ADVISORY",
      "url": "https://nvd.nist.gov/vuln/detail/CVE-2020-2317"
    },
    {
      "type": "PACKAGE",
      "url": "https://github.com/jenkinsci/findbugs-plugin"
    },
    {
      "type": "WEB",
      "url": "https://www.jenkins.io/security/advisory/2020-11-04/#SECURITY-1918"
    }
  ],
  "affected": [
    {
      "package": {
        "name": "org.jvnet.hudson.plugins:findbugs",
        "ecosystem": "Maven",
        "purl": "pkg:maven/org.jvnet.hudson.plugins/findbugs"
      },
      "ranges": [
        {
          "type": "ECOSYSTEM",
          "events": [
            {
              "introduced": "0"
            },
            {
              "last_affected": "5.0.0"
            }
          ]
        }
      ],
      "versions": [
        "1.0",
        "1.1",
        "2.0",
        "2.1",
        "2.10",
        "2.11",
        "2.12",
        "2.13",
        "2.14",
        "2.15",
        "2.16",
        "2.17",
        "2.18",
        "2.19",
        "2.2",
        "2.20",
        "2.21",
        "2.22",
        "2.3",
        "2.4",
        "2.5",
        "2.6",
        "2.7",
        "2.8",
        "2.9",
        "3.0",
        "3.1",
        "3.10",
        "3.11",
        "3.12",
        "3.13",
        "3.2",
        "3.3",
        "3.4",
        "3.5",
        "3.6",
        "3.7",
        "3.8",
        "3.9",
        "4.0",
        "4.1",
        "4.10",
        "4.11",
        "4.12",
        "4.13",
        "4.14",
        "4.15",
        "4.16",
        "4.17",
        "4.18",
        "4.19",
        "4.2",
        "4.21",
        "4.22",
        "4.23",
        "4.24",
        "4.25",
        "4.26",
        "4.27",
        "4.28",
        "4.29",
        "4.3",
        "4.30",
        "4.31",
        "4.32",
        "4.33",
        "4.34",
        "4.35",
        "4.36",
        "4.37",
        "4.38",
        "4.39",
        "4.4",
        "4.40",
        "4.41",
        "4.42",
        "4.43",
        "4.44",
        "4.45",
        "4.46",
        "4.47",
        "4.48",
        "4.49",
        "4.5",
        "4.50",
        "4.51",
        "4.55",
        "4.56",
        "4.57",
        "4.58",
        "4.59",
        "4.6",
        "4.60",
        "4.61",
        "4.62",
        "4.63",
        "4.64",
        "4.65",
        "4.69",
        "4.7",
        "4.70",
        "4.71",
        "4.72",
        "4.73-beta",
        "4.8",
        "4.9",
        "5.0.0",
        "5.0.0-beta2",
        "5.0.0-beta3"
      ],
      "database_specific": {
        "source": "https://github.com/github/advisory-database/blob/main/advisories/github-reviewed/2022/05/GHSA-24g8-35x9-fv8r/GHSA-24g8-35x9-fv8r.json"
      }
    }
  ],
  "schema_version": "1.4.0",
  "severity": [
    {
      "type": "CVSS_V3",
      "score": "CVSS:3.1/AV:N/AC:L/PR:L/UI:R/S:U/C:H/I:H/A:H"
    }
  ]
}