{
  "id": "GHSA-383p-xqxx-rrmp",
  "summary": "Improper Input Validation in Apache Struts",
  "details": "Apache Struts 2.0.0 through 2.3.24.1 does not properly cache method references when used with OGNL before 3.0.12, which allows remote attackers to cause a denial of service (block access to a web site) via unspecified vectors.",
  "aliases": [
    "CVE-2016-3093"
  ],
  "modified": "2023-04-11T01:40:09.720969Z",
  "published": "2022-05-17T03:42:18Z",
  "database_specific": {
    "nvd_published_at": "2016-06-07T18:59:00Z",
    "github_reviewed_at": "2022-07-06T19:56:14Z",
    "severity": "MODERATE",
    "github_reviewed": true,
    "cwe_ids": [
      "CWE-20"
    ]
  },
  "references": [
    {
      "type": "ADVISORY",
      "url": "https://nvd.nist.gov/vuln/detail/CVE-2016-3093"
    },
    {
      "type": "WEB",
      "url": "https://lists.apache.org/thread.html/940b4c3fef002461b89a050935337056d4a036a65ef68e0bbd4621ef%40%3Cdev.struts.apache.org%3E"
    },
    {
      "type": "WEB",
      "url": "https://lists.apache.org/thread.html/940b4c3fef002461b89a050935337056d4a036a65ef68e0bbd4621ef@%3Cdev.struts.apache.org%3E"
    },
    {
      "type": "WEB",
      "url": "https://struts.apache.org/docs/s2-034.html"
    }
  ],
  "affected": [
    {
      "package": {
        "name": "org.apache.struts:struts2-core",
        "ecosystem": "Maven",
        "purl": "pkg:maven/org.apache.struts/struts2-core"
      },
      "ranges": [
        {
          "type": "ECOSYSTEM",
          "events": [
            {
              "introduced": "2.0.0"
            },
            {
              "fixed": "2.3.24.3"
            }
          ]
        }
      ],
      "versions": [
        "2.0.11",
        "2.0.11.1",
        "2.0.11.2",
        "2.0.12",
        "2.0.14",
        "2.0.5",
        "2.0.6",
        "2.0.8",
        "2.0.9",
        "2.1.2",
        "2.1.6",
        "2.1.8",
        "2.1.8.1",
        "2.2.1",
        "2.2.1.1",
        "2.2.3",
        "2.2.3.1",
        "2.3.1",
        "2.3.1.1",
        "2.3.1.2",
        "2.3.12",
        "2.3.14",
        "2.3.14.1",
        "2.3.14.2",
        "2.3.14.3",
        "2.3.15",
        "2.3.15.1",
        "2.3.15.2",
        "2.3.15.3",
        "2.3.16",
        "2.3.16.1",
        "2.3.16.2",
        "2.3.16.3",
        "2.3.20",
        "2.3.20.1",
        "2.3.20.3",
        "2.3.24",
        "2.3.24.1",
        "2.3.3",
        "2.3.4",
        "2.3.4.1",
        "2.3.7",
        "2.3.8"
      ],
      "database_specific": {
        "last_known_affected_version_range": "<= 2.3.24.1",
        "source": "https://github.com/github/advisory-database/blob/main/advisories/github-reviewed/2022/05/GHSA-383p-xqxx-rrmp/GHSA-383p-xqxx-rrmp.json"
      }
    }
  ],
  "schema_version": "1.4.0",
  "severity": [
    {
      "type": "CVSS_V3",
      "score": "CVSS:3.0/AV:N/AC:L/PR:N/UI:N/S:U/C:N/I:N/A:L"
    }
  ]
}