{
  "id": "GHSA-3295-h9qx-r82x",
  "summary": "Authentication Bypass Using an Alternate Path or Channel in SpringSource Spring Security and Acegi Security",
  "details": "VMware SpringSource Spring Security 2.x before 2.0.6 and 3.x before 3.0.4, and Acegi Security 1.0.0 through 1.0.7, as used in IBM WebSphere Application Server (WAS) 6.1 and 7.0, allows remote attackers to bypass security constraints via a path parameter.",
  "aliases": [
    "CVE-2010-3700"
  ],
  "modified": "2023-04-11T01:39:35.750102Z",
  "published": "2022-05-14T02:43:11Z",
  "database_specific": {
    "nvd_published_at": "2010-10-29T19:00:00Z",
    "github_reviewed_at": "2022-07-08T18:48:11Z",
    "severity": "MODERATE",
    "github_reviewed": true,
    "cwe_ids": [
      "CWE-288"
    ]
  },
  "references": [
    {
      "type": "ADVISORY",
      "url": "https://nvd.nist.gov/vuln/detail/CVE-2010-3700"
    },
    {
      "type": "WEB",
      "url": "https://issues.apache.org/bugzilla/show_bug.cgi?id=25015"
    },
    {
      "type": "WEB",
      "url": "https://web.archive.org/web/20110802082343/http://www.springsource.com/security/cve-2010-3700"
    }
  ],
  "affected": [
    {
      "package": {
        "name": "org.springframework.security:spring-security-core",
        "ecosystem": "Maven",
        "purl": "pkg:maven/org.springframework.security/spring-security-core"
      },
      "ranges": [
        {
          "type": "ECOSYSTEM",
          "events": [
            {
              "introduced": "2.0.0"
            },
            {
              "fixed": "2.0.6"
            }
          ]
        }
      ],
      "versions": [
        "2.0.0",
        "2.0.1",
        "2.0.2",
        "2.0.3",
        "2.0.4",
        "2.0.5.RELEASE"
      ],
      "database_specific": {
        "source": "https://github.com/github/advisory-database/blob/main/advisories/github-reviewed/2022/05/GHSA-3295-h9qx-r82x/GHSA-3295-h9qx-r82x.json"
      }
    },
    {
      "package": {
        "name": "org.springframework.security:spring-security-core",
        "ecosystem": "Maven",
        "purl": "pkg:maven/org.springframework.security/spring-security-core"
      },
      "ranges": [
        {
          "type": "ECOSYSTEM",
          "events": [
            {
              "introduced": "3.0.0"
            },
            {
              "fixed": "3.0.4"
            }
          ]
        }
      ],
      "versions": [
        "3.0.0.RELEASE",
        "3.0.1.RELEASE",
        "3.0.2.RELEASE",
        "3.0.3.RELEASE"
      ],
      "database_specific": {
        "source": "https://github.com/github/advisory-database/blob/main/advisories/github-reviewed/2022/05/GHSA-3295-h9qx-r82x/GHSA-3295-h9qx-r82x.json"
      }
    },
    {
      "package": {
        "name": "org.acegisecurity:acegi-security",
        "ecosystem": "Maven",
        "purl": "pkg:maven/org.acegisecurity/acegi-security"
      },
      "ranges": [
        {
          "type": "ECOSYSTEM",
          "events": [
            {
              "introduced": "1.0.0"
            },
            {
              "last_affected": "1.0.7"
            }
          ]
        }
      ],
      "versions": [
        "1.0.0",
        "1.0.1",
        "1.0.2",
        "1.0.3",
        "1.0.4",
        "1.0.5",
        "1.0.6",
        "1.0.7"
      ],
      "database_specific": {
        "source": "https://github.com/github/advisory-database/blob/main/advisories/github-reviewed/2022/05/GHSA-3295-h9qx-r82x/GHSA-3295-h9qx-r82x.json"
      }
    }
  ],
  "schema_version": "1.4.0"
}