{
  "id": "GHSA-4fxw-g29w-r8mx",
  "summary": "Apache Solr Cross-site scripting Vulnerability",
  "details": "Cross-site scripting (XSS) vulnerability in `webapp/web/js/scripts/schema-browser.js` in the Admin UI in Apache Solr before 5.3 allows remote attackers to inject arbitrary web script or HTML via a crafted schema-browse URL.",
  "aliases": [
    "CVE-2015-8796"
  ],
  "modified": "2023-08-04T21:06:42.787609Z",
  "published": "2022-05-17T02:24:43Z",
  "database_specific": {
    "nvd_published_at": "2016-02-15T02:59:00Z",
    "cwe_ids": [
      "CWE-79"
    ],
    "severity": "MODERATE",
    "github_reviewed": true,
    "github_reviewed_at": "2023-08-03T22:07:41Z"
  },
  "references": [
    {
      "type": "ADVISORY",
      "url": "https://nvd.nist.gov/vuln/detail/CVE-2015-8796"
    },
    {
      "type": "WEB",
      "url": "https://github.com/apache/lucene/commit/dc2f2295e0a6c6574f033f295dc0c9adb7660df9"
    },
    {
      "type": "WEB",
      "url": "https://github.com/apache/solr/commit/dc2f2295e0a6c6574f033f295dc0c9adb7660df9"
    },
    {
      "type": "PACKAGE",
      "url": "https://github.com/apache/solr"
    },
    {
      "type": "WEB",
      "url": "https://issues.apache.org/jira/browse/SOLR-7920"
    },
    {
      "type": "WEB",
      "url": "https://web.archive.org/web/20200227160406/http://www.securityfocus.com/bid/85205"
    }
  ],
  "affected": [
    {
      "package": {
        "name": "org.apache.solr:solr",
        "ecosystem": "Maven",
        "purl": "pkg:maven/org.apache.solr/solr"
      },
      "ranges": [
        {
          "type": "ECOSYSTEM",
          "events": [
            {
              "introduced": "0"
            },
            {
              "fixed": "5.3"
            }
          ]
        }
      ],
      "versions": [
        "3.1.0",
        "3.2.0",
        "3.3.0",
        "3.4.0",
        "3.5.0",
        "3.6.0",
        "3.6.1",
        "3.6.2",
        "4.0.0",
        "4.0.0-ALPHA",
        "4.0.0-BETA",
        "4.1.0",
        "4.10.0",
        "4.10.1",
        "4.10.2",
        "4.10.3",
        "4.10.4",
        "4.2.0",
        "4.2.1",
        "4.3.0",
        "4.3.1",
        "4.4.0",
        "4.5.0",
        "4.5.1",
        "4.6.0",
        "4.6.1",
        "4.7.0",
        "4.7.1",
        "4.7.2",
        "4.8.0",
        "4.8.1",
        "4.9.0",
        "4.9.1"
      ],
      "database_specific": {
        "source": "https://github.com/github/advisory-database/blob/main/advisories/github-reviewed/2022/05/GHSA-4fxw-g29w-r8mx/GHSA-4fxw-g29w-r8mx.json"
      }
    }
  ],
  "schema_version": "1.4.0",
  "severity": [
    {
      "type": "CVSS_V3",
      "score": "CVSS:3.0/AV:N/AC:L/PR:N/UI:R/S:C/C:L/I:L/A:N"
    }
  ]
}