{
  "id": "GHSA-43j2-r4v3-m8jp",
  "summary": "Secrets are not masked by Jenkins Credentials Binding Plugin in builds without build steps",
  "details": "Credentials Binding Plugin 1.22 and earlier does not mask (i.e., replace with asterisks) secrets in the build log when the build contains no build steps.\n\nCredentials Binding Plugin 1.23 now masks secrets when the build contains no build steps.",
  "aliases": [
    "CVE-2020-2181"
  ],
  "modified": "2023-04-11T01:25:37.368185Z",
  "published": "2022-05-24T17:17:14Z",
  "database_specific": {
    "nvd_published_at": "2020-05-06T13:15:00Z",
    "github_reviewed_at": "2022-06-24T00:57:14Z",
    "severity": "MODERATE",
    "github_reviewed": true,
    "cwe_ids": [
      "CWE-522"
    ]
  },
  "references": [
    {
      "type": "ADVISORY",
      "url": "https://nvd.nist.gov/vuln/detail/CVE-2020-2181"
    },
    {
      "type": "PACKAGE",
      "url": "https://github.com/jenkinsci/credentials-binding-plugin"
    },
    {
      "type": "WEB",
      "url": "https://jenkins.io/security/advisory/2020-05-06/#SECURITY-1374"
    },
    {
      "type": "WEB",
      "url": "http://www.openwall.com/lists/oss-security/2020/05/06/3"
    }
  ],
  "affected": [
    {
      "package": {
        "name": "org.jenkins-ci.plugins:credentials-binding",
        "ecosystem": "Maven",
        "purl": "pkg:maven/org.jenkins-ci.plugins/credentials-binding"
      },
      "ranges": [
        {
          "type": "ECOSYSTEM",
          "events": [
            {
              "introduced": "0"
            },
            {
              "fixed": "1.23"
            }
          ]
        }
      ],
      "versions": [
        "1.0",
        "1.0-beta-1",
        "1.1",
        "1.10",
        "1.11",
        "1.12",
        "1.13",
        "1.14",
        "1.15",
        "1.16",
        "1.17",
        "1.18",
        "1.19",
        "1.2",
        "1.20",
        "1.20.1",
        "1.21",
        "1.22",
        "1.3",
        "1.4",
        "1.5",
        "1.6",
        "1.7",
        "1.8",
        "1.9"
      ],
      "database_specific": {
        "last_known_affected_version_range": "<= 1.22",
        "source": "https://github.com/github/advisory-database/blob/main/advisories/github-reviewed/2022/05/GHSA-43j2-r4v3-m8jp/GHSA-43j2-r4v3-m8jp.json"
      }
    }
  ],
  "schema_version": "1.4.0",
  "severity": [
    {
      "type": "CVSS_V3",
      "score": "CVSS:3.0/AV:N/AC:H/PR:L/UI:N/S:U/C:H/I:N/A:N"
    }
  ]
}