{
  "id": "GHSA-2h63-qp69-fwvw",
  "summary": "Server-side request forgery (SSRF) in Apache Batik",
  "details": "Apache Batik 1.13 is vulnerable to server-side request forgery, caused by improper input validation by the NodePickerPanel. By using a specially-crafted argument, an attacker could exploit this vulnerability to cause the underlying server to make arbitrary GET requests.",
  "aliases": [
    "CVE-2020-11987"
  ],
  "modified": "2023-09-05T19:04:05.010284Z",
  "published": "2022-01-06T20:35:54Z",
  "database_specific": {
    "nvd_published_at": "2021-02-24T18:15:00Z",
    "cwe_ids": [
      "CWE-20",
      "CWE-918"
    ],
    "severity": "HIGH",
    "github_reviewed": true,
    "github_reviewed_at": "2021-03-26T22:47:21Z"
  },
  "references": [
    {
      "type": "ADVISORY",
      "url": "https://nvd.nist.gov/vuln/detail/CVE-2020-11987"
    },
    {
      "type": "WEB",
      "url": "https://github.com/apache/xmlgraphics-batik/commit/0ef5b661a1f77772d1110877ea9e0287987098f6"
    },
    {
      "type": "PACKAGE",
      "url": "https://github.com/apache/xmlgraphics-batik"
    },
    {
      "type": "WEB",
      "url": "https://issues.apache.org/jira/browse/BATIK-1284"
    },
    {
      "type": "WEB",
      "url": "https://lists.apache.org/thread.html/r2877ae10e8be56a3c52d03e373512ddd32f16b863f24c2e22f5a5ba2@%3Cdev.poi.apache.org%3E"
    },
    {
      "type": "WEB",
      "url": "https://lists.apache.org/thread.html/r588d05a0790b40a0eb81088252e1e8c1efb99706631421f17038eb05@%3Cdev.poi.apache.org%3E"
    },
    {
      "type": "WEB",
      "url": "https://lists.fedoraproject.org/archives/list/package-announce@lists.fedoraproject.org/message/JEDID4DAVPECE6O4QQCSIS75BLLBUUAM/"
    },
    {
      "type": "WEB",
      "url": "https://lists.fedoraproject.org/archives/list/package-announce@lists.fedoraproject.org/message/W7EAYO5XIHD6OIEA3HPK64UDDBSLNAC5/"
    },
    {
      "type": "WEB",
      "url": "https://www.oracle.com//security-alerts/cpujul2021.html"
    },
    {
      "type": "WEB",
      "url": "https://www.oracle.com/security-alerts/cpuApr2021.html"
    },
    {
      "type": "WEB",
      "url": "https://www.oracle.com/security-alerts/cpujan2022.html"
    },
    {
      "type": "WEB",
      "url": "https://www.oracle.com/security-alerts/cpujul2022.html"
    },
    {
      "type": "WEB",
      "url": "https://www.oracle.com/security-alerts/cpuoct2021.html"
    },
    {
      "type": "WEB",
      "url": "https://xmlgraphics.apache.org/security.html"
    }
  ],
  "affected": [
    {
      "package": {
        "name": "org.apache.xmlgraphics:batik-svgbrowser",
        "ecosystem": "Maven",
        "purl": "pkg:maven/org.apache.xmlgraphics/batik-svgbrowser"
      },
      "ranges": [
        {
          "type": "ECOSYSTEM",
          "events": [
            {
              "introduced": "0"
            },
            {
              "fixed": "1.14"
            }
          ]
        }
      ],
      "versions": [
        "1.10",
        "1.11",
        "1.12",
        "1.13",
        "1.9",
        "1.9.1"
      ],
      "ecosystem_specific": {
        "affected_functions": [
          ""
        ]
      },
      "database_specific": {
        "source": "https://github.com/github/advisory-database/blob/main/advisories/github-reviewed/2022/01/GHSA-2h63-qp69-fwvw/GHSA-2h63-qp69-fwvw.json"
      }
    }
  ],
  "schema_version": "1.4.0",
  "severity": [
    {
      "type": "CVSS_V3",
      "score": "CVSS:3.1/AV:N/AC:L/PR:N/UI:N/S:U/C:H/I:L/A:N"
    }
  ]
}