{
  "id": "GHSA-3r5x-x6xf-m8fv",
  "summary": "Arbitrary file read vulnerability in Jenkins Tests Selector Plugin",
  "details": "Jenkins Tests Selector Plugin 1.3.3 and earlier allows users with Item/Configure permission to read arbitrary files on the Jenkins controller using the Choosing Tests parameter.",
  "aliases": [
    "CVE-2022-28160"
  ],
  "modified": "2023-04-11T01:43:51.032495Z",
  "published": "2022-03-30T00:00:21Z",
  "database_specific": {
    "nvd_published_at": "2022-03-29T13:15:00Z",
    "github_reviewed_at": "2022-11-30T20:46:02Z",
    "severity": "MODERATE",
    "github_reviewed": true,
    "cwe_ids": [
      "CWE-668"
    ]
  },
  "references": [
    {
      "type": "ADVISORY",
      "url": "https://nvd.nist.gov/vuln/detail/CVE-2022-28160"
    },
    {
      "type": "PACKAGE",
      "url": "https://github.com/jenkinsci/selected-tests-executor-plugin"
    },
    {
      "type": "WEB",
      "url": "https://www.jenkins.io/security/advisory/2022-03-29/#SECURITY-2338"
    },
    {
      "type": "WEB",
      "url": "http://www.openwall.com/lists/oss-security/2022/03/29/1"
    }
  ],
  "affected": [
    {
      "package": {
        "name": "org.jenkins-ci.plugins:selected-tests-executor",
        "ecosystem": "Maven",
        "purl": "pkg:maven/org.jenkins-ci.plugins/selected-tests-executor"
      },
      "ranges": [
        {
          "type": "ECOSYSTEM",
          "events": [
            {
              "introduced": "0"
            },
            {
              "last_affected": "1.3.3"
            }
          ]
        }
      ],
      "versions": [
        "1.2",
        "1.3",
        "1.3.1",
        "1.3.2",
        "1.3.3"
      ],
      "database_specific": {
        "source": "https://github.com/github/advisory-database/blob/main/advisories/github-reviewed/2022/03/GHSA-3r5x-x6xf-m8fv/GHSA-3r5x-x6xf-m8fv.json"
      }
    }
  ],
  "schema_version": "1.4.0",
  "severity": [
    {
      "type": "CVSS_V3",
      "score": "CVSS:3.1/AV:N/AC:L/PR:L/UI:N/S:U/C:H/I:N/A:N"
    }
  ]
}