{
  "id": "GHSA-2mq8-99q7-55wx",
  "summary": "Code injection in keycloak",
  "details": "A flaw was found in keycloak. The new account console in keycloak can allow malicious code to be executed using the referrer URL. The highest threat from this vulnerability is to data confidentiality and integrity as well as system availability.",
  "aliases": [
    "CVE-2021-20222"
  ],
  "modified": "2023-04-11T01:34:36.066942Z",
  "published": "2021-05-13T22:29:51Z",
  "database_specific": {
    "nvd_published_at": "2021-03-23T17:15:00Z",
    "github_reviewed_at": "2021-03-24T23:54:00Z",
    "severity": "HIGH",
    "github_reviewed": true,
    "cwe_ids": [
      "CWE-20",
      "CWE-79"
    ]
  },
  "references": [
    {
      "type": "ADVISORY",
      "url": "https://nvd.nist.gov/vuln/detail/CVE-2021-20222"
    },
    {
      "type": "WEB",
      "url": "https://github.com/keycloak/keycloak/commit/3b80eee5bfdf2b80c47465c0f2eaf70074808741"
    },
    {
      "type": "WEB",
      "url": "https://access.redhat.com/security/cve/cve-2021-20222"
    },
    {
      "type": "WEB",
      "url": "https://bugzilla.redhat.com/show_bug.cgi?id=1924606"
    }
  ],
  "affected": [
    {
      "package": {
        "name": "org.keycloak:keycloak-parent",
        "ecosystem": "Maven",
        "purl": "pkg:maven/org.keycloak/keycloak-parent"
      },
      "ranges": [
        {
          "type": "ECOSYSTEM",
          "events": [
            {
              "introduced": "9.0.0"
            },
            {
              "fixed": "12.0.3"
            }
          ]
        }
      ],
      "versions": [
        "10.0.0",
        "10.0.1",
        "10.0.2",
        "11.0.0",
        "11.0.1",
        "11.0.2",
        "11.0.3",
        "12.0.0",
        "12.0.1",
        "12.0.2",
        "9.0.0",
        "9.0.2",
        "9.0.3"
      ],
      "database_specific": {
        "source": "https://github.com/github/advisory-database/blob/main/advisories/github-reviewed/2021/05/GHSA-2mq8-99q7-55wx/GHSA-2mq8-99q7-55wx.json"
      }
    }
  ],
  "schema_version": "1.4.0",
  "severity": [
    {
      "type": "CVSS_V3",
      "score": "CVSS:3.1/AV:N/AC:H/PR:N/UI:R/S:C/C:H/I:H/A:H"
    }
  ]
}