{
  "id": "GHSA-3h2q-m63q-9cf6",
  "summary": "Missing permission check in Perfecto Plugin",
  "details": "Perfecto Plugin 1.17 and earlier does not perform a permission check in a method implementing a connection test.\n\nThis allows attackers with Overall/Read permission to connect to an attacker-specified HTTP URL using attacker-specified username and password.\n\nPerfecto Plugin 1.18 requires Overall/Administer permission to perform a connection test.",
  "aliases": [
    "CVE-2020-2260"
  ],
  "modified": "2023-04-11T01:48:59.013361Z",
  "published": "2022-05-24T17:28:26Z",
  "database_specific": {
    "nvd_published_at": "2020-09-16T14:15:00Z",
    "github_reviewed_at": "2022-12-29T01:42:35Z",
    "severity": "MODERATE",
    "github_reviewed": true,
    "cwe_ids": [
      "CWE-862"
    ]
  },
  "references": [
    {
      "type": "ADVISORY",
      "url": "https://nvd.nist.gov/vuln/detail/CVE-2020-2260"
    },
    {
      "type": "PACKAGE",
      "url": "https://github.com/jenkinsci/perfecto-plugin"
    },
    {
      "type": "WEB",
      "url": "https://www.jenkins.io/security/advisory/2020-09-16/#SECURITY-1979"
    },
    {
      "type": "WEB",
      "url": "http://www.openwall.com/lists/oss-security/2020/09/16/3"
    }
  ],
  "affected": [
    {
      "package": {
        "name": "io.jenkins.plugins:perfecto",
        "ecosystem": "Maven",
        "purl": "pkg:maven/io.jenkins.plugins/perfecto"
      },
      "ranges": [
        {
          "type": "ECOSYSTEM",
          "events": [
            {
              "introduced": "0"
            },
            {
              "fixed": "1.18"
            }
          ]
        }
      ],
      "versions": [
        "1.12",
        "1.13",
        "1.14",
        "1.15",
        "1.16",
        "1.17"
      ],
      "database_specific": {
        "last_known_affected_version_range": "<= 1.17",
        "source": "https://github.com/github/advisory-database/blob/main/advisories/github-reviewed/2022/05/GHSA-3h2q-m63q-9cf6/GHSA-3h2q-m63q-9cf6.json"
      }
    }
  ],
  "schema_version": "1.4.0",
  "severity": [
    {
      "type": "CVSS_V3",
      "score": "CVSS:3.1/AV:N/AC:L/PR:L/UI:N/S:U/C:N/I:L/A:N"
    }
  ]
}