{
  "id": "GHSA-34fp-xvxp-rg22",
  "summary": "Apache ActiveMQ default configuration subject to denial of service",
  "details": "The default configuration of Apache ActiveMQ before 5.8.0 enables a sample web application, which allows remote attackers to cause a denial of service (broker resource consumption) via HTTP requests.",
  "aliases": [
    "CVE-2012-6551"
  ],
  "modified": "2023-08-29T21:52:12.735780Z",
  "published": "2022-05-17T03:46:32Z",
  "database_specific": {
    "nvd_published_at": "2013-04-21T21:55:00Z",
    "cwe_ids": [
      "CWE-400"
    ],
    "severity": "MODERATE",
    "github_reviewed": true,
    "github_reviewed_at": "2023-08-29T21:32:55Z"
  },
  "references": [
    {
      "type": "ADVISORY",
      "url": "https://nvd.nist.gov/vuln/detail/CVE-2012-6551"
    },
    {
      "type": "WEB",
      "url": "https://issues.apache.org/jira/browse/AMQ-4124"
    },
    {
      "type": "WEB",
      "url": "https://issues.apache.org/jira/secure/ReleaseNote.jspa?projectId=12311210&version=12323282"
    },
    {
      "type": "WEB",
      "url": "https://web.archive.org/web/20130916074709/http://activemq.2283324.n4.nabble.com/DISCUSS-ActiveMQ-out-of-the-box-Should-not-include-the-demos-tc4658044.html"
    },
    {
      "type": "WEB",
      "url": "https://web.archive.org/web/20200228042520/http://www.securityfocus.com/bid/59401"
    },
    {
      "type": "WEB",
      "url": "http://activemq.apache.org/activemq-580-release.html"
    },
    {
      "type": "WEB",
      "url": "http://rhn.redhat.com/errata/RHSA-2013-1029.html"
    }
  ],
  "affected": [
    {
      "package": {
        "name": "org.apache.activemq:activemq-all",
        "ecosystem": "Maven",
        "purl": "pkg:maven/org.apache.activemq/activemq-all"
      },
      "ranges": [
        {
          "type": "ECOSYSTEM",
          "events": [
            {
              "introduced": "0"
            },
            {
              "fixed": "5.8.0"
            }
          ]
        }
      ],
      "versions": [
        "4.1.2",
        "5.0.0",
        "5.1.0",
        "5.2.0",
        "5.3.0",
        "5.3.1",
        "5.3.2",
        "5.4.0",
        "5.4.1",
        "5.4.2",
        "5.4.3",
        "5.5.0",
        "5.5.1",
        "5.6.0",
        "5.7.0"
      ],
      "ecosystem_specific": {
        "affected_functions": [
          ""
        ]
      },
      "database_specific": {
        "source": "https://github.com/github/advisory-database/blob/main/advisories/github-reviewed/2022/05/GHSA-34fp-xvxp-rg22/GHSA-34fp-xvxp-rg22.json"
      }
    }
  ],
  "schema_version": "1.4.0"
}