{
  "id": "GHSA-33xh-xch9-p6hj",
  "summary": "Incorrect Authorization in Apache Ozone",
  "details": "In Apache Ozone versions prior to 1.2.0, Container related Datanode requests of Ozone Datanode were not properly authorized and can be called by any client.",
  "aliases": [
    "CVE-2021-39233"
  ],
  "modified": "2021-11-22T18:36:47Z",
  "published": "2021-11-23T18:17:59Z",
  "database_specific": {
    "nvd_published_at": "2021-11-19T10:15:00Z",
    "github_reviewed_at": "2021-11-22T18:36:47Z",
    "severity": "CRITICAL",
    "github_reviewed": true,
    "cwe_ids": [
      "CWE-863"
    ]
  },
  "references": [
    {
      "type": "ADVISORY",
      "url": "https://nvd.nist.gov/vuln/detail/CVE-2021-39233"
    },
    {
      "type": "WEB",
      "url": "https://mail-archives.apache.org/mod_mbox/ozone-dev/202111.mbox/%3C394a9a73-44dd-b5db-84d8-607c3226eb00%40apache.org%3E"
    },
    {
      "type": "WEB",
      "url": "http://www.openwall.com/lists/oss-security/2021/11/19/4"
    }
  ],
  "affected": [
    {
      "package": {
        "name": "org.apache.ozone:ozone-main",
        "ecosystem": "Maven",
        "purl": "pkg:maven/org.apache.ozone/ozone-main"
      },
      "ranges": [
        {
          "type": "ECOSYSTEM",
          "events": [
            {
              "introduced": "0"
            },
            {
              "fixed": "1.2.0"
            }
          ]
        }
      ],
      "database_specific": {
        "source": "https://github.com/github/advisory-database/blob/main/advisories/github-reviewed/2021/11/GHSA-33xh-xch9-p6hj/GHSA-33xh-xch9-p6hj.json"
      },
      "versions": []
    }
  ],
  "schema_version": "1.4.0",
  "severity": [
    {
      "type": "CVSS_V3",
      "score": "CVSS:3.1/AV:N/AC:L/PR:N/UI:N/S:U/C:H/I:H/A:N"
    }
  ]
}