{
  "id": "GHSA-38pm-74xc-phcw",
  "summary": "CSRF vulnerability in Jenkins XebiaLabs XL Deploy Plugin allows capturing credentials",
  "details": "A cross-site request forgery (CSRF) vulnerability in Jenkins XebiaLabs XL Deploy Plugin 10.0.1 and earlier allows attackers to connect to an attacker-specified URL using attacker-specified credentials IDs obtained through another method, capturing Username/password credentials stored in Jenkins.\n\nXebiaLabs XL Deploy Plugin 10.0.2 requires POST requests and Overall/Administer permission for the affected form validation method.",
  "aliases": [
    "CVE-2021-21665"
  ],
  "modified": "2023-04-11T01:44:41.832905Z",
  "published": "2022-05-24T19:04:53Z",
  "database_specific": {
    "nvd_published_at": "2021-06-10T15:15:00Z",
    "github_reviewed_at": "2022-12-14T16:12:42Z",
    "severity": "HIGH",
    "github_reviewed": true,
    "cwe_ids": [
      "CWE-352"
    ]
  },
  "references": [
    {
      "type": "ADVISORY",
      "url": "https://nvd.nist.gov/vuln/detail/CVE-2021-21665"
    },
    {
      "type": "PACKAGE",
      "url": "https://github.com/jenkinsci/xldeploy-plugin"
    },
    {
      "type": "WEB",
      "url": "https://www.jenkins.io/security/advisory/2021-06-10/#SECURITY-1982"
    },
    {
      "type": "WEB",
      "url": "http://www.openwall.com/lists/oss-security/2021/06/10/14"
    }
  ],
  "affected": [
    {
      "package": {
        "name": "com.xebialabs.deployit.ci:deployit-plugin",
        "ecosystem": "Maven",
        "purl": "pkg:maven/com.xebialabs.deployit.ci/deployit-plugin"
      },
      "ranges": [
        {
          "type": "ECOSYSTEM",
          "events": [
            {
              "introduced": "0"
            },
            {
              "fixed": "10.0.2"
            }
          ]
        }
      ],
      "versions": [
        "10.0.0",
        "10.0.1",
        "3.9.5",
        "3.9.5-alpha-1",
        "3.9.6",
        "3.9.7",
        "3.9.8",
        "3.9.9",
        "4.0.0",
        "4.0.1",
        "4.5.0",
        "4.5.1",
        "4.5.2",
        "5.0.0",
        "5.0.1",
        "5.0.2",
        "5.0.3",
        "6.0.0",
        "6.1.0",
        "6.1.1",
        "7.5.0",
        "7.5.1",
        "7.5.2",
        "7.5.3",
        "7.5.4",
        "7.5.5",
        "7.5.6",
        "7.5.7",
        "7.5.8",
        "7.5.9",
        "8.0.0"
      ],
      "database_specific": {
        "last_known_affected_version_range": "<= 10.0.1",
        "source": "https://github.com/github/advisory-database/blob/main/advisories/github-reviewed/2022/05/GHSA-38pm-74xc-phcw/GHSA-38pm-74xc-phcw.json"
      }
    }
  ],
  "schema_version": "1.4.0",
  "severity": [
    {
      "type": "CVSS_V3",
      "score": "CVSS:3.1/AV:N/AC:L/PR:L/UI:N/S:U/C:H/I:L/A:N"
    }
  ]
}