{
  "id": "GHSA-2g32-2j8w-2qgf",
  "summary": "Jenkins vSphere Plugin Cross-Site Request Forgery vulnerability",
  "details": "A cross-site request forgery vulnerability exists in Jenkins vSphere Plugin 2.16 and older in Clone.java, CloudSelectorParameter.java, ConvertToTemplate.java, ConvertToVm.java, Delete.java, DeleteSnapshot.java, Deploy.java, ExposeGuestInfo.java, FolderVSphereCloudProperty.java, PowerOff.java, PowerOn.java, Reconfigure.java, Rename.java, RenameSnapshot.java, RevertToSnapshot.java, SuspendVm.java, TakeSnapshot.java, VSphereBuildStepContainer.java, vSphereCloudProvisionedSlave.java, vSphereCloudSlave.java, vSphereCloudSlaveTemplate.java, VSphereConnectionConfig.java, vSphereStep.java that allows attackers to perform form validation related actions, including sending numerous requests to the configured vSphere server, potentially resulting in denial of service, or send credentials stored in Jenkins with known ID to an attacker-specified server (\"test connection\"). Additionally, these form validation methods did not require POST requests, resulting in a CSRF vulnerability. As of version 2.17, these form validation methods require POST requests and appropriate user permissions.",
  "aliases": [
    "CVE-2018-1000153"
  ],
  "modified": "2023-04-11T01:30:17.764337Z",
  "published": "2022-05-14T03:23:41Z",
  "database_specific": {
    "nvd_published_at": "2018-04-05T13:29:00Z",
    "github_reviewed_at": "2022-12-12T21:05:12Z",
    "severity": "HIGH",
    "github_reviewed": true,
    "cwe_ids": [
      "CWE-352"
    ]
  },
  "references": [
    {
      "type": "ADVISORY",
      "url": "https://nvd.nist.gov/vuln/detail/CVE-2018-1000153"
    },
    {
      "type": "PACKAGE",
      "url": "https://github.com/jenkinsci/vsphere-cloud-plugin"
    },
    {
      "type": "WEB",
      "url": "https://jenkins.io/security/advisory/2018-03-26/#SECURITY-745"
    }
  ],
  "affected": [
    {
      "package": {
        "name": "org.jenkins-ci.plugins:vsphere-cloud",
        "ecosystem": "Maven",
        "purl": "pkg:maven/org.jenkins-ci.plugins/vsphere-cloud"
      },
      "ranges": [
        {
          "type": "ECOSYSTEM",
          "events": [
            {
              "introduced": "0"
            },
            {
              "fixed": "2.17"
            }
          ]
        }
      ],
      "versions": [
        "0.10",
        "0.4",
        "0.5",
        "0.7",
        "0.8",
        "0.9",
        "1.0.1",
        "1.0.2",
        "1.1.0",
        "1.1.1",
        "1.1.10",
        "1.1.11",
        "1.1.12",
        "1.1.2",
        "1.1.3",
        "1.1.4",
        "1.1.5",
        "1.1.6",
        "1.1.9",
        "2.0",
        "2.1",
        "2.10",
        "2.11",
        "2.12",
        "2.13",
        "2.14",
        "2.15",
        "2.16",
        "2.2",
        "2.3",
        "2.4",
        "2.5",
        "2.6",
        "2.7",
        "2.8",
        "2.9"
      ],
      "database_specific": {
        "last_known_affected_version_range": "<= 2.16",
        "source": "https://github.com/github/advisory-database/blob/main/advisories/github-reviewed/2022/05/GHSA-2g32-2j8w-2qgf/GHSA-2g32-2j8w-2qgf.json"
      }
    }
  ],
  "schema_version": "1.4.0",
  "severity": [
    {
      "type": "CVSS_V3",
      "score": "CVSS:3.0/AV:N/AC:L/PR:N/UI:R/S:U/C:H/I:H/A:H"
    }
  ]
}