{
  "id": "GHSA-2348-ccqj-8p27",
  "summary": "Jenkins RQM Plugin allows enumerating credentials IDs due to missing permission check",
  "details": "Jenkins RQM Plugin 2.8 and earlier does not perform a permission check in an HTTP endpoint. This allows attackers with Overall/Read permission to enumerate credentials IDs of credentials stored in Jenkins. Those can be used as part of an attack to capture the credentials using another vulnerability.",
  "aliases": [
    "CVE-2022-34810"
  ],
  "modified": "2023-04-11T01:37:25.739569Z",
  "published": "2022-07-01T00:01:08Z",
  "database_specific": {
    "nvd_published_at": "2022-06-30T18:15:00Z",
    "github_reviewed_at": "2022-12-09T14:31:53Z",
    "severity": "MODERATE",
    "github_reviewed": true,
    "cwe_ids": [
      "CWE-862"
    ]
  },
  "references": [
    {
      "type": "ADVISORY",
      "url": "https://nvd.nist.gov/vuln/detail/CVE-2022-34810"
    },
    {
      "type": "PACKAGE",
      "url": "https://github.com/jenkinsci/rqm-plugin"
    },
    {
      "type": "WEB",
      "url": "https://www.jenkins.io/security/advisory/2022-06-30/#SECURITY-2806"
    }
  ],
  "affected": [
    {
      "package": {
        "name": "net.praqma:rqm-plugin",
        "ecosystem": "Maven",
        "purl": "pkg:maven/net.praqma/rqm-plugin"
      },
      "ranges": [
        {
          "type": "ECOSYSTEM",
          "events": [
            {
              "introduced": "0"
            },
            {
              "last_affected": "2.8"
            }
          ]
        }
      ],
      "versions": [
        "1.0",
        "2.0",
        "2.1",
        "2.2",
        "2.3",
        "2.4",
        "2.5",
        "2.6",
        "2.7",
        "2.8"
      ],
      "database_specific": {
        "source": "https://github.com/github/advisory-database/blob/main/advisories/github-reviewed/2022/07/GHSA-2348-ccqj-8p27/GHSA-2348-ccqj-8p27.json"
      }
    }
  ],
  "schema_version": "1.4.0",
  "severity": [
    {
      "type": "CVSS_V3",
      "score": "CVSS:3.1/AV:N/AC:L/PR:L/UI:N/S:U/C:L/I:N/A:N"
    }
  ]
}