{
  "id": "GHSA-2pj6-5hqc-w5x9",
  "summary": "CSRF vulnerability in Jenkins SWAMP Plugin allows capturing credentials",
  "details": "WAMP Plugin 1.2.6 and earlier does not perform a permission check in a method implementing form validation.\\\n\nThis allows attackers with Overall/Read permission to connect to an attacker-specified URL using attacker-specified credentials IDs obtained through another method, capturing credentials stored in Jenkins.\n\nAdditionally, this form validation method does not require POST requests, resulting in a cross-site request forgery (CSRF) vulnerability.",
  "aliases": [
    "CVE-2022-25212"
  ],
  "modified": "2023-04-11T01:29:20.342641Z",
  "published": "2022-02-16T00:01:12Z",
  "database_specific": {
    "nvd_published_at": "2022-02-15T17:15:00Z",
    "github_reviewed_at": "2022-12-01T22:06:24Z",
    "severity": "MODERATE",
    "github_reviewed": true,
    "cwe_ids": [
      "CWE-352"
    ]
  },
  "references": [
    {
      "type": "ADVISORY",
      "url": "https://nvd.nist.gov/vuln/detail/CVE-2022-25212"
    },
    {
      "type": "PACKAGE",
      "url": "https://github.com/jenkinsci/swamp-plugin"
    },
    {
      "type": "WEB",
      "url": "https://www.jenkins.io/security/advisory/2022-02-15/#SECURITY-1988"
    }
  ],
  "affected": [
    {
      "package": {
        "name": "org.continuousassurance.swamp.jenkins:swamp",
        "ecosystem": "Maven",
        "purl": "pkg:maven/org.continuousassurance.swamp.jenkins/swamp"
      },
      "ranges": [
        {
          "type": "ECOSYSTEM",
          "events": [
            {
              "introduced": "0"
            },
            {
              "last_affected": "1.2.6"
            }
          ]
        }
      ],
      "versions": [
        "0.7.9",
        "1.0.0",
        "1.0.1",
        "1.0.3",
        "1.0.5",
        "1.0.6",
        "1.1.0",
        "1.1.1",
        "1.1.2",
        "1.2.0",
        "1.2.1",
        "1.2.2",
        "1.2.3",
        "1.2.4",
        "1.2.5",
        "1.2.6"
      ],
      "database_specific": {
        "source": "https://github.com/github/advisory-database/blob/main/advisories/github-reviewed/2022/02/GHSA-2pj6-5hqc-w5x9/GHSA-2pj6-5hqc-w5x9.json"
      }
    }
  ],
  "schema_version": "1.4.0",
  "severity": [
    {
      "type": "CVSS_V3",
      "score": "CVSS:3.1/AV:N/AC:H/PR:L/UI:N/S:U/C:L/I:L/A:N"
    }
  ]
}