{
  "id": "GHSA-449w-c77c-vmf6",
  "summary": "Lack of authentication mechanism in Jenkins Git Plugin webhook",
  "details": "Git Plugin provides a webhook endpoint at `/git/notifyCommit` that can be used to notify Jenkins of changes to an SCM repository. For its most basic functionality, this endpoint receives a repository URL, and Jenkins will schedule polling for all jobs configured with the specified repository. In Git Plugin 4.11.3 and earlier, this endpoint can be accessed with GET requests and without authentication. In addition to this basic functionality, the endpoint also accept a `sha1` parameter specifying a commit ID. If this parameter is specified, jobs configured with the specified repo will be triggered immediately, and the build will check out the specified commit. Additionally, the output of the webhook endpoint will provide information about which jobs were triggered or scheduled for polling, including jobs the user has no permission to access. This allows attackers with knowledge of Git repository URLs to trigger builds of jobs using a specified Git repository and to cause them to check out an attacker-specified commit, and to obtain information about the existence of jobs configured with this Git repository. Additionally, this webhook endpoint does not require POST requests, resulting in a cross-site request forgery (CSRF) vulnerability. Git Plugin 4.11.4 requires a `token` parameter which will act as an authentication for the webhook endpoint. While GET requests remain allowed, attackers would need to be able to provide a webhook token. For more information see [the plugin documentation](https://github.com/jenkinsci/git-plugin/#push-notification-from-repository).",
  "aliases": [
    "CVE-2022-36884"
  ],
  "modified": "2023-07-21T21:48:18.503189Z",
  "published": "2022-07-28T00:00:43Z",
  "database_specific": {
    "nvd_published_at": "2022-07-27T15:15:00Z",
    "cwe_ids": [
      "CWE-200",
      "CWE-306"
    ],
    "severity": "MODERATE",
    "github_reviewed": true,
    "github_reviewed_at": "2022-08-10T18:28:37Z"
  },
  "references": [
    {
      "type": "ADVISORY",
      "url": "https://nvd.nist.gov/vuln/detail/CVE-2022-36884"
    },
    {
      "type": "WEB",
      "url": "https://www.jenkins.io/security/advisory/2022-07-27/#SECURITY-284"
    },
    {
      "type": "PACKAGE",
      "url": "CVSS:3.1/AV:N/AC:L/PR:N/UI:N/S:U/C:L/I:L/A:N"
    },
    {
      "type": "WEB",
      "url": "http://www.openwall.com/lists/oss-security/2022/07/27/1"
    }
  ],
  "affected": [
    {
      "package": {
        "name": "org.jenkins-ci.plugins:git",
        "ecosystem": "Maven",
        "purl": "pkg:maven/org.jenkins-ci.plugins/git"
      },
      "ranges": [
        {
          "type": "ECOSYSTEM",
          "events": [
            {
              "introduced": "0"
            },
            {
              "fixed": "4.11.4"
            }
          ]
        }
      ],
      "versions": [
        "1.2.0",
        "1.3.0",
        "1.4.0",
        "1.5.0",
        "1.6.0-beta-1",
        "2.0",
        "2.0-beta-2",
        "2.0-beta-3",
        "2.0.1",
        "2.0.2",
        "2.0.3",
        "2.0.4",
        "2.1.0",
        "2.2.0",
        "2.2.1",
        "2.2.10",
        "2.2.11",
        "2.2.12",
        "2.2.2",
        "2.2.3",
        "2.2.4",
        "2.2.5",
        "2.2.6",
        "2.2.7",
        "2.2.8",
        "2.2.9",
        "2.3",
        "2.3-beta-1",
        "2.3-beta-2",
        "2.3-beta-3",
        "2.3-beta-4",
        "2.3.1",
        "2.3.2",
        "2.3.3",
        "2.3.4",
        "2.3.5",
        "2.4.0",
        "2.4.1",
        "2.4.2",
        "2.4.3",
        "2.4.4",
        "2.5.0",
        "2.5.0-beta1",
        "2.5.0-beta2",
        "2.5.0-beta3",
        "2.5.0-beta4",
        "2.5.0-beta5",
        "2.5.1",
        "2.5.2",
        "2.5.3",
        "2.6.0",
        "2.6.1",
        "2.6.2",
        "2.6.2-beta-1",
        "2.6.2-beta-2",
        "2.6.4",
        "2.6.5",
        "3.0.0",
        "3.0.0-beta1",
        "3.0.0-beta2",
        "3.0.1",
        "3.0.2",
        "3.0.2-beta-1",
        "3.0.2-beta-2",
        "3.0.3",
        "3.0.4",
        "3.0.5",
        "3.1.0",
        "3.10.0",
        "3.10.0-beta-1",
        "3.10.0.1",
        "3.10.1",
        "3.11.0",
        "3.12.0",
        "3.12.1",
        "3.12.2",
        "3.2.0",
        "3.3.0",
        "3.3.1",
        "3.3.2",
        "3.4.0",
        "3.4.0-alpha-1",
        "3.4.0-alpha-4",
        "3.4.0-beta-1",
        "3.4.0-beta-2",
        "3.4.1",
        "3.5.0",
        "3.5.1",
        "3.6.0",
        "3.6.1",
        "3.6.2",
        "3.6.3",
        "3.6.4",
        "3.7.0",
        "3.8.0",
        "3.9.0",
        "3.9.1",
        "3.9.2",
        "3.9.3",
        "3.9.4",
        "4.0.0",
        "4.0.0-beta1",
        "4.0.0-beta10",
        "4.0.0-beta11",
        "4.0.0-beta12",
        "4.0.0-beta2",
        "4.0.0-beta3",
        "4.0.0-beta4",
        "4.0.0-beta7",
        "4.0.0-beta8",
        "4.0.0-beta9",
        "4.0.0-rc",
        "4.0.1",
        "4.1.0",
        "4.1.0-beta",
        "4.1.1",
        "4.10.0",
        "4.10.1",
        "4.10.2",
        "4.10.3",
        "4.11.0",
        "4.11.1",
        "4.11.2",
        "4.11.3",
        "4.2.0",
        "4.2.1",
        "4.2.2",
        "4.3.0",
        "4.3.1",
        "4.4.0",
        "4.4.1",
        "4.4.2",
        "4.4.3",
        "4.4.4",
        "4.4.5",
        "4.5.0",
        "4.5.1",
        "4.5.2",
        "4.6.0",
        "4.7.0",
        "4.7.1",
        "4.7.1.1",
        "4.7.2",
        "4.8.0",
        "4.8.1",
        "4.8.2",
        "4.8.3",
        "4.9.0",
        "4.9.1",
        "4.9.2",
        "4.9.3",
        "4.9.4"
      ],
      "database_specific": {
        "last_known_affected_version_range": "<= 4.11.3",
        "source": "https://github.com/github/advisory-database/blob/main/advisories/github-reviewed/2022/07/GHSA-449w-c77c-vmf6/GHSA-449w-c77c-vmf6.json"
      }
    }
  ],
  "schema_version": "1.4.0",
  "severity": [
    {
      "type": "CVSS_V3",
      "score": "CVSS:3.1/AV:N/AC:L/PR:N/UI:N/S:U/C:L/I:N/A:N"
    }
  ]
}