{
  "id": "GHSA-39r3-h8q6-2phq",
  "summary": "Reflected Cross site scripting in Jenkins Embeddable Build Status Plugin",
  "details": "Jenkins Embeddable Build Status Plugin 2.0.3 allows specifying a 'link' query parameter that build status badges will link to, without restricting possible values, resulting in a reflected cross-site scripting (XSS) vulnerability.\n\nEmbeddable Build Status Plugin 2.0.4 limits URLs to `http` and `https` protocols and correctly escapes the provided value.",
  "aliases": [
    "CVE-2022-34178"
  ],
  "modified": "2023-04-11T01:31:17.257654Z",
  "published": "2022-06-24T00:00:31Z",
  "database_specific": {
    "nvd_published_at": "2022-06-23T17:15:00Z",
    "github_reviewed_at": "2022-07-05T22:59:54Z",
    "severity": "HIGH",
    "github_reviewed": true,
    "cwe_ids": [
      "CWE-79"
    ]
  },
  "references": [
    {
      "type": "ADVISORY",
      "url": "https://nvd.nist.gov/vuln/detail/CVE-2022-34178"
    },
    {
      "type": "WEB",
      "url": "https://github.com/jenkinsci/embeddable-build-status-plugin/commit/0fc4a199506328b08dcd0aca572a2ca79ca38714"
    },
    {
      "type": "PACKAGE",
      "url": "https://github.com/jenkinsci/embeddable-build-status-plugin"
    },
    {
      "type": "WEB",
      "url": "https://www.jenkins.io/security/advisory/2022-06-22/#SECURITY-2567"
    }
  ],
  "affected": [
    {
      "package": {
        "name": "org.jenkins-ci.plugins:embeddable-build-status",
        "ecosystem": "Maven",
        "purl": "pkg:maven/org.jenkins-ci.plugins/embeddable-build-status"
      },
      "ranges": [
        {
          "type": "ECOSYSTEM",
          "events": [
            {
              "introduced": "0"
            },
            {
              "fixed": "2.0.4"
            }
          ]
        }
      ],
      "versions": [
        "$%7Brevision%7D231.v678984136a_0b_",
        "1.0",
        "1.1",
        "1.2",
        "1.3",
        "1.4",
        "1.5",
        "1.6",
        "1.7",
        "1.8",
        "1.9",
        "2.0",
        "2.0-beta1",
        "2.0-beta2",
        "2.0.1",
        "2.0.2",
        "2.0.3"
      ],
      "database_specific": {
        "source": "https://github.com/github/advisory-database/blob/main/advisories/github-reviewed/2022/06/GHSA-39r3-h8q6-2phq/GHSA-39r3-h8q6-2phq.json"
      }
    }
  ],
  "schema_version": "1.4.0",
  "severity": [
    {
      "type": "CVSS_V3",
      "score": "CVSS:3.1/AV:N/AC:L/PR:N/UI:R/S:U/C:H/I:H/A:H"
    }
  ]
}