{
  "id": "GHSA-2wf5-4mf7-vmh3",
  "summary": "CSRF vulnerability in Jenkins Active Directory Plugin",
  "details": "Active Directory Plugin 2.19 and earlier does not require POST requests for multiple HTTP endpoints implementing connection and authentication tests, resulting in cross-site request forgery (CSRF) vulnerabilities.\n\nThis vulnerability allows attackers to perform connection tests, connecting to attacker-specified or previously configured Active Directory servers using attacker-specified credentials.\n\nActive Directory Plugin 2.20 requires POST requests for the affected HTTP endpoints.",
  "aliases": [
    "CVE-2020-2303"
  ],
  "modified": "2023-04-11T01:24:55.140687Z",
  "published": "2022-05-24T17:33:07Z",
  "database_specific": {
    "nvd_published_at": "2020-11-04T15:15:00Z",
    "github_reviewed_at": "2022-12-21T19:36:47Z",
    "severity": "MODERATE",
    "github_reviewed": true,
    "cwe_ids": [
      "CWE-352"
    ]
  },
  "references": [
    {
      "type": "ADVISORY",
      "url": "https://nvd.nist.gov/vuln/detail/CVE-2020-2303"
    },
    {
      "type": "PACKAGE",
      "url": "https://github.com/jenkinsci/active-directory-plugin"
    },
    {
      "type": "WEB",
      "url": "https://www.jenkins.io/security/advisory/2020-11-04/#SECURITY-2126"
    },
    {
      "type": "WEB",
      "url": "http://www.openwall.com/lists/oss-security/2020/11/04/6"
    }
  ],
  "affected": [
    {
      "package": {
        "name": "org.jenkins-ci.plugins:active-directory",
        "ecosystem": "Maven",
        "purl": "pkg:maven/org.jenkins-ci.plugins/active-directory"
      },
      "ranges": [
        {
          "type": "ECOSYSTEM",
          "events": [
            {
              "introduced": "0"
            },
            {
              "fixed": "2.20"
            }
          ]
        }
      ],
      "versions": [
        "1.18",
        "1.19",
        "1.20",
        "1.21",
        "1.22",
        "1.23",
        "1.24",
        "1.25",
        "1.26",
        "1.27",
        "1.28",
        "1.29",
        "1.30",
        "1.31",
        "1.32",
        "1.33",
        "1.34",
        "1.35",
        "1.36",
        "1.37",
        "1.38",
        "1.39",
        "1.41",
        "1.42",
        "1.43",
        "1.44",
        "1.45",
        "1.46",
        "1.47",
        "1.48",
        "1.49",
        "2.0",
        "2.1",
        "2.10",
        "2.11",
        "2.12",
        "2.13",
        "2.14",
        "2.15",
        "2.16",
        "2.16.1",
        "2.17",
        "2.18",
        "2.19",
        "2.2",
        "2.3",
        "2.4",
        "2.5",
        "2.6",
        "2.7",
        "2.8",
        "2.9"
      ],
      "database_specific": {
        "source": "https://github.com/github/advisory-database/blob/main/advisories/github-reviewed/2022/05/GHSA-2wf5-4mf7-vmh3/GHSA-2wf5-4mf7-vmh3.json"
      }
    }
  ],
  "schema_version": "1.4.0",
  "severity": [
    {
      "type": "CVSS_V3",
      "score": "CVSS:3.1/AV:N/AC:L/PR:N/UI:R/S:U/C:N/I:L/A:N"
    }
  ]
}