{
  "id": "GHSA-2cfc-865j-gm4w",
  "summary": "XML External Entity Reference in detekt",
  "details": "Improper Restriction of XML External Entity Reference in GitHub repository detekt/detekt prior to 1.20.0.",
  "aliases": [
    "CVE-2022-0272"
  ],
  "modified": "2023-04-11T01:30:56.274784Z",
  "published": "2022-04-22T00:00:36Z",
  "database_specific": {
    "nvd_published_at": "2022-04-21T17:15:00Z",
    "github_reviewed_at": "2022-04-26T13:03:16Z",
    "severity": "HIGH",
    "github_reviewed": true,
    "cwe_ids": [
      "CWE-611"
    ]
  },
  "references": [
    {
      "type": "ADVISORY",
      "url": "https://nvd.nist.gov/vuln/detail/CVE-2022-0272"
    },
    {
      "type": "WEB",
      "url": "https://github.com/detekt/detekt/commit/c965a8d2a6bbdb9bcfc6acfa7bbffd3da81f5395"
    },
    {
      "type": "PACKAGE",
      "url": "https://github.com/detekt/detekt"
    },
    {
      "type": "WEB",
      "url": "https://huntr.dev/bounties/23e37ba7-96d5-4037-a90a-8c8f4a70ce44"
    }
  ],
  "affected": [
    {
      "package": {
        "name": "io.gitlab.arturbosch.detekt:detekt-core",
        "ecosystem": "Maven",
        "purl": "pkg:maven/io.gitlab.arturbosch.detekt/detekt-core"
      },
      "ranges": [
        {
          "type": "ECOSYSTEM",
          "events": [
            {
              "introduced": "0"
            },
            {
              "fixed": "1.20.0"
            }
          ]
        }
      ],
      "versions": [
        "1.0.0",
        "1.0.0-RC10",
        "1.0.0-RC11",
        "1.0.0-RC13",
        "1.0.0-RC14",
        "1.0.0-RC15",
        "1.0.0-RC16",
        "1.0.0-gradle-rework-beta1",
        "1.0.0-gradle-rework-beta2",
        "1.0.0-gradle-rework-beta3",
        "1.0.0.RC7-3",
        "1.0.0.RC8",
        "1.0.0.RC8-beta",
        "1.0.0.RC9.2",
        "1.0.1",
        "1.1.0",
        "1.1.1",
        "1.10.0",
        "1.10.0-RC1",
        "1.11.0",
        "1.11.0-RC1",
        "1.11.0-RC2",
        "1.11.1",
        "1.11.2",
        "1.12.0",
        "1.12.0-RC1",
        "1.13.1",
        "1.14.0",
        "1.14.1",
        "1.14.2",
        "1.15.0",
        "1.15.0-RC1",
        "1.15.0-RC2",
        "1.16.0",
        "1.16.0-RC1",
        "1.16.0-RC2",
        "1.16.0-RC3",
        "1.17.0",
        "1.17.0-RC1",
        "1.17.0-RC2",
        "1.17.0-RC3",
        "1.17.1",
        "1.18.0",
        "1.18.0-RC1",
        "1.18.0-RC2",
        "1.18.0-RC3",
        "1.18.1",
        "1.19.0",
        "1.19.0-RC1",
        "1.19.0-RC2",
        "1.2.0",
        "1.2.1",
        "1.2.2",
        "1.20.0-RC1",
        "1.20.0-RC2",
        "1.3.0",
        "1.3.1",
        "1.4.0",
        "1.5.0",
        "1.5.1",
        "1.6.0",
        "1.7.0",
        "1.7.0-beta2",
        "1.7.1",
        "1.7.2",
        "1.7.3",
        "1.7.4",
        "1.8.0",
        "1.9.0",
        "1.9.1"
      ],
      "database_specific": {
        "source": "https://github.com/github/advisory-database/blob/main/advisories/github-reviewed/2022/04/GHSA-2cfc-865j-gm4w/GHSA-2cfc-865j-gm4w.json"
      }
    }
  ],
  "schema_version": "1.4.0",
  "severity": [
    {
      "type": "CVSS_V3",
      "score": "CVSS:3.0/AV:N/AC:L/PR:N/UI:N/S:U/C:L/I:L/A:L"
    }
  ]
}