{
  "id": "GHSA-3hw2-h67c-wq66",
  "summary": "Uncontrolled Recursion in Akka HTTP",
  "details": "Akka HTTP 10.1.x and 10.2.x before 10.2.7 can encounter stack exhaustion while parsing HTTP headers, which allows a remote attacker to conduct a Denial of Service attack by sending a User-Agent header with deeply nested comments.",
  "aliases": [
    "CVE-2021-42697"
  ],
  "modified": "2022-06-21T20:08:40Z",
  "published": "2022-05-24T19:19:40Z",
  "database_specific": {
    "nvd_published_at": "2021-11-02T22:15:00Z",
    "github_reviewed_at": "2022-06-21T20:08:40Z",
    "severity": "HIGH",
    "github_reviewed": true,
    "cwe_ids": [
      "CWE-674",
      "CWE-787"
    ]
  },
  "references": [
    {
      "type": "ADVISORY",
      "url": "https://nvd.nist.gov/vuln/detail/CVE-2021-42697"
    },
    {
      "type": "WEB",
      "url": "https://akka.io/blog/"
    },
    {
      "type": "WEB",
      "url": "https://akka.io/blog/news/2021/11/02/akka-http-10.2.7-released"
    },
    {
      "type": "WEB",
      "url": "https://akka.io/blog/news/2021/11/22/akka-http-10.1.15-released"
    },
    {
      "type": "WEB",
      "url": "https://doc.akka.io/docs/akka-http/current/security/2021-CVE-2021-42697-stack-overflow-parsing-user-agent.html"
    },
    {
      "type": "PACKAGE",
      "url": "https://github.com/akka/akka-http"
    },
    {
      "type": "WEB",
      "url": "http://packetstormsecurity.com/files/167018/Akka-HTTP-10.1.14-Denial-Of-Service.html"
    }
  ],
  "affected": [
    {
      "package": {
        "name": "com.typesafe.akka:akka-http",
        "ecosystem": "Maven",
        "purl": "pkg:maven/com.typesafe.akka/akka-http"
      },
      "ranges": [
        {
          "type": "ECOSYSTEM",
          "events": [
            {
              "introduced": "10.1.0"
            },
            {
              "fixed": "10.2.7"
            }
          ]
        }
      ],
      "database_specific": {
        "last_known_affected_version_range": "<= 10.2.6",
        "source": "https://github.com/github/advisory-database/blob/main/advisories/github-reviewed/2022/05/GHSA-3hw2-h67c-wq66/GHSA-3hw2-h67c-wq66.json"
      },
      "versions": []
    }
  ],
  "schema_version": "1.4.0",
  "severity": [
    {
      "type": "CVSS_V3",
      "score": "CVSS:3.1/AV:N/AC:L/PR:N/UI:N/S:U/C:N/I:N/A:H"
    }
  ]
}