{
  "id": "GHSA-2phq-ghf8-6586",
  "summary": "Jenkins Snow Commander Plugin prior to 2.0 vulnerable to Missing Authorization",
  "details": "Snow Commander Plugin 1.10 and earlier does not perform permission checks in methods implementing form validation.\n\nThis allows attackers with Overall/Read permission to connect to an attacker-specified webserver using attacker-specified credentials IDs obtained through another method, capturing credentials stored in Jenkins.\n\nAdditionally, these form validation methods do not require POST requests, resulting in a cross-site request forgery (CSRF) vulnerability.",
  "aliases": [
    "CVE-2022-25193"
  ],
  "modified": "2023-04-11T01:19:00.610421Z",
  "published": "2022-02-16T00:01:24Z",
  "database_specific": {
    "nvd_published_at": "2022-02-15T17:15:00Z",
    "github_reviewed_at": "2022-07-15T18:26:21Z",
    "severity": "MODERATE",
    "github_reviewed": true,
    "cwe_ids": [
      "CWE-862"
    ]
  },
  "references": [
    {
      "type": "ADVISORY",
      "url": "https://nvd.nist.gov/vuln/detail/CVE-2022-25193"
    },
    {
      "type": "PACKAGE",
      "url": "https://github.com/jenkinsci/snowsoftware-commander-plugin"
    },
    {
      "type": "WEB",
      "url": "https://www.jenkins.io/security/advisory/2022-02-15/#SECURITY-2536"
    }
  ],
  "affected": [
    {
      "package": {
        "name": "io.jenkins.plugins:embotics-vcommander",
        "ecosystem": "Maven",
        "purl": "pkg:maven/io.jenkins.plugins/embotics-vcommander"
      },
      "ranges": [
        {
          "type": "ECOSYSTEM",
          "events": [
            {
              "introduced": "0"
            },
            {
              "fixed": "2.0"
            }
          ]
        }
      ],
      "versions": [
        "1.10",
        "1.2",
        "1.3",
        "1.4",
        "1.5",
        "1.6",
        "1.7",
        "1.8",
        "1.9"
      ],
      "database_specific": {
        "source": "https://github.com/github/advisory-database/blob/main/advisories/github-reviewed/2022/02/GHSA-2phq-ghf8-6586/GHSA-2phq-ghf8-6586.json"
      }
    }
  ],
  "schema_version": "1.4.0",
  "severity": [
    {
      "type": "CVSS_V3",
      "score": "CVSS:3.1/AV:N/AC:L/PR:L/UI:N/S:U/C:L/I:L/A:N"
    }
  ]
}