{
  "id": "GHSA-24hp-84jp-8wgm",
  "summary": "Cross-Site Request Forgery in Jenkins Cluster Statistics Plugin",
  "details": "A cross-site request forgery (CSRF) vulnerability in Jenkins Cluster Statistics Plugin 0.4.6 and earlier allows attackers to delete recorded Jenkins Cluster Statistics.",
  "aliases": [
    "CVE-2022-45398"
  ],
  "modified": "2023-04-11T01:25:34.934234Z",
  "published": "2022-11-16T12:00:23Z",
  "database_specific": {
    "nvd_published_at": "2022-11-15T20:15:00Z",
    "github_reviewed_at": "2022-11-21T22:25:59Z",
    "severity": "MODERATE",
    "github_reviewed": true,
    "cwe_ids": [
      "CWE-352"
    ]
  },
  "references": [
    {
      "type": "ADVISORY",
      "url": "https://nvd.nist.gov/vuln/detail/CVE-2022-45398"
    },
    {
      "type": "PACKAGE",
      "url": "https://github.com/jenkinsci/cluster-stats-plugin"
    },
    {
      "type": "WEB",
      "url": "https://www.jenkins.io/security/advisory/2022-11-15/#SECURITY-2938"
    }
  ],
  "affected": [
    {
      "package": {
        "name": "org.zeroturnaround:cluster-stats",
        "ecosystem": "Maven",
        "purl": "pkg:maven/org.zeroturnaround/cluster-stats"
      },
      "ranges": [
        {
          "type": "ECOSYSTEM",
          "events": [
            {
              "introduced": "0"
            },
            {
              "last_affected": "0.4.6"
            }
          ]
        }
      ],
      "versions": [
        "0.3",
        "0.4",
        "0.4.1",
        "0.4.2",
        "0.4.3",
        "0.4.4",
        "0.4.5",
        "0.4.6"
      ],
      "database_specific": {
        "source": "https://github.com/github/advisory-database/blob/main/advisories/github-reviewed/2022/11/GHSA-24hp-84jp-8wgm/GHSA-24hp-84jp-8wgm.json"
      }
    }
  ],
  "schema_version": "1.4.0",
  "severity": [
    {
      "type": "CVSS_V3",
      "score": "CVSS:3.1/AV:N/AC:L/PR:L/UI:N/S:U/C:N/I:L/A:N"
    }
  ]
}