{
  "id": "GHSA-38hw-368m-7jmg",
  "summary": "Jenkins Ansible Plugin stores and displays secrets in plain text",
  "details": "Jenkins Ansible Plugin allows the specification of extra variables that can be passed to Ansible. These extra variables are commonly used to pass secrets.\n\nAnsible Plugin 204.v8191fd551eb_f and earlier stores these extra variables unencrypted in job config.xml files on the Jenkins controller as part of its configuration.\n\nThese extra variables can be viewed by users with Item/Extended Read permission or access to the Jenkins controller file system.\n\nAdditionally, the job configuration form does not mask these extra variables, increasing the potential for attackers to observe and capture them.\n\nAnsible Plugin 205.v4cb_c48657c21 masks extra variables displayed on the configuration form, and stores them encrypted once job configurations are saved again.",
  "aliases": [
    "CVE-2023-32982"
  ],
  "modified": "2023-05-25T17:04:27.483257Z",
  "published": "2023-05-16T18:30:16Z",
  "database_specific": {
    "nvd_published_at": null,
    "cwe_ids": [
      "CWE-311"
    ],
    "severity": "MODERATE",
    "github_reviewed": true,
    "github_reviewed_at": "2023-05-17T03:05:51Z"
  },
  "references": [
    {
      "type": "ADVISORY",
      "url": "https://nvd.nist.gov/vuln/detail/CVE-2023-32982"
    },
    {
      "type": "WEB",
      "url": "https://www.jenkins.io/security/advisory/2023-05-16/#SECURITY-3017"
    }
  ],
  "affected": [
    {
      "package": {
        "name": "org.jenkins-ci.plugins:ansible",
        "ecosystem": "Maven",
        "purl": "pkg:maven/org.jenkins-ci.plugins/ansible"
      },
      "ranges": [
        {
          "type": "ECOSYSTEM",
          "events": [
            {
              "introduced": "0"
            },
            {
              "fixed": "205.v4cb"
            }
          ]
        }
      ],
      "versions": [
        "0.1",
        "0.2",
        "0.3",
        "0.3.1",
        "0.4",
        "0.5",
        "0.6.1",
        "0.6.2",
        "0.8",
        "1.0",
        "1.1",
        "146.v431a_a_39d472d",
        "148.v6b_13c6de3a_47",
        "174.vfd5323d2b_9d8",
        "204.v8191fd551eb_f"
      ],
      "database_specific": {
        "source": "https://github.com/github/advisory-database/blob/main/advisories/github-reviewed/2023/05/GHSA-38hw-368m-7jmg/GHSA-38hw-368m-7jmg.json"
      }
    }
  ],
  "schema_version": "1.4.0",
  "severity": [
    {
      "type": "CVSS_V3",
      "score": "CVSS:3.1/AV:N/AC:L/PR:L/UI:N/S:U/C:L/I:N/A:N"
    }
  ]
}