{
  "id": "GHSA-3p86-xgrq-m6p6",
  "summary": "Improper Neutralization of Input During Web Page Generation in Apache Tomcat",
  "details": "Multiple cross-site scripting (XSS) vulnerabilities in the HTML Manager Interface in Apache Tomcat 5.5 before 5.5.32, 6.0 before 6.0.30, and 7.0 before 7.0.6 allow remote attackers to inject arbitrary web script or HTML, as demonstrated via the display-name tag.",
  "aliases": [
    "CVE-2011-0013"
  ],
  "modified": "2023-02-02T17:13:52Z",
  "published": "2022-05-03T03:25:09Z",
  "database_specific": {
    "nvd_published_at": "2011-02-19T01:00:00Z",
    "github_reviewed_at": "2022-07-13T17:10:43Z",
    "severity": "MODERATE",
    "github_reviewed": true,
    "cwe_ids": [
      "CWE-79"
    ]
  },
  "references": [
    {
      "type": "ADVISORY",
      "url": "https://nvd.nist.gov/vuln/detail/CVE-2011-0013"
    },
    {
      "type": "WEB",
      "url": "https://access.redhat.com/errata/RHSA-2011:0791"
    },
    {
      "type": "WEB",
      "url": "https://access.redhat.com/errata/RHSA-2011:0896"
    },
    {
      "type": "WEB",
      "url": "https://access.redhat.com/errata/RHSA-2011:0897"
    },
    {
      "type": "WEB",
      "url": "https://access.redhat.com/errata/RHSA-2011:1845"
    },
    {
      "type": "WEB",
      "url": "https://access.redhat.com/security/cve/CVE-2011-0013"
    },
    {
      "type": "WEB",
      "url": "https://bugzilla.redhat.com/show_bug.cgi?id=675786"
    },
    {
      "type": "PACKAGE",
      "url": "https://github.com/apache/tomcat"
    },
    {
      "type": "WEB",
      "url": "https://lists.apache.org/thread.html/06cfb634bc7bf37af7d8f760f118018746ad8efbd519c4b789ac9c2e%40%3Cdev.tomcat.apache.org%3E"
    },
    {
      "type": "WEB",
      "url": "https://lists.apache.org/thread.html/06cfb634bc7bf37af7d8f760f118018746ad8efbd519c4b789ac9c2e@%3Cdev.tomcat.apache.org%3E"
    },
    {
      "type": "WEB",
      "url": "https://lists.apache.org/thread.html/8dcaf7c3894d66cb717646ea1504ea6e300021c85bb4e677dc16b1aa%40%3Cdev.tomcat.apache.org%3E"
    },
    {
      "type": "WEB",
      "url": "https://lists.apache.org/thread.html/8dcaf7c3894d66cb717646ea1504ea6e300021c85bb4e677dc16b1aa@%3Cdev.tomcat.apache.org%3E"
    },
    {
      "type": "WEB",
      "url": "https://lists.apache.org/thread.html/r3aacc40356defc3f248aa504b1e48e819dd0471a0a83349080c6bcbf%40%3Cdev.tomcat.apache.org%3E"
    },
    {
      "type": "WEB",
      "url": "https://lists.apache.org/thread.html/r3aacc40356defc3f248aa504b1e48e819dd0471a0a83349080c6bcbf@%3Cdev.tomcat.apache.org%3E"
    },
    {
      "type": "WEB",
      "url": "https://lists.apache.org/thread.html/r584a714f141eff7b1c358d4679288177bd4ca4558e9999d15867d4b5%40%3Cdev.tomcat.apache.org%3E"
    },
    {
      "type": "WEB",
      "url": "https://lists.apache.org/thread.html/r584a714f141eff7b1c358d4679288177bd4ca4558e9999d15867d4b5@%3Cdev.tomcat.apache.org%3E"
    },
    {
      "type": "WEB",
      "url": "https://oval.cisecurity.org/repository/search/definition/oval%3Aorg.mitre.oval%3Adef%3A12878"
    },
    {
      "type": "WEB",
      "url": "https://oval.cisecurity.org/repository/search/definition/oval%3Aorg.mitre.oval%3Adef%3A14945"
    },
    {
      "type": "WEB",
      "url": "https://oval.cisecurity.org/repository/search/definition/oval%3Aorg.mitre.oval%3Adef%3A19269"
    },
    {
      "type": "WEB",
      "url": "http://lists.apple.com/archives/Security-announce/2011//Oct/msg00003.html"
    },
    {
      "type": "WEB",
      "url": "http://lists.opensuse.org/opensuse-security-announce/2011-04/msg00000.html"
    },
    {
      "type": "WEB",
      "url": "http://marc.info/?l=bugtraq&m=130168502603566&w=2"
    },
    {
      "type": "WEB",
      "url": "http://marc.info/?l=bugtraq&m=132215163318824&w=2"
    },
    {
      "type": "WEB",
      "url": "http://marc.info/?l=bugtraq&m=136485229118404&w=2"
    },
    {
      "type": "WEB",
      "url": "http://marc.info/?l=bugtraq&m=139344343412337&w=2"
    },
    {
      "type": "WEB",
      "url": "http://secunia.com/advisories/43192"
    },
    {
      "type": "WEB",
      "url": "http://secunia.com/advisories/45022"
    },
    {
      "type": "WEB",
      "url": "http://secunia.com/advisories/57126"
    },
    {
      "type": "WEB",
      "url": "http://securityreason.com/securityalert/8093"
    },
    {
      "type": "WEB",
      "url": "http://support.apple.com/kb/HT5002"
    },
    {
      "type": "WEB",
      "url": "http://support.novell.com/docs/Readmes/InfoDocument/patchbuilder/readme_5098550.html"
    },
    {
      "type": "WEB",
      "url": "http://tomcat.apache.org/security-5.html#Fixed_in_Apache_Tomcat_5.5.32"
    },
    {
      "type": "WEB",
      "url": "http://tomcat.apache.org/security-6.html#Fixed_in_Apache_Tomcat_6.0.30"
    },
    {
      "type": "WEB",
      "url": "http://tomcat.apache.org/security-7.html#Fixed_in_Apache_Tomcat_7.0.6_%28released_14_Jan_2011%29"
    },
    {
      "type": "WEB",
      "url": "http://tomcat.apache.org/security-7.html#Fixed_in_Apache_Tomcat_7.0.6_(released_14_Jan_2011)"
    },
    {
      "type": "WEB",
      "url": "http://www.debian.org/security/2011/dsa-2160"
    },
    {
      "type": "WEB",
      "url": "http://www.mandriva.com/security/advisories?name=MDVSA-2011:030"
    },
    {
      "type": "WEB",
      "url": "http://www.redhat.com/support/errata/RHSA-2011-0791.html"
    },
    {
      "type": "WEB",
      "url": "http://www.redhat.com/support/errata/RHSA-2011-0896.html"
    },
    {
      "type": "WEB",
      "url": "http://www.redhat.com/support/errata/RHSA-2011-0897.html"
    },
    {
      "type": "WEB",
      "url": "http://www.redhat.com/support/errata/RHSA-2011-1845.html"
    },
    {
      "type": "WEB",
      "url": "http://www.securityfocus.com/archive/1/516209/30/90/threaded"
    },
    {
      "type": "WEB",
      "url": "http://www.securityfocus.com/bid/46174"
    },
    {
      "type": "WEB",
      "url": "http://www.securitytracker.com/id?1025026"
    },
    {
      "type": "WEB",
      "url": "http://www.vupen.com/english/advisories/2011/0376"
    }
  ],
  "affected": [
    {
      "package": {
        "name": "org.apache.tomcat:tomcat",
        "ecosystem": "Maven",
        "purl": "pkg:maven/org.apache.tomcat/tomcat"
      },
      "ranges": [
        {
          "type": "ECOSYSTEM",
          "events": [
            {
              "introduced": "5.5.0"
            },
            {
              "fixed": "5.5.32"
            }
          ]
        }
      ],
      "database_specific": {
        "source": "https://github.com/github/advisory-database/blob/main/advisories/github-reviewed/2022/05/GHSA-3p86-xgrq-m6p6/GHSA-3p86-xgrq-m6p6.json"
      },
      "versions": []
    },
    {
      "package": {
        "name": "org.apache.tomcat:tomcat",
        "ecosystem": "Maven",
        "purl": "pkg:maven/org.apache.tomcat/tomcat"
      },
      "ranges": [
        {
          "type": "ECOSYSTEM",
          "events": [
            {
              "introduced": "6.0.0"
            },
            {
              "fixed": "6.0.30"
            }
          ]
        }
      ],
      "database_specific": {
        "source": "https://github.com/github/advisory-database/blob/main/advisories/github-reviewed/2022/05/GHSA-3p86-xgrq-m6p6/GHSA-3p86-xgrq-m6p6.json"
      },
      "versions": []
    },
    {
      "package": {
        "name": "org.apache.tomcat:tomcat",
        "ecosystem": "Maven",
        "purl": "pkg:maven/org.apache.tomcat/tomcat"
      },
      "ranges": [
        {
          "type": "ECOSYSTEM",
          "events": [
            {
              "introduced": "7.0.0"
            },
            {
              "fixed": "7.0.6"
            }
          ]
        }
      ],
      "database_specific": {
        "source": "https://github.com/github/advisory-database/blob/main/advisories/github-reviewed/2022/05/GHSA-3p86-xgrq-m6p6/GHSA-3p86-xgrq-m6p6.json"
      },
      "versions": []
    }
  ],
  "schema_version": "1.4.0"
}