{
  "id": "GHSA-4g29-r7vj-2rpv",
  "summary": "Jenkins Job Import Plugin allows attackers with Overall/Read permission to enumerate credentials IDs of credentials stored in Jenkins",
  "details": "Jenkins Job Import Plugin 3.5 and earlier does not perform a permission check in an HTTP endpoint, allowing attackers with Overall/Read permission to enumerate credentials IDs of credentials stored in Jenkins. An enumeration of credentials IDs in Job Import Plugin 3.6 requires Job Import/Import Jobs permission.",
  "aliases": [
    "CVE-2022-43413"
  ],
  "modified": "2023-04-11T01:41:52.291536Z",
  "published": "2022-10-19T19:00:22Z",
  "database_specific": {
    "nvd_published_at": "2022-10-19T16:15:00Z",
    "github_reviewed_at": "2022-10-19T22:24:06Z",
    "severity": "MODERATE",
    "github_reviewed": true,
    "cwe_ids": [
      "CWE-862"
    ]
  },
  "references": [
    {
      "type": "ADVISORY",
      "url": "https://nvd.nist.gov/vuln/detail/CVE-2022-43413"
    },
    {
      "type": "WEB",
      "url": "https://www.jenkins.io/security/advisory/2022-10-19/#SECURITY-2791"
    },
    {
      "type": "WEB",
      "url": "http://www.openwall.com/lists/oss-security/2022/10/19/3"
    }
  ],
  "affected": [
    {
      "package": {
        "name": "org.jenkins-ci.plugins:job-import-plugin",
        "ecosystem": "Maven",
        "purl": "pkg:maven/org.jenkins-ci.plugins/job-import-plugin"
      },
      "ranges": [
        {
          "type": "ECOSYSTEM",
          "events": [
            {
              "introduced": "0"
            },
            {
              "fixed": "3.6"
            }
          ]
        }
      ],
      "versions": [
        "1.0",
        "1.1",
        "1.2",
        "1.3",
        "1.3.1",
        "1.5",
        "1.6",
        "1.7",
        "1.8",
        "2.0",
        "2.1",
        "3.0",
        "3.1",
        "3.2",
        "3.3",
        "3.4",
        "3.5"
      ],
      "database_specific": {
        "last_known_affected_version_range": "<= 3.5",
        "source": "https://github.com/github/advisory-database/blob/main/advisories/github-reviewed/2022/10/GHSA-4g29-r7vj-2rpv/GHSA-4g29-r7vj-2rpv.json"
      }
    }
  ],
  "schema_version": "1.4.0",
  "severity": [
    {
      "type": "CVSS_V3",
      "score": "CVSS:3.1/AV:N/AC:L/PR:L/UI:N/S:U/C:L/I:N/A:N"
    }
  ]
}