{
  "id": "GHSA-393r-r9mq-g9jv",
  "summary": "Jenkins Configuration as Code Plugin vulnerable to Exposure of Sensitive Information",
  "details": "A exposure of sensitive information vulnerability exists in Jenkins Configuration as Code Plugin 0.7-alpha and earlier in ConfigurationAsCode.java that allows attackers with Overall/Read access to obtain the YAML export of the Jenkins configuration. Version 0.8-alpha contains a fix for this issue.",
  "aliases": [
    "CVE-2018-1000609"
  ],
  "modified": "2023-04-11T01:48:38.078236Z",
  "published": "2022-05-14T03:05:26Z",
  "database_specific": {
    "nvd_published_at": "2018-06-26T17:29:00Z",
    "github_reviewed_at": "2022-11-08T23:06:52Z",
    "severity": "MODERATE",
    "github_reviewed": true,
    "cwe_ids": [
      "CWE-200"
    ]
  },
  "references": [
    {
      "type": "ADVISORY",
      "url": "https://nvd.nist.gov/vuln/detail/CVE-2018-1000609"
    },
    {
      "type": "WEB",
      "url": "https://jenkins.io/security/advisory/2018-06-25/#SECURITY-927"
    }
  ],
  "affected": [
    {
      "package": {
        "name": "io.jenkins:configuration-as-code",
        "ecosystem": "Maven",
        "purl": "pkg:maven/io.jenkins/configuration-as-code"
      },
      "ranges": [
        {
          "type": "ECOSYSTEM",
          "events": [
            {
              "introduced": "0"
            },
            {
              "fixed": "0.8-alpha"
            }
          ]
        }
      ],
      "versions": [
        "0.6-alpha",
        "0.7-alpha"
      ],
      "database_specific": {
        "source": "https://github.com/github/advisory-database/blob/main/advisories/github-reviewed/2022/05/GHSA-393r-r9mq-g9jv/GHSA-393r-r9mq-g9jv.json"
      }
    }
  ],
  "schema_version": "1.4.0",
  "severity": [
    {
      "type": "CVSS_V3",
      "score": "CVSS:3.0/AV:N/AC:L/PR:L/UI:N/S:U/C:H/I:N/A:N"
    }
  ]
}