{
  "id": "GHSA-3mc7-4q67-w48m",
  "summary": "Uncontrolled Resource Consumption in snakeyaml",
  "details": "The package org.yaml:snakeyaml from 0 and before 1.31 are vulnerable to Denial of Service (DoS) due missing to nested depth limitation for collections.",
  "aliases": [
    "CVE-2022-25857"
  ],
  "modified": "2023-04-11T01:26:25.011148Z",
  "published": "2022-08-31T00:00:24Z",
  "database_specific": {
    "nvd_published_at": "2022-08-30T05:15:00Z",
    "github_reviewed_at": "2022-09-09T17:53:43Z",
    "severity": "HIGH",
    "github_reviewed": true,
    "cwe_ids": [
      "CWE-400"
    ]
  },
  "references": [
    {
      "type": "ADVISORY",
      "url": "https://nvd.nist.gov/vuln/detail/CVE-2022-25857"
    },
    {
      "type": "WEB",
      "url": "https://github.com/snakeyaml/snakeyaml/commit/fc300780da21f4bb92c148bc90257201220cf174"
    },
    {
      "type": "WEB",
      "url": "https://bitbucket.org/snakeyaml/snakeyaml/commits/fc300780da21f4bb92c148bc90257201220cf174"
    },
    {
      "type": "WEB",
      "url": "https://bitbucket.org/snakeyaml/snakeyaml/issues/525"
    },
    {
      "type": "PACKAGE",
      "url": "https://github.com/snakeyaml/snakeyaml"
    },
    {
      "type": "WEB",
      "url": "https://lists.debian.org/debian-lts-announce/2022/10/msg00001.html"
    },
    {
      "type": "WEB",
      "url": "https://security.snyk.io/vuln/SNYK-JAVA-ORGYAML-2806360"
    }
  ],
  "affected": [
    {
      "package": {
        "name": "org.yaml:snakeyaml",
        "ecosystem": "Maven",
        "purl": "pkg:maven/org.yaml/snakeyaml"
      },
      "ranges": [
        {
          "type": "ECOSYSTEM",
          "events": [
            {
              "introduced": "0"
            },
            {
              "fixed": "1.31"
            }
          ]
        }
      ],
      "versions": [
        "1.10",
        "1.11",
        "1.12",
        "1.13",
        "1.14",
        "1.15",
        "1.16",
        "1.17",
        "1.18",
        "1.19",
        "1.20",
        "1.21",
        "1.22",
        "1.23",
        "1.24",
        "1.25",
        "1.26",
        "1.27",
        "1.28",
        "1.29",
        "1.30",
        "1.4",
        "1.5",
        "1.6",
        "1.7",
        "1.8",
        "1.9"
      ],
      "database_specific": {
        "source": "https://github.com/github/advisory-database/blob/main/advisories/github-reviewed/2022/08/GHSA-3mc7-4q67-w48m/GHSA-3mc7-4q67-w48m.json"
      }
    }
  ],
  "schema_version": "1.4.0",
  "severity": [
    {
      "type": "CVSS_V3",
      "score": "CVSS:3.1/AV:N/AC:L/PR:N/UI:N/S:U/C:N/I:N/A:H"
    }
  ]
}